source_lang,target_lang,source_text,target_text
fr,ewo,"Nous nous posons tous des questions sur la vie, les souffrances, la mort ou l’avenir. Nous avons aussi des préoccupations liées à la vie de tous les jours : par exemple, comment combler les besoins matériels de notre famille et la rendre heureuse ? Beaucoup de personnes ont constaté que la Bible répond aux grandes questions de la vie, et qu’elle les aide aussi dans la vie de tous les jours. Et vous, pensez-vous que la Bible peut nous être utile ?","Bi bese bia kare sili minsili mia bebe énying, mindzug, awu, ngeki asu melu ma zu. Bia sang’en fe asu énying bia nying amos ose: ane akia afé bi ne dzali meyang’en ya nda bot dzaan ai na be nying a mebuguben. Abui bot a nga yen na Bibel a bele biyalen ya ngul minsili ya énying ai na a vòli bia asu énying dzaan ya mmos ose. Mfaa woé ye wò tsog na Bibel a ne wò dzam vòli ngaa?"
fr,ewo,"La Bible répond à ces questions importantes : Comment la vie est-elle apparue ? Pourquoi sommes-nous sur terre ? Pourquoi des innocents souffrent-ils ? Que se passe-t-il après la mort ? Alors que tout le monde veut vivre en paix, pourquoi y a-t-il autant de guerres ? Que va devenir la terre ? Il est normal de se poser ces questions. Et des millions de personnes ont trouvé que les réponses de la Bible sont convaincantes.","Bibel a yalen minsili mi: Éye énying é nga kèè ya? Amu dzé bi ne a si mu? Amu dzé mimbembe mibot mia toben ai mindzug? Dzé ya lot amvus awu mot? Mot ose a yi na a nying a mvòè, ve asu dzé bita bia nemen a si? Si ya yi veng’en dzé melu ma zu? É ne nfi na bi sili biabeben minsili mité. Abui a nga sòm biyalen ya minsili mité a Bibel."
fr,ewo,"La Bible contient d’excellents conseils. Par exemple, elle aide les familles à être vraiment heureuses. Elle donne des suggestions pour gérer son stress et pour trouver du plaisir dans son travail. Dans les pages qui suivent, vous découvrirez ce que la Bible enseigne sur ces sujets et sur bien d’autres. Vous constaterez certainement que ‘toute l’Écriture [c’est-à-dire tout ce que la Bible contient] peut vous être utile’ ( ).","Bibel a ve bia abeng melebega. Mvulna dzia é ne na, a vòli menda mebot na me tòbò a mintak. A ve fe melebega asu yi na te bia dang sang’en, ai akia afé bi ne bi mintak ésié dzaan. Ayègè di da yi bia vòli na bi bi biyalen Bibel a ve asu mam meté ai mam mefe fe. Bia yem na “ntilen ose [nala a tilen na é dzom ése é ne a Bibel] ya yi . . . wò bò nfi” ( )."
fr,ewo,"Cette publication vous encourage à étudier la Bible, mais elle ne la remplace pas. C’est pourquoi nous vous invitons à lire les versets indiqués dans les leçons et à les comparer avec ce que vous apprenez.","Nsò kalara wi wa yi wò vòli asu ayègè Bibel doé. Dzam da, a seki Bibel. Asu té ndò, bia banda wò na o lang bifus bi Bibel bise wò yi kòb a ayègè ase ai o yen fe akia ya bia toben ai é mam wò yègè."
fr,ewo,"Voyons comment la Bible a aidé des gens, ce que vous pouvez faire pour prendre plaisir à la lire, et pourquoi c’est plus facile de la comprendre quand quelqu’un nous aide.","Yene akia afé Bibel a nga vòli abui bot, dzé o ne dzam bò asu yi na o ding nyè lang, ai asu dzé a ne ébugubu ya wog éyòng mot a vòli wò."
fr,ewo,La Bible est comme une lampe puissante. Elle nous aide à prendre de bonnes décisions et elle nous éclaire sur ce que l’avenir nous réserve.,"Bibel a ne ane alamba la fiè abui. A vòli bia na bi nòng mimbembe mintsigen, a lerege fe bia mfiè asu melu ma zu."
fr,ewo,Lire et discuter de ces questions :,Lang’a ai yalen minsili mi tsaa mi:
fr,ewo,Qu’est-ce que le rédacteur de ce psaume pensait de la Bible ?,Akia afé ntil Salmen nyi a mbe yene Bibel?
fr,ewo,"Et vous, que pensez-vous de la Bible ?",Akia afé wò yen Bibel?
fr,ewo,Une femme a trouvé dans la Bible les réponses aux questions qu’elle se posait depuis de nombreuses années. Regarder la VIDÉO et discuter des questions qui suivent.,"Ai zen ya Bibel, mininga zing a nga bi biyalen ya minsili a mbe siligi émen abui mimbu ana. Bebege VIDÉO ai yalen minsili mi tsaa mi:"
fr,ewo,VIDÉO : Ne perdez jamais espoir ! (1:48),VIDÉO: Te mina dzèè afiri! (1:48)
fr,ewo,Quelles questions cette femme se posait-elle ?,"Ane vidéo a he lere, minsili mifé mininga té a mbe siligi émen?"
fr,ewo,Qu’est-ce que l’étude de la Bible lui a apporté ?,Akia afé ayègè Bibel a nga vòli nyè?
fr,ewo,La Bible nous encourage à poser des questions. Lire et discuter de cette question :,Bibel a tindi bia na bi sili biabeben minsili. Lang’a ai yalen a nsili hi:
fr,ewo,À quelles questions aimeriez-vous trouver les réponses dans la Bible ?,Minsili mifé wò yi na wò bi biyalen bia sò Bibel?
fr,ewo,Beaucoup de gens aiment lire la Bible. Ils disent que cela leur fait du bien. Regarder la VIDÉO et discuter des questions qui suivent.,Abui bot ba ding be lang’a Bibel ai ba nòng nfi été. Bebege VIDÉO ai yalen minsili mi tsaa mi:
fr,ewo,VIDÉO : Lire la Bible (2:05),VIDÉO: Nlang’en Bibel (2:05)
fr,ewo,Est-ce que les jeunes qui parlent dans cette vidéo aiment lire ?,"Ane é vidéo nyi a he lere, ye binanga bia ding nlang’en?"
fr,ewo,Mais pourquoi est-ce qu’ils aiment lire la Bible ?,Amu dzé bia ding lang Bibel?
fr,ewo,Les enseignements de la Bible nous consolent et nous donnent un espoir. Lire et discuter de cette question :,Minyegelen ya Bibel mia wono bia mi vaa fe bia ndi. Lang’a ai yalen a nsili hi:
fr,ewo,Avez-vous envie d’en savoir plus sur la consolation et l’espoir dont parle la Bible ?,Ye wò yi na wò yem ngaaga dzia ya Bibel a ya ve awono ai ndi?
fr,ewo,"Beaucoup aiment lire la Bible, mais ils trouvent utile aussi d’en parler avec d’autres personnes. Lire et discuter de cette question :","Abui da ding lang Bibel, veda ba yen fe nfi ya kat é bot bevòk é mam ba yègè. Lang’a ai yalen a nsili hi:"
fr,ewo,Comment pouvons-nous comprendre la Bible ? (voir les ).,Ai zen fé bi ne tuene wog Bibel?​—Bebege fe .
fr,ewo,"ON ENTEND PARFOIS : « Étudier la Bible, c’est perdre son temps. »",ABUI BOT DA DZO NA: “A yègè Bibel o ne édzèè abog.”
fr,ewo,"Et vous, qu’en pensez-vous ? Pourquoi ?","Mfaa woé, ntsogen woé o ne mbé? Ai amu dzé?"
fr,ewo,"La Bible contient de bons conseils pour la vie de tous les jours, elle répond aux grandes questions de la vie, elle nous console et nous donne un espoir.","Bibel a bele abeng melebega asu énying ya mmos ose, biyalen ya boro minsili, a vaa fe bia awono ai ndi."
fr,ewo,Quel genre de conseils trouve-t-on dans la Bible ?,Akia melebega afé bia kòb a Bibel?
fr,ewo,Citez quelques questions auxquelles la Bible répond.,Kan minsili mifé Bibel a yalen?
fr,ewo,Qu’aimeriez-vous apprendre grâce à la Bible ?,Dzé wò yi na wò yègè ai zen ya Bibel?
fr,ewo,Les conseils de la Bible sont toujours utiles aujourd’hui.,Melebega ya Bibel me ngene nfi asu daan melu ma.
fr,ewo,« Une sagesse à l’épreuve du temps » ( La Tour de Garde n o 1 2018),“Une sagesse à​—l’épreuve du temps” ( La Tour de Garde n° 1 2018)
fr,ewo,La Bible a aidé un homme qui éprouvait un profond mal-être depuis son enfance.,Bebege akia afé Bibel a nga vòli mot zing na a tséndé bebé mintsogen a mbe bele a kèèle mòngò.
fr,ewo,J’ai fini par être heureux (2:53),Me nga kèène tòbò mintak (2:53)
fr,ewo,Des conseils de la Bible pratiques pour les familles.,Bebege abeng melebega Bibel a ve asu menda mebot.
fr,ewo,« 12 clés du bonheur familial » ( Réveillez-vous ! n o 2 2018),“12 clés du bonheur familial” ( Réveillez-vous! n° 2 2018)
fr,ewo,Qui dirige vraiment le monde ? La Bible rectifie une idée fausse sur cette question.,Za a dzoé é si nyi? Bibel a yi wò ve mfang éyalen ya été a ya selen ai minnal abui bot ba tié.
fr,ewo,Pourquoi étudier la Bible ? (version longue) (3:14),Asu dzé bia yeane yègè Bibel?​—é vidéo é ne ayab (3:14)
fr,ewo,"L’homme éthiopien a eu besoin d’aide pour comprendre ce qu’il lisait. Aujourd’hui aussi, beaucoup trouvent utile de discuter de la Bible avec d’autres personnes.","Miak Étiopia a nga yang’en ai nvòlen asu yi na a wog é mam a lang’a. Melu maan ma, abui da yen nfi na bot befe be vòli bò a wog Bibel"
fr,ewo,"Partout dans le monde, les gens doivent gérer des situations qui les stressent ou qui les font souffrir. Avez-vous déjà connu ce genre de situations ? Peut-être êtes-vous malade, ou avez-vous perdu quelqu’un que vous aimez. Vous vous demandez sûrement : « Est-ce qu’un jour ça ira mieux ? » Dans la Bible, vous trouverez une réponse rassurante à cette question.","A si ése abui bot ba toben ai é mam ma bò na be tebe étié melunga, be sang’en abui ngeki na be bi mintié. Ye o tebeya akia étié té? Éyòng zing na é ne mbol wò kòn ngeki na ndinding woé mbòk a nga wu. O ne dzam sili wòmen na, ‘Ye ntsénden wa yi fò bò mmos zing?’ Bibel a ve éyalen ya wono bia a nsili té."
fr,ewo,"La Bible explique pourquoi le monde va si mal, mais elle annonce aussi une bonne nouvelle : tous nos problèmes vont bientôt disparaître. Les promesses de la Bible nous offrent « un avenir et un espoir » (lire ). Elles nous aident à affronter nos difficultés, à être positifs et à être vraiment heureux.","Bibel a timi bia amu dzé si é ne ndzalen ai abui mindzug, ve a kat fe bia mbembe dzam na Zamba a zu mana ai mindzug mité mise. Mengaaga ya Bibel “ma ve bia ndi asu melu ma zu” (Lang’a ). Ndi té ya vòli bia na bi dzibi mindzug ya melu ma, é vaa fe bia afiri na bia yi tòbò mintak kòm ya kòm."
fr,ewo,"La Bible dit que, bientôt, « la mort n’existera plus » et qu’ « il n’y aura plus ni deuil, ni cri, ni douleur » (lire ). Tous les problèmes qui nous empêchent d’être heureux, comme la pauvreté, les injustices, la maladie et la mort, n’existeront plus. La Bible promet que les humains connaîtront le bonheur de vivre pour toujours dans un paradis terrestre.","Bibel a dzo na melu ma zu “awu da yi ki fe bare bò ndò fe tegè meyeb nge ntat nge mintié” (Lang’a ). É mam mese ma bò na te bia bi mintak melu ma​—ane mebua, nkòt, okòn ai awu—bia yi ki fe bare bò. Bibel a ve ngaaga na bot ba yi tòbò mintak ya nying kòm ése a Paradis a si va."
fr,ewo,"Beaucoup de gens espèrent que l’avenir sera meilleur, mais ils n’ont aucune garantie que leur espoir va se concrétiser. Pour les promesses de la Bible, c’est différent : elles vont vraiment se réaliser. Pour en être convaincu, il faut ‘examiner soigneusement les Écritures’ ( ). Votre étude de la Bible vous permettra de savoir si vous pouvez croire ce qu’elle promet pour l’avenir.","Abui bot a bele ndi na melu ma zu ma yi tòbò mbeng, ve be bele ki é dzom ya lere bò na mam meté ma yi toben. Nselna a ne ai mengaaga ya Bibel amu ma yi fò toben. Bia yeane hm yemede afiri daan a mam Bibel a dzo “a tuene bindi mimfufub mintilen” ( ). Ayègè Bibel doé da yi wò vòli na o yem nge wò yi yebe mengaaga ma sò a Bibel asu melu ma zu."
fr,ewo,Découvrons à quoi ressemblera la vie quand les promesses de la Bible se réaliseront. Et voyons ce que l’espoir que donne la Bible peut nous apporter dès aujourd’hui.,Yene akia ya énying ya yi tòbò éyòng mengaaga ya Bibel ma yi toben. Yen fe akia afé é ndi Bibel a ve ya vòli abui bot melu ma.
fr,ewo,"Le tableau ci-dessous présente certaines promesses de la Bible. Lesquelles vous touchent particulièrement, et pourquoi ?","Bebege a nkaala, wò yi yen mengaaga mevòk ma sò a Bibel. Mefé ma dang wò namba? Asu dzé?"
fr,ewo,"Lire les versets indiqués après chaque promesse, et réfléchir à ces questions :",Lang’a bifus bi ne a mgbaa ngaaga ése ai yalen minsili mi tsaa mi:
fr,ewo,Quel espoir nous donne ce texte biblique ? Pensez-vous qu’il pourrait faire du bien à votre famille ou à vos amis ?,Ye wò tsog na bifus bité bi ne nfi asu doé? Ye bi ne fe bò nfi asu nda bot dzoé ai bemvoé boé?
fr,ewo,Imaginez un monde où :,Tam tsog na wò nying é hom:
fr,ewo,TOUT LE MONDE...,MOT OSE . . .
fr,ewo,"ne souffrira, ne vieillira, ni ne mourra ( ).","tegè fe woren mintié, tegè yombo, nge a wu ( )."
fr,ewo,"retrouvera ses proches, car ils reviendront à la vie sur terre ( ).","a yi bare yen mindinding mié mi nga man wu, ane ba dugen sò nying a si mu ( )."
fr,ewo,ne tombera malade ni ne vivra avec un handicap ( ).,a yi ki ku okòn nge a bi éyem zing ( ).
fr,ewo,sera en bonne santé et plein d’énergie ( ).,a yi tòbò mvòè a tò fe ndzalen ai ngul ( ).
fr,ewo,ne sera victime d’injustices ( ).,a yi ki fe bare toben ai nkòt ( ).
fr,ewo,"aura de la nourriture en abondance, une maison où il fait bon vivre, et un travail agréable ( ).","a yi bi abui bidi, mbembe nda, ai mbembe asu ésié ( )."
fr,ewo,ne souffrira à cause de la guerre ( ).,a yi ki fe dzugi amu bita ( ).
fr,ewo,vivra en paix ( ).,"a yi tòbò a mvòè, tegè mbara dzom zing ( )."
fr,ewo,ne sera tourmenté par des pensées ou des souvenirs douloureux ( ).,a yi ki dzugi amu mintié ( ).
fr,ewo,vivra éternellement dans des conditions idéales ( ).,a yi bi énying kòm tegè ai é dzom ya ndegele nyè ( ).
fr,ewo,"Quand ils voient tous les problèmes qu’il y a dans le monde, beaucoup de gens sont découragés, ou même révoltés. Certains se battent pour essayer de changer les choses. Découvrez comment une femme a trouvé du réconfort dans la promesse que les choses vont s’améliorer. Regarder la VIDÉO et discuter des questions qui suivent.","Éyòng bot ba yen mindzug mise mi ne a si, abui da ku sòm ngeki na be nga bò éngana. Bevòk ki ba lumen asu yi na be tséndé mam. Yene ane bot bezing be nga bi awono a ngaaga yi na mam ma yi man komben. Bebege VIDÉO ai yalen minsili mi tsaa mi:"
fr,ewo,VIDÉO : Je voulais combattre l’injustice (4:07),VIDÉO: Me nga yi na ma lumen ai ékokòt (4:07)
fr,ewo,Quelle injustice tourmentait Rafika ?,"Ane vidéo a he lere, nkòt mbé Rafika a nga toben ai wò?"
fr,ewo,"Même si ce genre d’injustice n’a pas disparu, comment la Bible a-t-elle aidé Rafika ?","Tò ane bikòkòt bimam bité bi ndziki man, akia afé Bibel a nga vòli nyè?"
fr,ewo,"L’espoir que donne la Bible d’un avenir meilleur peut nous aider à vaincre le découragement et à surmonter nos difficultés. Lire et , et discuter de ces questions :",É ndi Bibel a ve asu melu ma zu é ne bia dzam vòli na bi dang mindzug miaan ai na bi bò te ku sòm. Lang’a ai ai yalen minsili mi tsaa mi:
fr,ewo,Pensez-vous que ce message d’espoir pourrait améliorer votre vie dès maintenant ? Pourquoi ?,"Nge wò yebe mengaaga ya Bibel asu melu ma zu, ye wò tsog na ndi té é ne dzam tséndé énying dzoé? Asu dzé?"
fr,ewo,"ON ENTEND PARFOIS : « Ce que promet la Bible, c’est trop beau pour être vrai. »",ABUI BOT DA DZO NA: “É mam Bibel a kaa ma nyeb abui asu yi na me bò bebela.”
fr,ewo,"À votre avis, pourquoi est-il important de vérifier par soi-même si la Bible dit la vérité ?",Mfaa woé amu dzé a ne nfi na wòmen o dzeng na o yem nge Bibel a kat bebela?
fr,ewo,"La Bible nous promet que, dans l’avenir, nous serons vraiment heureux, et cet espoir nous aide à affronter nos difficultés.","Bibel a kaa bia na, melu ma zu, bia yi tòbò mintak. Ndi té ya vòli bia na bi ke osu na bia dzibi mindzug miaan."
fr,ewo,Pourquoi avons-nous besoin d’espoir ?,Asu dzé bia yang’en na bi yem é mam Yéhova a kaa bia?
fr,ewo,Qu’annonce la Bible pour l’avenir ?,Dzé Bibel a dzo é bebege melu ma zu?
fr,ewo,Comment le message d’espoir de la Bible peut-il améliorer votre vie dès maintenant ?,Akia afé ndi asu melu ma zu é ne wò vòli éteteg dzi?
fr,ewo,Des articles qui montrent que l’espoir donne de la force.,Yene akia afé ndi é ne wò vòli éyòng o bele mindzug.
fr,ewo,"« L’espoir : où le trouver ? » ( Réveillez-vous ! , 22 avril 2004)","“L’espoir​—Où le trouver?” ( Réveillez-vous!, 22 avril 2004)"
fr,ewo,Comment l’espoir d’un avenir meilleur peut-il aider ceux qui souffrent d’une maladie chronique ?,Yene akia afé ndi asu melu ma zu é ne vòli é ba ba baren ai ngul okòn.
fr,ewo,« Vivre avec une maladie chronique : la Bible est-elle utile ? » (article jw.org),“Vivre avec une maladie chronique​—La Bible est-elle utile?” (Nlang’en a jw.org)
fr,ewo,Une vidéo musicale qui vous aidera à imaginer votre avenir et celui de votre famille dans le paradis dont parle la Bible.,"Mezik ma lot ai bivegele ma, ma yi wò vòli, wò ai nda bot dzoé na mi tsog énying ya Paradis melu ma zu ane Bibel a dzo."
fr,ewo,Imagine ce jour (3:37),Tsogo amos té (3:37)
fr,ewo,La biographie d’un activiste dont la vie a changé quand on lui a fait connaître les promesses de la Bible.,Lang’a ane énying activiste zing é nga tséndé éyòng a nga yem é ngaaga Bibel a ve asu melu ma zu.
fr,ewo,"« Je ne pense plus devoir changer le monde » ( La Tour de Garde , 1 er juillet 2013)","“Je ne pense plus devoir changer le monde” ( La Tour de Garde , 1 er juillet 2013)"
fr,ewo,"La Bible contient beaucoup de conseils et de promesses. Vous êtes peut-être curieux de savoir ce qu’elle enseigne, même si vous vous posez des questions du genre : « Peut-on avoir confiance dans un si vieux livre ? », « Ce que dit la Bible peut-il nous être utile aujourd’hui ? » ou « Peut-on croire ce qu’elle annonce pour l’avenir ? » Des millions de personnes pensent que oui. Et vous ? Nous vous encourageons à vous faire votre propre opinion.","Bibel a bele abui melebega ai mengaaga. Dzam bò na wò yi na wò yem é mam a yegele, ve o ne fe ntsel. O ne dzam sili wòmen na: Ye wò yeane furi afiri doé a nnomo kalara nyi ngaa? Ye é dzam Bibel a dzo a ne fò bia bò ai nfi melu maan ma? Ngeki na ye wò yeane yebe é mam Bibel a dzo me bebege melu ma zu? Bizug bibot bia yebe dò. Bia banda fe wò na o zu yen ai wòmen nge mam me ne nala."
fr,ewo,"La Bible affirme contenir ‘des paroles de vérité qui sont exactes’ ( ). Elle parle d’évènements qui ont réellement eu lieu et de personnes qui ont réellement existé (lire ). De nombreux historiens et archéologues ont confirmé que la Bible est exacte quand elle cite des dates, des personnages, des lieux et des évènements.","Bibel émen a lere a sang na “bibug bi ne été bi ne susuo bi tò fe bebela” ( ). A kòbò abui mam ya me nga bòben a mfang mfang ai bot bezing fe ya be nga nying abog té (Lang’a ). Abui beyem mam be nga boala na Bibel a kat bebela éyòng a kòbò dzam mimbu, bot, mefola ai mam mezing ya me nga bòben."
fr,ewo,"Dans beaucoup de domaines, la Bible était en avance sur son temps. Par exemple, quand elle parle de science, elle est exacte. Pourtant, quand elle a été écrite, la plupart des faits scientifiques dont elle parle n’étaient pas démontrés. C’est plus tard que la science a confirmé que la Bible disait vrai. La Bible est ‘toujours fiable, maintenant et pour l’éternité’ ( ).","Bia kòb abui mam a Bibel a nga dzo, a ma toben melu ma. Bi ne nòng mvulna ai é mam beyem mam ba dzo, Bibel nyè a nga kareya mò. Éyòng be nga til mam meté abui a mbeki a yebege na me ne tutué. Ve melu ma, beyem mam ba yebe na é mam Bibel a nga dzo me ne été. A ne hm été na, Bibel “a tié he é mam me nga teleben kòm ya kòm ése, ma yeane bòben ai fulu afiri ai susuo” ( )."
fr,ewo,"La Bible contient des prophéties * qui prédisent « les choses qui n’ont pas encore été faites » ( ). En effet, elle a prédit plusieurs évènements historiques longtemps avant qu’ils arrivent. Elle a aussi décrit avec beaucoup de précision les conditions dans lesquelles nous vivons aujourd’hui. Dans cette leçon, nous allons examiner quelques prophéties bibliques. Vous serez probablement surpris par leur exactitude !","Bibel a bele minkulen medzo * “ya é mam me mbeya ki bòben” ( ). A nga béndé abui mam abui mimbu osusua yi na ma bòben. A nga kat fe a sang akia ya énying ya yi bò melu maan ma. Ayègè di, bia zu yen abui minkulen medzo ya Bibel. Wò yi yeane kam abui éyòng wò yi yen akia ya mia toben tegè selen!"
fr,ewo,"Voyons quelques faits scientifiques dont parle la Bible, et examinons quelques prophéties bibliques remarquables.","Yene akia afé Bibel a toben ai é mam beyem mam ba dzo, ai yègè na o yem minkulen medzo ya Bibel."
fr,ewo,"Dans l’Antiquité, beaucoup pensaient que la terre reposait sur quelque chose. Regarder la VIDÉO .","Melu ya mvus, abui bot a nga be a tsog na si é bere a nguma dzom. Bebege VIDÉO ."
fr,ewo,VIDÉO : La terre ne repose sur rien (1:13),VIDÉO: Si é kele a mòmò dzom (1:13)
fr,ewo,Regardons ce que le livre de Job disait il y a 3 500 ans. Lire et discuter de cette question :,Bebege é dzam kalara Yiob a nga dzo mimbu 3500 ana. Lang’a ai yalen a nsili hi:
fr,ewo,Pourquoi est-il surprenant que la Bible dise que la terre est ‘suspendue sur rien’ ?,Amu dzé a ne dzam minkamen na Bibel a dzo na si é “kele a mòmò dzom”?
fr,ewo,"C’est seulement dans les années 1800 que les scientifiques ont bien compris le cycle de l’eau. Pourtant, la Bible a décrit ce phénomène il y a des milliers d’années. Lire et discuter de ces questions :",A mimbu 1800 ngò beyem mam be nga wog akia ya mendim ma wulu a si. Veda Bibel a nga kulen dò betoyina mimbu osusua. Lang’a ai yalen minsili mi tsaa mi:
fr,ewo,Pourquoi cette description simple du cycle de l’eau est-elle remarquable ?,Amu dzé akia ya Bibel a tié ane mendim ma wulu a si a ne éyegen dzam?
fr,ewo,Les versets que nous venons de lire vous donnent-ils confiance dans la Bible ?,Ye bifus bi Bibel bi he lang bia yemede afiri doé a Bibel?
fr,ewo,Lire et discuter de cette question :,Lang’a ai yalen a nsili hi:
fr,ewo,"Concernant la chute de Babylone, quels détails la Bible avait-elle prédits 200 ans à l’avance ?","Asu é dzam la bebe ntsamen Babilon, mam mefé Bibel a nga kulen mimbu 200 osusua?"
fr,ewo,VIDÉO : La Bible avait annoncé la chute de Babylone (0:58),VIDÉO: Bibel a nga béndé na Babilon a yi tsameben (0:58)
fr,ewo,"L’Histoire confirme que le roi Cyrus de Perse et son armée ont pris Babylone en 539 avant notre ère. Ils ont détourné le fleuve qui protégeait la ville. Ils ont pénétré dans la ville par les portes qui avaient été laissées grandes ouvertes, et ils l’ont prise sans se battre. Aujourd’hui, plus de 2 500 ans plus tard, Babylone est en ruines. Voyons ce que la Bible avait annoncé.","Minlang mi bot mia boala na Nkukuma Cyrus ya Persia ai nkan bita woé be nga nòng Babilon a mbu 539 O.A.D. * Be nga bò na é moro osoé a nga be a bomena tisòn a hélé. Ndò be nga nyii a mimbè mi nga ligi mi yoo, be nga nòng tisòn tegè lumen bita. Tò amvus mimbu 2500, Babilon a ngene bilig. Bi tam yen é mam Bibel a nga kuli."
fr,ewo,Lire et discuter de cette question :,Lang’a ai yalen a nsili hi:
fr,ewo,Comment cette prophétie s’est-elle accomplie ?,Akia afé nkulen adzo wi o nga dzaleben?
fr,ewo,La Bible appelle notre époque « les derniers jours » ( ). Voici ce qu’elle a annoncé à ce sujet :,Bibel a loé abog daan na “melu ya asugelen.” ( ) Bebege é dzam Bibel a nga dzo é bebege melu ya memana.
fr,ewo,Lire et discuter de cette question :,Lang’a ai yalen a nsili hi:
fr,ewo,"D’après la Bible, qu’est-ce qui se passerait pendant les derniers jours ?","Ane Bibel a dzo, dzé ya loren a melu ya memana?"
fr,ewo,Lire et discuter de ces questions :,Lang’a ai yalen minsili mi tsaa mi:
fr,ewo,"D’après la Bible, quel état d’esprit les gens auraient-ils pendant les derniers jours ?",Bibel a lere na kan mefulu mefé bot ba yi bi a melu ya memana?
fr,ewo,Lequel de ces comportements voyez-vous autour de vous ?,Ye o yeneya mimbòen mité a ngòra dzoé?
fr,ewo,ON ENTEND PARFOIS : « La Bible est un livre de légendes et de belles histoires. »,ABUI BOT DA DZO NA: “Bibel a ne kalara minlang ya okoba.”
fr,ewo,"D’après vous, quelle est la preuve la plus convaincante que la Bible est digne de confiance ?",Mfaa woé mendem mefé o bele na Bibel a ne é kalara bia yeane bi afiri ai nyè?
fr,ewo,"L’Histoire, la science et les prophéties démontrent que vous pouvez avoir confiance en la Bible.","Minlang, é mam beyem mam ba dzo, ai minkulen medzo me ne mendem ma lere na wò yeane bi afiri ai Bibel."
fr,ewo,La Bible est-elle une histoire vraie ou inventée ?,Ye Bibel a kat bia é mam me nga loren a mfang mfang ngeki na a ne kalara minkana?
fr,ewo,Quels faits montrent que la Bible est en accord avec la science ?,Mam mefé ma lere na Bibel ai é mam beyem mam ba dzo ma toben?
fr,ewo,"D’après vous, la Bible peut-elle prédire l’avenir ? Pourquoi ?",Ye wò tsog na Bibel a ne bia kuli é mam ma yi loren melu ma zu? Asu dzé?
fr,ewo,"Du point de vue de la science, y a-t-il des erreurs dans la Bible ?",Asu beyem mam ye bivus bi ne a Bibel?
fr,ewo,« La science est-elle d’accord avec la Bible ? » (article jw.org),“La science est-elle en accord avec la Bible?” (Nlang’en a jw.org)
fr,ewo,"À propos des derniers jours, que révèlent les faits ?",É mam ma loren ma lere dzé “é bebege melu ya memana”?
fr,ewo,"« 6 prophéties qui se réalisent sous vos yeux » ( La Tour de Garde , 1 er mai 2011)","“6 propheties qui se réalisent sous vos yeux” ( La Tour de Garde , 1 er mai 2011)"
fr,ewo,Comment les prophéties bibliques à propos de l’Empire grec se sont-elles réalisées ?,Akia afé minkulen medzo ma bebe édzoé Greki mi nga dzaleben.
fr,ewo,Fortifiés par « la parole prophétique » (5:22),A bi awono ai zen ya “ébug nkòbò profet” (5:22)
fr,ewo,Les prophéties bibliques ont changé le point de vue d’un homme sur la Bible.,Minkulen medzo mi nga tséndé nyenen mam mot zing a mbe bele asu Bibel.
fr,ewo,"« Pour moi, Dieu n’existait pas » ( La Tour de Garde n o 5 2017)","“Pour moi, Dieu n’existait pas” ( La Tour de Garde n° 5 2017)"
fr,ewo,"^ Une prophétie est un message venant de Dieu, par exemple l’annonce d’un évènement futur.",^ Minkulen medzo mi ne mefoé ma sò abe Zamba asu é mam ma yi bòben melu ma zu.
fr,ewo,"Depuis presque toujours, les humains adorent de nombreux dieux et déesses. Mais la Bible parle d’un Dieu qui est « plus grand que tous les autres dieux » ( ). Qui est ce Dieu ? Et qu’est-ce qui le rend plus grand que tous les autres dieux que les gens adorent ? Dans cette leçon, vous découvrirez comment Dieu se présente dans la Bible.","Abui mimbu ana na bot ba lugu abui bezamba. Ve Bibel a kòbò ai é “Zamba a ne anen aloro bezamba bese” ( ). Za a ne Zamba té? Ai dzé ya bò na a tòbò anen aloro é bezamba ya abui bot da lugu? Ayègè di, bia zu yen é dzam Zamba a yi na mi yem é bebege nyè."
fr,ewo,"Dans la Bible, Dieu se présente à nous. Il dit : « Je suis Jéhovah. C’est là mon nom » (lire ). « Jéhovah » est la forme française d’un nom hébreu qui, d’après des biblistes, signifie « Il fait devenir ». Jéhovah veut qu’on connaisse son nom ( ). Qu’est-ce qui le montre ? Dans la Bible, il a fait écrire son nom plus de 7 000 fois * ! Jéhovah est le nom du « vrai Dieu en haut dans le ciel et en bas sur la terre » ( ).","A Bibel Zamba a lere bia za ya a ne. A dzo na: “Me ne Yéhova. Ndò a ne dzoé dama” (Lang’a ). Dzoé “Yéhova” da sò a nkòbò Hébréa ya tilen na “Mveng’en mese.” Yéhova a yi na bi yem dzoé dié ( ). Akia afé bi ne dò yem? A nga bò na be til dzoé dié a Bibel aloro biyòng 7 000! * Yéhova a ne é dzoé da wogé he ai “Zamba tò a yob, tò a si” ( )."
fr,ewo,"Les humains adorent beaucoup de dieux, mais la Bible dit que Jéhovah est le seul vrai Dieu. Pourquoi ? Il y a de nombreuses raisons. Jéhovah possède l’autorité suprême et lui seul est « le Très-Haut sur toute la terre » (lire ). C’est le « Tout-Puissant », ce qui veut dire qu’il a le pouvoir de faire ce qu’il veut. Il a « créé toutes choses » : l’univers et toute vie sur terre ( ). Jéhovah est le seul à avoir toujours existé, et il existera toujours ( ).","Bot ba lugu abui bezamba, ve Bibel a yegele na Yéhova nnye a ne mfang Zamba. Asu dzé? Bamu be ne abui. Yéhova a bele Édzoé ya lot bise, a toa fe nyè étam “Medang’a boro ya a dzoé si ése” (Lang’a ). A ne “Ngul mese,” nala a tien na a bele ngul ya bò é dzom ése a yi. A nga “tié biem bise”—yob ai si ai énying ése ya si ( ). Yéhova étam nnye a kareya sò a nying, ai a yi fe nying kòm ése ( )."
fr,ewo,Examinons la différence entre les titres de Dieu et son nom. Voyons aussi comment et pourquoi Dieu nous a révélé son nom.,Yene nselna a ne a zang dzoé Zamba ai biyolé bivòk. Ai yene fe akia afé ai amu dzé Zamba a nga ve bia dzoé dié.
fr,ewo,Quelle est la différence entre les titres d’une personne et son nom ? Regarder la VIDÉO et discuter de la question qui suit.,Nselna mbé a ne a zang éyolé mot ai é moé me olugu ba ve nyè? Bebege VIDÉO ai yalen a nsili hi:
fr,ewo,"VIDÉO : Beaucoup de titres, mais un seul nom (0:41)","VIDÉO: Abui moé me olugu, ve éyolé dzidzia (0:41)"
fr,ewo,Quelle est la différence entre les titres de Dieu et son nom ?,"Nselna mbé a ne a zang moé me olugu, ane “Nti” ai dzoé Zamba?"
fr,ewo,La Bible dit que les gens adorent beaucoup de dieux et de seigneurs. Lire et discuter de cette question :,Bibel a dzo na bot ba lugu abui bezamba ai abui beti. Lang’a ai yalen a nsili hi:
fr,ewo,Qui est « le Dieu des dieux » et « le Seigneur des seigneurs » ?,Za a ne “Zamba ya bezamba” ai “Nti ya beti”?
fr,ewo,Qu’est-ce qui montre que Jéhovah veut que vous connaissiez son nom ? Regarder la VIDÉO et discuter de la question qui suit.,Dzé ya lere na Yéhova a yi na o yem dzoé dié? Bebege VIDÉO ai yalen minsili mi tsaa mi:
fr,ewo,VIDÉO : Dieu a-t-il un nom ? (extrait) (3:11),VIDÉO: Ye Zamba a bele éyolé?—Étun (3:11)
fr,ewo,Pensez-vous que Jéhovah veut qu’on connaisse son nom ? Pourquoi ?,Ye wò tsog na Zamba a yi na o yem dzoé dié? Asu dzé?
fr,ewo,Jéhovah veut qu’on utilise son nom. Lire et discuter de ces questions :,Yéhova a yi na bi belen ai dzoé dié. Lang’a ai yalen minsili mi tsaa mi:
fr,ewo,"Pourquoi est-il important d’utiliser le nom de Dieu, Jéhovah ?","Amu dzé a ne nfi na bi belen ai dzoé Zamba, Yéhova?"
fr,ewo,Que ressentez-vous quand quelqu’un se rappelle votre nom et l’utilise ?,Dzé wò woren éyòng mot a dugen tsog dzoé doé a nga belen fe ai dò?
fr,ewo,"À votre avis, que ressent Jéhovah quand vous utilisez son nom ?","Mfaa woé, dzé Yéhova a woren éyòng wò belen ai dzoé dié?"
fr,ewo,"Soten, une femme originaire du Cambodge, a ressenti une émotion très forte quand elle a appris le nom de Dieu. Regarder la VIDÉO et discuter de la question qui suit.",Mininga zing dzoé na Soten ya nnam Cambodge a dzo na “a yègè yem dzoé Zamba o nga bò na me bi mintak me nga beki me bele osusua.” Bebege VIDÉO ai yalen a nsili hi:
fr,ewo,VIDÉO : Ma quête du vrai Dieu (8:18),VIDÉO: Me mbe dzeng’e mfang Zamba (8:18)
fr,ewo,"Dans la vidéo, comment Soten a-t-elle réagi quand elle a appris le nom de Dieu ?","Ane vidéo a he lere, a yem dzoé Zamba o nga namba Soten akia afé?"
fr,ewo,"Pour être ami avec quelqu’un, il faut au moins connaître son nom. Lire et discuter de ces questions :","Osusua yi na wò tòbò amvoé ai mot, wò yeane kèè yem dzoé dié. Lang’a ai yalen minsili mi tsaa mi:"
fr,ewo,Qu’est-ce que Jéhovah vous invite à faire ?,Dzé Yéhova a banda wò na o bò?
fr,ewo,Pourquoi connaître et utiliser le nom de Dieu vous aidera-t-il à devenir son ami ?,Asu dzé a yem ai a belen ai dzoé Zamba da yi wò vòli na o bò mvoé dzié?
fr,ewo,"ON ENTEND PARFOIS : « Comme il n’y a qu’un seul Dieu, peu importe comment on l’appelle. »","ABUI BOT DA DZO NA: “Mbol Zamba a ne he mbòk mbòk, adzo a seki tò bia loé nyè akia afé.”"
fr,ewo,Est-ce que vous croyez que le nom de Dieu est Jéhovah ?,Ye wò yebe na dzoé Zamba a ne Yéhova?
fr,ewo,Comment pourriez-vous prouver que Dieu veut qu’on utilise son nom ?,Mendem mefé o ne lere na Zamba a yi na o belen ai dzoé dié?
fr,ewo,Jéhovah est le nom du seul vrai Dieu. Il veut qu’on connaisse et qu’on utilise son nom pour qu’on devienne son ami.,Yéhova a ne dzoé nya Zamba. A yi na o yem ai o belen ai dò asu yi na o bò mvoé dzié.
fr,ewo,Pourquoi Jéhovah est-il différent de tous les autres dieux que les gens adorent ?,Asu dzé Yéhova a selen ai bezamba bese bevòk bot ba lugu?
fr,ewo,Pourquoi devrait-on utiliser le nom de Dieu ?,Asu dzé bia yeane belen ai dzoé Zamba?
fr,ewo,Qu’est-ce qui montre que Jéhovah souhaite que vous soyez son ami ?,Dzé ya lere na Yéhova a yi na o tòbò mvoé dzié?
fr,ewo,Cinq arguments convaincants qui prouvent que Dieu existe.,É mam metan ma lere tutué na Zamba a ne.
fr,ewo,« Dieu existe-t-il ? » (article jw.org),“Dieu existe-t-il?” (Nlang’en a jw.org)
fr,ewo,Pourquoi est-il raisonnable de croire que Dieu a toujours existé ?,Asu dzé a ne susuo na o yebe na Zamba a kareya sò a tòbò.
fr,ewo,"« Qui a fait Dieu ? » ( La Tour de Garde , 1 er août 2014)","“Qui a fait Dieu?” ( La Tour de garde, 1 er août 2014)"
fr,ewo,"Pourquoi devrait-on utiliser le nom de Dieu, même si on ne sait pas comment il était prononcé à l’origine ?",Amu dzé bia yeane belen ai dzoé Zamba tò bia yem ki akia ya be turu dzò osusua.
fr,ewo,« Qui est Jéhovah ? » (article jw.org),“Qui est Jéhovah?” (Nlang’en a jw.org)
fr,ewo,La façon dont on appelle Dieu est-elle importante ? Pourquoi peut-on dire qu’il n’a qu’un seul nom ?,Ye akia bia loé Zamba a ne nfi? Yene asu dzé bi ne dzo na a bele ve dzoé deda.
fr,ewo,« Combien de noms Dieu a-t-il ? » (article jw.org),“Combien de noms Dieu a-t-il?” (Nlang’en a jw.org)
fr,ewo,"^ Pour plus d’informations sur la signification du nom de Dieu et les raisons pour lesquelles certains traducteurs l’ont enlevé de la Bible, voir l’ appendice A4 de La Bible. Traduction du monde nouveau.","^ Nge wò yi na wò yem abui mam mefe me bebege dzoé Zamba ai asu dzé é bot be nga nkong’len Bibel be nga vaa dzoé té abui Bebibel, bebege Appendix A4 ya Bibel Traduction du monde nouveau."
fr,ewo,"Jéhovah nous a fait un cadeau merveilleux : 66 livres rassemblés en un seul volume, la Bible. Mais vous vous demandez peut-être : « Comment la Bible nous est-elle parvenue ? Qui est son auteur ? » Pour répondre à ces questions, examinons quelques caractéristiques de la Bible.","Yéhova a nga ve bia Bibel—a ne éyegen éfaa é bele ban bekalara a tang 66. Ve wò yeane sili wòmen na: ‘Éye Bibel a sò vé? Za a nga tié nyè?’ Asu yi na bi yalen minsili mité, bi tam yen é ban mam be tii ai Bibel."
fr,ewo,"La Bible a été écrite par une quarantaine d’hommes sur une période d’environ 1 600 ans, de 1513 avant notre ère à environ 98 de notre ère. Ces écrivains étaient très différents les uns des autres. Parmi eux, il y avait des bergers, des pêcheurs et des rois. Mais ils ne se contredisent pas. Comment est-ce possible ? Parce que Dieu est l’Auteur de la Bible (lire ). Les écrivains n’ont pas écrit leurs pensées, ils « ont parlé de la part de Dieu » parce qu’ils étaient « poussés par l’esprit saint * » ( ). Dieu s’est servi de son esprit saint pour inspirer des hommes, c’est-à-dire pour les pousser à écrire ses pensées ( ).","Bot 40 be nga til Bibel a tang mimbu 1600, a tarigi a mbu 1513 O.A.D akelkui a mbu 98 ya A.D. Betil bekalara beté be nga be bot kan kan, bevòk ya be bò be nga be benòni biyem, belòb bekòs, é ba bevòk minkukuma. Bot beté be nga beki be toa vom mbòk, be nga beki be yemen, ve é mam mese be nga til a Bibel me nga be me tobegen. Akia afé nala o ne dzam bòben? Amu Zamba nnye a nga tié Bibel. (Lang’a ). Betil bekalara beté be ndziki til mintsogen miaba. Ve “ai ngul mfufub nsisim ndzò bot be kòbega ai dzò bibug bi sò abe Zamba” * ( ). Zamba a nga belen ai mfufub nsisim woé asu yi na a tindi bot na be til mintsogen mié ( )."
fr,ewo,"Des gens de « toute nation, et tribu, et langue, et peuple » peuvent connaître la bonne nouvelle dont parle la Bible (lire ). Dieu a veillé à ce que la Bible soit disponible dans plus de langues qu’aucun autre livre. Presque tout le monde peut lire la Bible, peu importe où il vit ou la langue qu’il parle.","“É ba bese be toa a si, ayòng ase, ébega ai nkòbò ai bot” be ne dzam yem mbembe foé ya Bibel (Lang’a ). Zamba a nga bò na be kuli Bibel a tang abui minkòbò aloro kalara zing mfe. Mot ose a ne dzam lang Bibel, tò a nying vé tò a kòbò nkòbò mbé."
fr,ewo,"La Bible a été écrite sur des matériaux qui s’abîment, comme le cuir et le papyrus. Mais des hommes qui aimaient la Bible l’ont copiée et recopiée avec beaucoup de soin. Et alors que des gens puissants ont essayé de la faire disparaître, d’autres ont été prêts à risquer leur vie pour la sauvegarder. Jéhovah n’a laissé rien ni personne la faire disparaître. La Bible dit : « La parole de notre Dieu dure éternellement » ( ).","Bibel a nga tiliben a é biem bia vol ndamen, ane bikob bi tsit ai Papyrus. Ve é bot be ding’i Bibel be nga dugen nyè til akia ya a nga be tegè tséndé dzom zing étéré. Tò éyòng mingungul mibot mi nga dzeng na mia dzèè Bibel, abui a nga fam awu asu yi na be baala Bibel. Yéhova a ndziki dzogè na dzom zing nge mot a kamen ai nyè na a lèè ai bia. Bibel a dzo na: “Ébug Zamba waan é tele kòm ése” ( )."
fr,ewo,"Voyons plus en détail comment Dieu a inspiré les rédacteurs de la Bible, comment il l’a protégée et ce qu’il a fait pour que tous les humains puissent la lire.","Tuene yen akia afé Zamba a nga belen ai bot asu yi na be til Bibel, akia afé a nga kala Bibel, ai akia afé a nga bò na bizuk bibot bi bi nyè."
fr,ewo,Regarder la VIDÉO. Puis lire et discuter des questions qui suivent.,Bebege VIDÉO ai lang’a o yalen minsili mi tsaa mi:
fr,ewo,VIDÉO : Qui est l’Auteur de la Bible ? (extrait) (2:48),VIDÉO: Za a nga tié Bibel?—Étun (2:48)
fr,ewo,"Puisque ce sont des hommes qui ont écrit la Bible, pourquoi dit-on qu’elle est la Parole de Dieu ?","Mbol bot mbò be nga til Bibel, asu dzé ba dzo na a ne Ébug Zamba?"
fr,ewo,"À votre avis, est-il raisonnable de croire que Dieu a pu transmettre ses pensées à des humains ?","Mfaa woé wò yen ya, ye a ne susuo ya yebe na Zamba a nga kalen bot mintsogen mié?"
fr,ewo,"Si Dieu est vraiment l’Auteur de la Bible, on peut s’attendre à ce qu’il la protège. Tout au long de l’Histoire, des hommes puissants ont essayé de détruire la Bible. Même des chefs religieux ont essayé d’empêcher les gens de la lire. Mais malgré l’opposition et les menaces de mort, nombreux sont ceux qui ont risqué leur vie pour protéger la Bible. Pour en savoir plus, regarder la VIDÉO et discuter des questions qui suivent.","Nge Zamba nnye fò a nga tié Bibel, bia yanga fò fe na a kamen ai nyè. Ntié énying ose, mingungul mibot mi nga dzeng na mia dzèè Bibel. Tò betebe be osu ya minyebe be nga kamen ai bot na be lang nyè. Ve afiang’en bò ngul melumen té, abui bot a nga fam awu asu yi na be baala Bibel. Nge wò yi na wò yem bot beté, Bebege VIDÉO ai yalen minsili mi tsaa mi:"
fr,ewo,VIDÉO : Ils attachaient de la valeur à la Bible (extrait : William Tyndale) (6:17),VIDÉO: Be nga lere na Bibel a ne ai mfang nfi—Étun ( William Tyndale ) (6:17)
fr,ewo,"Quand vous pensez à ce que certains ont fait pour protéger la Bible, avez-vous encore plus envie de la lire ? Pourquoi ?","Mbol o nga yemeya na abui bot a nga fam awu asu yi na be baala Bibel, ye o ne odzedzaa ya ke osu ai nlang’en Bibel? Asu dzé?"
fr,ewo,Lire et discuter de cette question :,Lang’a ai yalen a nsili hi:
fr,ewo,Qu’est-ce qui a poussé beaucoup de gens à risquer leur vie pour traduire et diffuser la Bible ?,Dzé é nga tindi abui bot na be fam awu asu yi na be kong’len ai na be ke ba kab Bibel?
fr,ewo,La Bible est le livre le plus traduit et le plus diffusé au monde. Lire et discuter de ces questions :,Bibel a ne é kalara be nga kong’len abui minkòbò ai be kab fe abui a si ése. Lang’a ai yalen minsili mi tsaa mi:
fr,ewo,Pourquoi Dieu veut-il que sa Parole soit traduite et diffusée si largement ?,Amu dzé Zamba a yi na be kong’len abui minkòbò ai be kab Ébug dzié a si ése?
fr,ewo,Qu’est-ce qui vous impressionne concernant la Bible ?,Dzé ndzò wò dang kam abui é bebege Bibel?
fr,ewo,de la population mondiale,Bot ya si ése
fr,ewo,peut lire la Bible dans une langue qu’elle comprend.,Ba kui na be lang Bibel a nkòbò ba wog
fr,ewo,Disponible en plus de,Bibel a ne a tang
fr,ewo,en entier ou en partie.,a ne nkong’len nguma ngeki éfas
fr,ewo,On estime qu’environ,be nga kuli Bebibel dzam bò
fr,ewo,d’exemplaires ont été produits.,tang té ya lot é tang bekalara bese bevòk
fr,ewo,C’est beaucoup plus que pour tout autre livre.,ABUI BOT DA DZO NA: “Bibel a ne nnomo kalara ya bot be nga til.”
fr,ewo,"ON ENTEND PARFOIS : « La Bible, c’est juste un vieux livre écrit par des humains. »",Ntsogen woé o ne mbé?
fr,ewo,Qu’en pensez-vous ?,Mendem mefé ma lere na Bibel a ne Ébug Zamba?
fr,ewo,Dieu a inspiré des hommes pour qu’ils écrivent la Bible. Qu’est-ce que cela signifie ?,"É mam mese o he yègè ma me bebege Bibel, dzam afé da dang wò namba?"
fr,ewo,"Dans tout ce que vous venez d’apprendre sur la Bible, qu’est-ce qui vous touche le plus ?",Dzé wò woren éyòng wò tsog é mam mese Zamba a nga bò asu yi na a kare lèè ai wò?
fr,ewo,L’histoire de la Bible depuis les manuscrits originaux jusqu’aux traductions modernes.,"“Comment la Bible nous est parvenue” ( Réveillez-vous!, Novembre 2007)"
fr,ewo,"« Comment la Bible nous est parvenue » ( Réveillez-vous ! , novembre 2007)",Yene akia afé Bibel a nga dang ngul melumen melè.
fr,ewo,Comment la Bible a-t-elle survécu à trois grandes menaces ?,“La Bible—Histoire d’une rescapée” ( La Tour de Garde n° 4 2016)
fr,ewo,« La Bible : histoire d’une rescapée » ( La Tour de Garde n o 4 2016),Bebege ane bot be nga fam awu asu yi na be kong’len Bibel.
fr,ewo,Des risques que des gens ont pris pour traduire la Bible.,Be nga lere na Bibel a ne ai mfang nfi (14:26)
fr,ewo,Ils attachaient de la valeur à la Bible (14:26),Be nga dugen til ai a kong’len fe Bibel abui biyòng. Asu dzé bi ne ndi na foé Zamba é ndziki tséndé?
fr,ewo,La Bible a été recopiée et traduite de nombreuses fois. Comment pouvez-vous être sûr que son message est resté exactement le même ?,“La Bible a t-elle-été modifiée ou falsifiée?” (Nlang’en a jw.org)
fr,ewo,"Dieu « est la source de la vie » ( ). Le croyez-vous ? Certains pensent que la vie est apparue par hasard. Si c’est le cas, nous sommes le résultat d’un accident. Par contre, si c’est Dieu qui a créé la vie, elle a forcément un sens * . Dans cette leçon, vous allez voir ce que la Bible dit à propos de l’origine de la vie et pourquoi il est raisonnable d’y croire.","[Zamba] “a ne étam ya énying” ( ). Ye wò yebe dò? Bevòk ba tsog na énying é nga sò atemtem. Nge a ne nala, bi nga bumelen ane accident. Veda, nge Yéhova Zamba nnye a nga tié énying, tegè selen na a bele nguma nsong’en ngaa se nala? * Ayègè di, wò yi yen é dzom Bibel a nga dzo é bebege mekèè me énying ai amu dzé a ne susuo na bi yebe dò."
fr,ewo,"La Bible déclare : « Au commencement, Dieu créa le ciel et la terre » ( ). La plupart des scientifiques sont d’accord pour dire que l’univers a eu un commencement. Comment Dieu l’a-t-il créé ? Il s’est servi de sa « force agissante », c’est-à-dire de son esprit saint, pour faire tout ce qui existe dans l’univers : les galaxies, les étoiles, les planètes, etc. ( ).","Bibel a dzo na: “A metari, Zamba a nga tié yob ai si” ( ). Abui beyem mam be ne king na yob ai si bi nga bi metari. Akia afé Zamba a nga tié biè? A nga belen ai “ngul dzié”—Mfufub nsisim woé—asu yi na a kom é biem bise bi ne a yob ai a si, atitié ai beplanet ( )."
fr,ewo,"Jéhovah ‘n’a pas créé la terre pour rien, mais il l’a formée pour être habitée’ ( ). Il a conçu notre planète pour que les humains y vivent confortablement et pour toujours (lire ). La science révèle que la terre est unique. C’est la seule planète qui remplit toutes les conditions indispensables à la vie humaine.","Yéhova “a ndziki tié [si] éwowolé, a nga tié dzò asu yi na bot be tòbò éteré” ( ). A nga tié si asu yi na bot be nying éteré mbeng ai a kòm ése (Lang’a ). Beyem mam ba dzo na é ne nkomen akia étam. Ve nyiène si étam ndzò é bele é mam mese ma sili asu yi na mot a nying mbeng."
fr,ewo,"Après avoir fait la terre, Jéhovah l’a remplie de plantes et d’animaux. Ensuite, il ‘s’est mis à créer l’être humain à son image’ (lire ). Pourquoi l’être humain est-il unique ? C’est parce qu’il est fait à l’image de Dieu, c’est-à-dire qu’il peut refléter ses qualités, comme l’amour et la justice. Dieu nous a aussi créés avec la capacité d’apprendre des langues, et d’apprécier l’art et la musique. Et à la différence des animaux, nous pouvons adorer notre Créateur.","Amvus yi na a maneya kom si, Yéhova a nga tié énying. A nga kèè dzò dzali ai bilé ai betsit. Amvus ya été, “Zamba a nga tié mot a évegele dzié émen” (Lang’a ). Asu dzé mot a ne akia dié étam? Amu a nga komben évegele Zamba, nala té a tilen na a ne dzam vu mefulu moé ane éding ai susuo. Zamba a nga kom fe bia ai ngul ya yègè minkòbò ai ngul ya ding akeng mbòen mam ai mezik. Bia selen ai betsit amu bi ne dzam lugu Nkom waan."
fr,ewo,Examinons des preuves que la vie a été créée et qu’on peut croire le récit biblique de la création. Découvrons aussi ce que les qualités de l’être humain nous apprennent sur Dieu.,"Belen ai mendem ma lere na énying é nga tiében, éyòng té hm o ne yebe é dzam Bibel a dzo a bebege akomo yob ai si. Yègè fe akia ya mefulu me bot ma yegele bia abui mam me bebege Zamba."
fr,ewo,"Quand un humain produit un objet qui imite ce qu’on observe dans la nature, on lui en attribue souvent tout le mérite. Mais à qui revient le mérite de la conception de l’original ? Regarder la VIDÉO et discuter de la question qui suit.","Éyòng mot binam a kom é dzom zing ya fulen ai é dzom a he bebe a yob ngeki a si, mot té nnye ba ve olugu. Ve za a yeane ai olugu mbol a nga kom é dzom be he vegele? Bebege VIDÉO ai yalen a nsili hi:"
fr,ewo,VIDÉO : Croire en Dieu (2:43),VIDÉO: A yebe na Zamba a ne (2:43)
fr,ewo,Quelles inventions humaines sont des copies de ce qu’on trouve dans la nature ?,Biem bifé bot be nga kom mbol be nga bebe bikokomega bi Zamba?
fr,ewo,Une maison est forcément conçue et construite par quelqu’un. Mais qui a conçu et construit ce qu’on trouve dans la nature ? Lire et discuter de ces questions :,Mot zing nnye a nga vegele nda a long fe dzò. Ve za a nga vegele a long fe é biem bise bi ne a yob ai a si? Lang’a ai yalen minsili mi tsaa mi:
fr,ewo,Qu’est-ce que vous trouvez impressionnant dans la nature ?,Ékokomega éfé ya yob ngeki a si ya bò wò na o tòbò a minkamen?
fr,ewo,Est-il raisonnable de croire que l’univers et tout ce qu’il contient ont été conçus par quelqu’un ? Pourquoi ?,Ye a ne susuo ya yebe na mot zing nnye a nga tié yob ai si ai é biem bise bi ne éteré? Asu dzé?
fr,ewo,"Sur jw.org, vous trouverez des articles et des vidéos sur ce sujet dans les séries « Évolution ou conception ? » et « Points de vue sur l’origine de la vie ».",O ne sòm minyegelen ai bevidéo bia kòbò dzam té a jw.org mevom me ne minlo medzo na “ Évolution ou création? ” ai “ Points de vue sur l’origine de la vie .”
fr,ewo,"« Toute maison est construite par quelqu’un, et celui qui a construit toutes choses, c’est Dieu. »","“Amu nda ése é bele mot a nga long dzò, ve nlong ya biem bise a ne Zamba”"
fr,ewo,"En , la Bible décrit l’origine de la terre et de la vie. Peut-on croire ce récit, ou est-ce simplement une légende ? Regarder la VIDÉO et discuter des questions qui suivent.","A , Bibel a lèè metari me si ai énying. Ye bi ne dzam yebe nlang té, ngeki na o ne ve nkana? Bebege VIDÉO ai yalen minsili mi tsaa mi:"
fr,ewo,VIDÉO : L’univers a-t-il été créé ? (extrait) (3:51),VIDÉO: Ye yob ai si bi nga komben fò?—Étun (3:51)
fr,ewo,La Bible enseigne-t-elle que la terre et la vie ont été créées en six jours de 24 heures ?,"Ye Bibel a yegele na si ai énying bi nga tiében a tang melu mesamen, mmos mbòk o toa mewola 24?"
fr,ewo,Pensez-vous que le récit biblique de la création est logique et qu’on peut le croire ? Pourquoi ?,Ye wò tsog na nlang akomo yob ai si o ne tetele akia yi na be toa wò dzam yebe ngaa? Asu dzé?
fr,ewo,Lire et discuter de cette question :,Lang’a ai yalen a nsili hi:
fr,ewo,Les scientifiques disent que l’univers a eu un commencement. Leur conclusion s’accorde-t-elle avec ce que vous venez de lire dans la Bible ?,Beyem mam ba dzo na yob ai si bi nga bi metari. Ye ntsogen waba wa toben ai é dzom o ndem lang a Bibel?
fr,ewo,Certains se demandent si Dieu a utilisé l’évolution pour créer la vie. Lire et discuter de ces questions :,Bot bevòk ba sili nge Zamba a nga belen ai é biem bi nga kui atemtem asu yi na a tié énying. Lang’a ai yalen minsili mi tsaa mi:
fr,ewo,"La Bible enseigne-t-elle que Dieu a créé une forme de vie simple, puis qu’il l’a laissée évoluer en poissons, en mammifères et en humains ? Ou enseigne-t-elle que Dieu a créé toutes les principales « espèces » vivantes ?","Ye Bibel a yegele na Zamba a nga man kom dzom ndò a nga ke a tséndé nyòl é kèè veng’en kòs, amvus é ntoa tsit, a memana é ntoa mot? Ngeki na Zamba a nga tié énying “mekia mekia”? *"
fr,ewo,Jéhovah nous a créés avec des caractéristiques qui nous différencient des animaux. Lire et discuter de cette question :,Yéhova a nga kom bia nselna ai betsit. Lang’a ai yalen a nsili hi:
fr,ewo,"Nous avons la capacité de donner de l’amour et d’être compatissants. Étant donné que nous sommes faits à l’image de Dieu, qu’est-ce que cela révèle sur sa personnalité ?","Bi bele ngul yi na bia lere éding dzaan ai fulu ngòl. Mbol bi ne nkomen évegele Zamba, dzé nala wa yegele bia é bebege nyè?"
fr,ewo,ON ENTEND PARFOIS : « Le récit biblique de la création est une légende. »,ABUI BOT DA DZO NA: “Nlang akomo yob ai si o ne nkana.”
fr,ewo,Qu’en dites-vous ? Pourquoi ?,Mfaa woé wò yen ya? Asu dzé?
fr,ewo,Jéhovah a créé l’univers et toutes les formes de vie.,Yéhova a nga tié yob ai si ai kan énying ése.
fr,ewo,Qu’enseigne la Bible à propos de l’origine de l’univers ?,Dzé Bibel a yegele é bebege metari me yob ai si?
fr,ewo,"Dieu a-t-il laissé évoluer une forme de vie simple pour produire toutes les espèces vivantes, ou les a-t-il toutes créées ?","Ye Zamba a nga dzogè na man dzom a nang asu yi na a zu sò kom énying ai dzò, ngeki na a nga kom biem bise?"
fr,ewo,Pourquoi les humains sont-ils des créatures remarquables ?,Asu dzé bot be ne bikokomega bi ne akia étam?
fr,ewo,Des exemples qui prouvent que la nature a eu un concepteur.,Memvulna ma lere na yob ai si bi bele Nkom.
fr,ewo,"« Qu’enseigne la nature ? » ( Réveillez-vous ! , septembre 2006)","“Qu’enseigne la nature?” ( Réveillez-vous!, Septembre 2006)"
fr,ewo,Un père explique le récit biblique de la création à son petit garçon.,Ésia a timi man mòngò woé akia ya yob ai si bi nga tiében.
fr,ewo,« Jéhovah a créé toutes choses » (2:37),“Yéhova . . . a nga kom biem bise” (2:37)
fr,ewo,L’évolution est-elle compatible avec ce que dit la Bible ?,Ye nyegelen wa dzo na biem bi nga kui atemtem wa toben ai é dzam Bibel a dzo?
fr,ewo,« Dieu s’est-il servi de l’évolution pour créer les différentes formes de vie ? » (article jw.org),“Dieu s’est-il servi de l’évolution pour créer les différentes formes de vie?” (Nlo adzo a jw.org)
fr,ewo,Les fossiles ou les expériences scientifiques indiquent-ils que la vie a été créée ou qu’elle est apparue par hasard ?,Ye feg beyem mam ya lere na énying é nga tiében ngeki na é nga sò atemtem?
fr,ewo,Cinq questions à se poser sur l’origine de la vie (brochure),Cinq questions à se poser sur l’origine de la vie (nsò kalara)
fr,ewo,^ La leçon 25 parle plus en détail du projet de Dieu pour les humains.,^ Ayègè 25 bia yi yen nsong’en Zamba asu bot.
fr,ewo,"Comment imaginez-vous Dieu ? Est-ce quelqu’un pour qui vous avez beaucoup de respect mais qui vous semble très loin ? Aussi loin qu’une étoile, par exemple. Ou bien pensez-vous que Dieu est une force très puissante mais sans personnalité, un peu comme une tempête ? Qui est vraiment Jéhovah ? Dans sa Parole, la Bible, Jéhovah révèle ses qualités. Il révèle aussi qu’il s’intéresse à vous.","Wò tsog na Zamba a ne ya? Ye mot zing ya wò kam a ne oyab ai wò? Abog zing oyab ane atitié? Ye wò tsog abog zing ki na Zamba a ne é ngul é ne ntut ve a toa tegè ai mefulu, dzam deda ane nkulu? Za men Yéhova a ne? A kalara woé, Bibel, Yéhova a lere mefulu moé, a lere fe na a mvamen ai bia."
fr,ewo,"« Dieu est un Esprit » ( ). Jéhovah n’a pas de corps physique. C’est un esprit qui vit au ciel, un endroit qu’on ne peut pas voir.","“Zamba a ne Nsisim” ( ). Yéhova a bele ki nyòl ane mot. A ne Nsisim, a nying a yob é vom bi seki dzam yen."
fr,ewo,"Jéhovah est invisible, mais quand on apprend à le connaître, on l’aime parce que c’est une personne réelle qui a des qualités merveilleuses. La Bible dit : « Jéhovah aime la justice, et il n’abandonnera pas ses fidèles » ( ). Il est aussi « plein de tendre affection et miséricordieux » , particulièrement envers les gens qui souffrent ( ). « Jéhovah est proche de ceux qui ont le cœur brisé ; il sauve ceux qui sont découragés » ( ). Et savez-vous que nos actions ont un effet sur lui ? Quand on choisit de faire des choses mauvaises, il est déçu et triste ( ). Mais quand on choisit de faire ce qui est bien, cela le rend heureux (lire ).","Bi seki dzam yen Zamba, ve éyòng bia dzeng na bia yem nyè, bia kèène fe nyè ding amu a bele abeng mefulu. Bibel a dzo na: “Yéhova a ding susuo, a yi ki lig mimfufub mié” ( ). A ne fe “abui mvam ai ngòl,” a dang dang asu é ba be bele mindzug ( ). “A ne babi ai é ba be ne nnem ndzugen, a nyii é ba be ne ntsaan a nsisim” ( ). Ye wò yem fò na mimbòen miaan mia namba nyè? Éyòng bia tòb na bia bò é mam me ne abé, a wog olun ( ). Veda éyòng bia tòb na bia bò é mam me ne mbeng a ne mintak (Lang’a )."
fr,ewo,"La plus remarquable des qualités de Jéhovah, c’est l’amour. En fait, « Dieu est amour » ( ). Jéhovah nous révèle son amour dans la Bible, mais aussi dans les choses qu’il a créées (lire ). Réfléchissez, par exemple, à la façon dont il nous a faits. Il nous a donné la capacité de voir de magnifiques couleurs, d’écouter de la belle musique et de goûter des aliments délicieux. Il veut que nous prenions plaisir à vivre.","É fulu Yéhova ya dang mefulu mese mevòk é ne éding amu, “Zamba a ne éding” ( ). Yéhova a lere bia éding dzié a Bibel ai a biem ya a nga tié (Lang’a ). Tsogo abog zing akia ya a nga kom bia. A nga ve bia maa na bi yen nyòl biem kan kan, bi vogolo abeng mezik, ai na bi kiègè abeng bidi. A yi na bi fon ai énying."
fr,ewo,Voyons de quoi Jéhovah se sert pour réaliser des choses extraordinaires. Et découvrons comment Jéhovah manifeste ses merveilleuses qualités.,Yene é dzom Yéhova a belen ai dzò asu yi na a bò biyeng bimam. Yene fe akia afé a lere abeng mefulu moé.
fr,ewo,"Pour travailler, nous utilisons nos mains ; Jéhovah, lui, utilise son esprit saint. La Bible explique que l’esprit saint n’est pas une personne, mais que c’est la force que Dieu utilise quand il veut faire quelque chose. Lire et , et discuter de ces questions :","Asu yi na bi sié bia belen ai mò maan, mfaa Yéhova a belen ai mfufub nsisim woé. Bibel a timi bia na mfufub nsisim o seki mot, o ne é ngul Zamba a belen ai dzò éyòng a yi na a bò dzom zing. Lang’a ai ai yalen minsili mi tsaa mi:"
fr,ewo,Jéhovah ‘répand’ son esprit saint sur ceux qui le lui demandent. Alors l’esprit saint peut-il être une personne ? Pourquoi ?,Zamba a “soé” mfufub nsisim woé abe é ba ba dzaa nyè wò. Wò yen ya? Ye mfufub nsisim o ne mot ngeki na o ne é ngul Zamba a belen ai dzò? Asu dzé?
fr,ewo,"Jéhovah se sert de son esprit saint pour accomplir des choses extraordinaires. Lire et , et discuter de cette question :",Yéhova a belen ai mfufub nsisim woé asu yi na a bò biyeng bimam. Lang’a ai ai yalen a nsili hi:
fr,ewo,Qu’a fait Jéhovah en se servant de son esprit saint ?,Akia afé Yéhova a nga belen ai mfufub nsisim woé?
fr,ewo,"Même si Moïse adorait Jéhovah depuis des années, à un moment donné, il a eu besoin de connaître encore mieux son Créateur. Il lui a donc demandé : « S’il te plaît, si j’ai ta faveur, fais-moi connaître tes manières d’agir, pour que je te connaisse » ( ). Jéhovah a alors révélé à Moïse certains aspects de sa personnalité. Lire et discuter de ces questions :","Tò ane Moses a nga be a lugu Zamba a tarigi kòm, mebog mevòk a mbe dzeng na a tuene yem Nkom woé. Ndò hm a nga kat nyè na: “Lerege te ma mezen moé, ne me yem wò.” ( ) Yéhova a nga kat Moses kan mot fé a ne. Lang’a ai yalen minsili mi tsaa mi:"
fr,ewo,Quels aspects de sa personnalité Jéhovah a-t-il révélés à Moïse ?,Mefulu moé mefé Yéhova a nga lere Moses?
fr,ewo,Quelles qualités de Jéhovah vous attirent le plus ?,Mefulu me Yéhova mefé ma dang wò namba?
fr,ewo,"Les Hébreux, qui étaient le peuple de Dieu dans le passé, ont été esclaves en Égypte et ont beaucoup souffert. Qu’a ressenti Jéhovah à ce moment-là ? Prendre et écouter l’enregistrement ou lire ces versets . Ensuite, discuter des questions qui suivent.","Beyuden be nga be ayòng Zamba osusua, be nga tòbò belò a nnam Egipten. Dzé Yéhova a mbe woren a nnem éyòng a yene mindzug mise be mbe toben ai miè? Vogolo NLANG’EN ngeki na wòmen o ne lang , amvus ya été o ne yalen minsili mi tsaa mi:"
fr,ewo,AUDIO : Jéhovah se souciait de leurs souffrances (2:45),NLANG’EN: Yéhova a nga be a mvamen ai bò a mindzug miaba (2:45)
fr,ewo,Que vous apprend ce récit sur ce que Jéhovah ressent quand il voit des humains souffrir ? (voir les ).,"Ane nlang hi wò yegele bia, dzé Yéhova a woren a nnem éyòng a yen ane bot be bele mindzug? —Bebege fe ."
fr,ewo,Pensez-vous que Jéhovah veut vraiment aider les humains et qu’il en est capable ? Pourquoi ?,Ye wò tsog na Yéhova a yi fò na a vòli bot ai fe na a ne ngul ya bò dò? Asu dzé?
fr,ewo,Jéhovah révèle ses qualités à travers les choses qu’il a créées. Regarder la VIDÉO . Puis lire et discuter de la question qui suit.,Mefulu me Yéhova ma yené a biem a nga tié. Bebege VIDÉO . Amvus ya été lang’a ai yalen a nsili hi:
fr,ewo,VIDÉO : La création révèle l’amour de Jéhovah : Le corps humain (1:57),VIDÉO: Bikokomega bia lere éding Yéhova: Nyòl mot (1:57)
fr,ewo,Quelles qualités de Jéhovah voyez-vous dans sa création ?,Mefulu me Yéhovah mefé wò yen a bikokomega bié?
fr,ewo,"ON ENTEND PARFOIS : « Dieu n’est pas une personne ; pour moi, c’est une force qui a créé le monde. »","ABUI BOT DA DZO NA: “Zamba a seki mot, a ne é ngul é ne vom ose.”"
fr,ewo,Qu’en pensez-vous ?,Mfaa woé wò yen ya?
fr,ewo,Qu’est-ce qui vous fait dire cela ?,Asu dzé wò tsog nala?
fr,ewo,"Jéhovah est un esprit invisible qui possède de nombreuses qualités attirantes, en particulier l’amour.",Bi seki dzam yen Yéhova amu a ne Nsisim. A bele abeng mefulu ane éding.
fr,ewo,Pourquoi est-ce qu’on ne peut pas voir Jéhovah ?,Amu dzé bi seki dzam yen Yéhova?
fr,ewo,Qu’est-ce que l’esprit saint ?,Dzé é ne mfufub nsisim?
fr,ewo,Quelles sont quelques-unes des qualités de Jéhovah ?,Mefulu me Yéhova mevòk me ne mefé?
fr,ewo,Un examen approfondi de quatre qualités remarquables de Jéhovah.,Yene biyeng mefulu me Zamba menyi.
fr,ewo,« Quelles qualités Dieu a-t-il ? » ( La Tour de Garde n o 1 2019),“Quelles qualités Dieu a t-il?” ( La Tour de Garde n° 1 2019)
fr,ewo,Comment la Bible prouve-t-elle que Jéhovah n’est pas présent partout dans sa création ?,Akia afé Bibel a lere na Yéhova a seki vom ose a zang bikokomega bié.
fr,ewo,« Dieu est-il partout ? Est-il omniprésent ? » (article jw.org),“Dieu est-il partout? Est-il omniscient?” (Nlo adzo a jw.org)
fr,ewo,Pourquoi la Bible compare-t-elle l’esprit saint aux mains de Dieu ?,Asu dzé Bibel a veg mfufub nsisim ai mò me Zamba?
fr,ewo,« Qu’est-ce que l’esprit saint ? » (article jw.org),“Qu’est ce que l’esprit saint?” (Nlo adzo a jw.org)
fr,ewo,"Un homme aveugle avait beaucoup de mal à croire que Dieu se souciait de lui, mais il a changé d’avis...",Ndidim mot o nga beki o yebege na Zamba a mvamen ai nyè. Ve a nga kèène tséndé ntsogen woé.
fr,ewo,"« J’ai maintenant le sentiment de pouvoir aider les autres » ( La Tour de Garde , 1 er octobre 2015)","“J’ai maintenant le sentiment de pouvoir aider les autres” ( La Tour de Garde , 1 er Octobre 2015)"
fr,ewo,"Jéhovah veut que vous appreniez à le connaître. Pourquoi ? Parce qu’il espère que plus vous en apprendrez sur sa personnalité, ses façons d’agir et son projet, plus vous aurez envie d’être son ami. Mais peut-on vraiment être l’ami de Dieu ? (lire ). Comment pouvez-vous devenir son ami ? La Bible répond à ces questions et elle nous explique pourquoi l’amitié avec Jéhovah est la plus belle des amitiés.","Yéhova a yi na o yem nyè. Amu dzé? Amu a bele afiri na ntié wò yègè na wò yem akia mot a ne, mimbòen mié, nyien woé, wò yi bi ngong ya bò mvoé dzié. Nde, ye bi ne fò dzam bò bemvoé be Zamba ngaa? (Lang’a ). Dzé o ne dzam bò asu yi na o tòbò mvoé dzié? Bibel a ve biyalen ya minsili mité ai a timi fe bia amu dzé a tòbò amvoé ai Yéhova a ne amvoé da dang nfi aloro memvoé mese mevòk."
fr,ewo,"« Approchez-vous de Dieu, et il s’approchera de vous » ( ). Que veut dire ce verset ? Jéhovah a envie que vous soyez son ami. Certains ont du mal à croire qu’ils peuvent être amis avec Dieu parce qu’ils ne le voient pas. Mais dans sa Parole, la Bible, Jéhovah nous révèle tout ce qu’on a besoin de savoir sur sa personnalité pour qu’on ‘s’approche de lui’. Plus nous lisons la Bible, c’est-à-dire la lettre que Jéhovah nous adresse, plus notre amitié avec lui sera forte, même si on ne le voit pas.","“Subugen Zamba babi, ndò nyè a yi mina subu babi” ( ). Dzé éfus té ya tilen? Yéhova a banda wò na o tòbò mvoé dzié. Abui da yebe ki na be ne bò bemvoé be Zamba amu ba yen ki nyè. Ve a Bibel, Yéhova a ve bia é mam mese bia yang’en ai mò asu yi na bi yem nyè ai na bi subu nyè babi. Ane bia yi lang Bibel, é kalara Zamba a nga tili bia, nala fe amvoé daan ai nyè da yi bò ngul, tò ane bia yen ki nyè."
fr,ewo,"Personne ne vous aime autant que Jéhovah. Il veut que vous soyez heureux et que vous lui demandiez de l’aide à chaque fois que vous en avez besoin. Vous pouvez vous ‘décharger sur lui de toute votre inquiétude, parce qu’il se soucie de vous’ ( ). Jéhovah est toujours prêt à soutenir, à réconforter et à écouter ses amis (lire ).","Mot mfe a seki wò ding akui ane Yéhova. A yi na o tòbò mintak ai na o dzaa nyè nvòlen woé abog ase wò yi. O ne ‘nyè dzam kat meyang’en moé mese, amu a nòng ngab ai wò’ ( ). Yéhova a ne babi ya sug, ya wono ai a vogolo bemvoé boé (Lang’a )."
fr,ewo,"Jéhovah aime tout le monde, mais « il se fait l’ami intime des hommes droits » ( ). Pour être l’ami de Dieu, il faut s’efforcer de faire ce qu’il considère comme bien, et rejeter ce qu’il considère comme mal. Certains ont l’impression qu’ils ne pourront jamais respecter complètement les normes morales de Jéhovah. Mais Jéhovah a un grand cœur. Il accorde son amitié à tous ceux qui l’aiment vraiment et qui font tout pour lui plaire ( ).","Yéhova a ding mot ose, “betetele bebot be ne afiri dié” ( ). Asu yi na o tòbò amvoé ai Yéhova, wò yeane ve mengul moé mese asu yi na o bò é mam a yen na me ne mbeng, o saala fe é ma a yen na me ne abé. Abui da yen na be seki dzam baala betebega Yéhova a ve bia. Ve Yéhova a ne ényò a wog bia. A yebe na a bò amvoé ai é ba ba ding nyè nya nding’en, ai é ba ba ve mengul na ba fû nyè nnem ( )."
fr,ewo,Découvrons comment être l’ami de Jéhovah et pourquoi c’est le meilleur Ami que nous puissions avoir.,"Yene akia afé o ne tòbò amvoé ai Yéhova, ai amu dzé nnye étam a ne mbembe mvoé o ne dzam bi."
fr,ewo,L’histoire biblique d’Abraham (aussi appelé Abram) nous donne une idée de ce que veut dire être l’ami de Dieu. Lire et discuter de ces questions :,Nlang Bibel Abraham (be loégé fe nyè na Abram) wa lere bia dzé ya tilen na a bò amvoé ai Zamba. Lang’a ai yalen minsili mi tsaa mi:
fr,ewo,Qu’est-ce que Jéhovah a demandé à Abraham de faire ?,Dzé Yéhova a nga sili Abraham na a bò?
fr,ewo,Qu’est-ce que Jéhovah lui a promis ?,Ngaaga fé Yéhova a nga bò Abraham?
fr,ewo,Comment Abraham a-t-il réagi quand Jéhovah lui a donné des instructions ?,Abraham a nga bò ya éyòng Yéhova a nga ve nyè betebega?
fr,ewo,Il est normal d’attendre certaines choses de ses amis.,A ne été na bia kare yanga na bemvoé baan be bò mam mezing asu daan.
fr,ewo,Qu’est-ce que vous aimez que vos amis fassent pour vous ?,Dzé wò ding na bemvoé boé be bò asu doé?
fr,ewo,Lire et discuter de cette question :,Lang’a ai yalen a nsili hi:
fr,ewo,Qu’est-ce que Jéhovah attend de ses amis ?,Dzé Yéhova a yanga na bemvoé boé be bò?
fr,ewo,"Pour obéir à Jéhovah, nous devrons peut-être changer notre conduite ou certains traits de notre personnalité. Lire et discuter de cette question :","Asu yi na bi bò Yéhova mewog, dzam bò na bia yeane tséndé akol dulu daan ngeki mefulu maan. Lang’a ai yalen a nsili hi:"
fr,ewo,Pourquoi Jéhovah demande-t-il à ses amis de faire des changements ?,Amu dzé Yéhova a yi na bemvoé boé be tséndé?
fr,ewo,Jéhovah aide ses amis à surmonter leurs problèmes. Regarder la VIDÉO et discuter de la question qui suit.,Yéhova a vòli bemvoé boé na be dang mindzug. Bebege VIDÉO ai yalen a nsili hi:
fr,ewo,VIDÉO : Jéhovah a tellement fait pour moi (3:20),VIDÉO: Yéhova a bòya abui mam asu dama (3:20)
fr,ewo,Comment Jéhovah a-t-il aidé la jeune femme de la vidéo à lutter contre ses pensées et ses sentiments négatifs ?,Akia afé Yéhova a nga vòli mininga ya vidéo na a dang mindzug ai bebé mintsogen mié?
fr,ewo,Lire et discuter de ces questions :,Lang’a ai yalen minsili mi tsaa mi:
fr,ewo,Qu’est-ce que Jéhovah promet de faire pour tous ses amis ?,Ngaaga fé Yéhova a bò bemvoé boé bese?
fr,ewo,Pensez-vous que Jéhovah ferait un bon ami pour vous ? Pourquoi ?,Ye wò tsog na Yéhova a ne bò mbembe mvoé asu doé? Asu dzé?
fr,ewo,"Quand deux amis se parlent, ils renforcent leur amitié. Lire et discuter de ces questions :","Éyòng ba lèè, bemvoé ba yemede amvoé daba. Lang’a ai yalen minsili mi tsaa mi:"
fr,ewo,Comment peut-on parler à Jéhovah ?,Akia afé bi ne lèè ai Yéhova?
fr,ewo,Comment Jéhovah nous parle-t-il ?,Akia afé Yéhova a lèè ai bia?
fr,ewo,ON ENTEND PARFOIS : « Ce n’est pas possible d’être l’ami de Dieu. »,ABUI BOT DA DZO NA: “Bi seki dzam tòbò amvoé ai Zamba.”
fr,ewo,Quel verset utiliseriez-vous pour montrer qu’on peut être ami avec Jéhovah ?,Bifus bifé o ne dzam belen ai biè asu yi na o lere na bi ne tòbò amvoé ai Zamba?
fr,ewo,Jéhovah veut que vous soyez son ami et il vous aidera à le devenir.,"Yéhova a yi na o tòbò mvoé dzié, ai a yi wò vòli mfaa té."
fr,ewo,Comment Jéhovah aide-t-il ses amis ?,Akia afé Yéhova a vòli bemvoé boé?
fr,ewo,Pourquoi Jéhovah demande-t-il à ses amis de faire des changements ?,Amu dzé Yéhova a dzo ai bemvoé boé na be bò mintsénden?
fr,ewo,Pensez-vous que Jéhovah attend trop de ses amis ? Pourquoi ?,"Mfaa woé, ye wò tsog na é ne ayié ya tòbò mvoé Zamba? Asu dzé?"
fr,ewo,Ce que l’amitié avec Jéhovah peut vous apporter.,Amvoé doé ai Zamba a ne wò sò ai dzé?
fr,ewo,"« Jéhovah : un Dieu qui mérite d’être connu » ( La Tour de Garde , 15 février 2003)","“Jéhovah—un Dieu qui mérite d’être connu” ( La Tour de Garde, 15 Février 2003)"
fr,ewo,Comment nouer une amitié avec Dieu ?,Yègè akia afé o ne tòbò amvoé ai Zamba.
fr,ewo,"« Comment devenir l’ami de Dieu ? » ( Les jeunes s’interrogent. Réponses pratiques [volume 2], chapitre 35)","“Comment devenir l’ami de Dieu?” ( Les jeunes s’interrogent.—Réponses pratiques [volume 2], chapitre 35)"
fr,ewo,Une femme est convaincue que son amitié avec Dieu l’a sauvée.,Yen akia afé mininga zing a woren na amvoé dié ai Yéhova ndzò ya nyii nyè.
fr,ewo,« Je ne voulais pas mourir ! » ( La Tour de Garde n o 1 2017),“Je ne voulais pas mourir!” ( La Tour de Garde n° 1 2017)
fr,ewo,Des adolescents parlent de leur amitié avec Jéhovah.,Yene ane binanga bia lèè minlang mi bebege amvoé daba ai Yéhova.
fr,ewo,Qu’est-ce qu’on ressent quand on est l’ami de Dieu ? (1:46),Dzé mot a woren éyòng a ne mvoé Zamba? (1:46)
fr,ewo,Un ami nous donne des conseils pour notre bien et pour nous protéger. Jéhovah fait la même chose avec ses amis.,Mvoé dzaan ya bâlen bia melebega ma sili asu nfi waan. Yéhova a bò dzam deda asu bemvoé boé
fr,ewo,Vos amis proches sont là quand vous avez besoin d’aide. Jéhovah vous aidera aussi.,Bemvoé boé be ne wò babi ba vòli wò éyòng o ne a meyang’en. Yéhova a yi fe wò vòli
fr,ewo,Nous parlons à Jéhovah grâce à la prière ; il nous parle grâce à la Bible.,"Bia lèè ai Yéhova éyòng bia kogelen, mfaa woé, a kòbò ai bia ai zen ya Bibe"
fr,ewo,Vous est-il déjà arrivé de ne pas savoir quoi faire dans une situation ? Aimeriez-vous avoir la réponse à certaines questions ? Avez-vous besoin d’être réconforté ? Aimeriez-vous vous sentir plus proche de Jéhovah ? La prière peut vous aider. Mais quelle est la bonne façon de prier ? Dieu écoute-t-il toutes les prières ? Et que pouvez-vous faire pour que Dieu écoute vos prières ? C’est ce dont parle cette leçon.,Ye é kuiya wò na feg ya dzang wò éyòng o tele étié zing? Ye wò yi na wò yem biyalen ya minsili mizing? Ye wò yang’en ai awono? Ye wò yi na wò subu Yéhova babi? Ngogelen é ne wò dzam vòli na o dzali meyang’en moé meté. Veda akia afé o ne tuene kogelen? Ye Zamba a vogolo fò mengogelen mese? Dzé o ne dzam bò asu yi na Zamba a vogolo mengogelen moé ? Bia yi yalen minsili mité ayègè di.
fr,ewo,"Jésus a enseigné que nous devons uniquement prier notre Père céleste, Jéhovah. Et c’est ce qu’il a fait lui-même. Il a dit : « Vous devez donc prier ainsi : “Notre Père qui es dans les cieux...” » ( ). Quand nous prions Jéhovah, nous renforçons notre amitié avec lui.","Yésus a nga yegele na Tara waan ya yob, Yéhova, nnye étam bia yeane kogelen ai nyè. É ne é dzom émen a nga bò. A nga dzo na: “Éye mi karege kogelen na: ‘A Tara waan o ne a yob . . . ’” ( ). Éyòng bia kogelen ai Yéhova, nala a vòli na amvoé daan ai nyè a tòbò ngul."
fr,ewo,"Nous pouvons prier pour à peu près tout. Bien sûr, pour que Dieu réponde à nos prières, il faut qu’elles soient en accord avec sa volonté. Dieu « nous écoute, quelle que soit la chose que nous demandons en accord avec sa volonté » ( ). Jésus a donné des exemples de choses pour lesquelles nous pouvons prier (lire ). Nous pouvons prier pour des questions personnelles, mais n’oublions pas de remercier Dieu pour ce qu’il fait pour nous, et demandons-lui aussi d’aider les autres.","Bi ne dzam kogelen asu dzom ése. Mbol yi na Zamba a vogolo bia, é dzom ése bia dzaa nyè ya yeane toben ai nyien woé. A nga dzo na “nge bi dzaa nyè dzom a nyien woé [Zamba], a wog bia” ( ). Yésus a nga ve bia memvulna ya é mam bi ne dzam sili a ngogelen (Lang’a ). Bi ne kogelen asu é mam ma bebe bia, veda te bia vuen ve Zamba ngang asu é mam a bò asu daan. Bi ne fe kogelen asu é bot bevòk."
fr,ewo,"La Bible nous encourage à ‘épancher notre cœur auprès de Dieu’ ( ). Donc nos prières doivent être sincères, elles doivent venir du cœur. Nous pouvons prier n’importe quand et n’importe où, à voix haute ou dans notre tête, et dans n’importe quelle position respectueuse.","Bibel a yegele bia na “bi soé minnem miaan asu [Zamba]” ( ). Ndò fe mengogelen maan ma yeane bi sò a nnem. Bi ne dzam kogelen abog ase ai vom ose, a yob été ngeki a menying. Bi ne fe tebe akia étié ése veda bi bò dò ai dzin."
fr,ewo,"Il le fait de plusieurs façons. Jéhovah nous a donné sa Parole, la Bible, où nous trouvons souvent la réponse à nos questions. Lire la Parole de Dieu peut « rendre sage celui qui est inexpérimenté » ( ; lire ). Il peut nous donner la paix de l’esprit quand nous avons des difficultés. Et il peut inciter ses adorateurs à nous aider quand nous en avons besoin.","A bò dò ai abui mezen. Yéhova a nga ve bia Ébug dzié, Bibel, é vom ya bia kòb biyalen ya minsili miaan. Éyòng bia lang kalara Zamba nala a vòli bi na “[bi bò] mimfefeg” ( ; Lang’a ). A ne bi dzam ve mvòè ya nsisim éyòng bia toben ai mindzug. A ne fe tindi bebò bisié boé na be vòli bia éyòng bi ne a meyang’en."
fr,ewo,Voyons quelles prières plaisent à Dieu et pourquoi la prière nous fait du bien.,Yene akia mengogelen mefé ma fû Zamba nnem ai akia afé ngogelen é ne bi bò nfi.
fr,ewo,À quelles conditions Dieu écoute-t-il nos prières ? Regarder la VIDÉO .,Mam mefé me ne bò na Zamba a vogolo mengogelen maan ngeki na a bò tegè mò vogolo? Bebege VIDÉO .
fr,ewo,VIDÉO : Dieu écoute-t-il toutes les prières ? (extrait) (2:42),VIDÉO: Ye Zamba a vogolo mengogelen mese?​—Étun (2:42)
fr,ewo,Jéhovah veut que nous le priions. Lire et discuter de ces questions :,Yéhova a yi na bi kogelen ai nyè. Lang’a ai yalen minsili mi tsaa mi:
fr,ewo,Pensez-vous que Dieu veut ‘écouter vos prières’ ? Pourquoi ?,Ye wò tsog na “Ényò a wog ngogelen” a yi na o kogelen ai nyè? Asu dzé?
fr,ewo,"Pour que Dieu écoute nos prières, il faut nous efforcer de vivre selon ses normes. Lire et , et discuter de cette question :","Mbol yi na Zamba a vogolo mengogelen maan, bia yeane ve mengul na bi wulu ane mezen moé me ne. Lang’a ai ai yalen a nsili hi:"
fr,ewo,Que devons-nous faire pour que Dieu écoute nos prières ?,Dzé bia yeane bò asu yi na Yéhova a vogolo mengogelen maan?
fr,ewo,"Pendant une guerre, chaque camp prie souvent pour obtenir la victoire. Mais est-il logique de penser que Dieu va exaucer leurs prières ?","Abog bita, nkan bita ose wa kare kogelen asu yi na o dang. Ye bi ne tsog na Zamba a yi wog kan mengogelen meté?"
fr,ewo,Certaines personnes ont appris qu’il fallait répéter les prières mot à mot. Mais est-ce comme cela que Jéhovah veut qu’on le prie ? Lire et discuter de cette question :,"Abui bot a nga yègè na ba yeane bâlen bibug mengogelen nge a belen mengogelen bot befe be nga man til. Ve, ye akia té nde Zamba a yi na bot be kogelen ai nyè? Lang’a ai yalen a nsili hi:"
fr,ewo,Comment faire pour ‘ne pas répéter toujours les mêmes choses’ dans nos prières ?,Akia afé o ne bò te bâlen “dzam deda biyòng biyòng” a mengogelen moé?
fr,ewo,"Chaque jour, pensez à une chose positive qui vous est arrivée, puis remerciez Jéhovah. Si vous le faites pendant une semaine, vous aurez prié à propos de sept sujets différents sans vous répéter.","Amos ose, tsogo é dzam a ne mbeng a he kui wò ai vaa Yéhova ngang. Nge wò bò nala amos ose a tang nguma sòndò, o kogeleneya asu mam zamgba a me ne kan kan, nala a nga bò na o tege fe bare bâlen dzam deda."
fr,ewo,Comment la prière peut-elle nous donner de la force dans les bons comme dans les mauvais moments ? Regarder la VIDÉO .,Akia afé ngogelen é ne bi dzam ve ngul abog mindzug ngeki abog mintak? Bebege VIDÉO .
fr,ewo,VIDÉO : La prière peut nous aider à endurer une épreuve (1:32),VIDÉO: Ngogelen é ne bi vòli na bi dzibi ndzug zing (1:32)
fr,ewo,"La Bible promet que, grâce à la prière, nous pouvons connaître la vraie paix intérieure. Lire et discuter de ces questions :",Bibel a kaa bi na ngogelen é ne bi dzam vòli na bi bi évovoé a nnem. Lang’a ai yalen minsili mi tsaa mi:
fr,ewo,"La prière ne règle pas toujours nos problèmes, mais comment peut-elle quand même nous aider ?","Tò ane ngogelen ya vaa ki mindzug miaan, ve akia afé é ne bi vòli?"
fr,ewo,Pour quelles choses voudriez-vous prier ?,Asu mam mefé wò yi na wò kogelen?
fr,ewo,"Le mot « amen » signifie « qu’il en soit ainsi » ou « certainement ». La Bible montre que depuis très longtemps, les adorateurs de Dieu disent « amen » à la fin d’une prière ( ).","Ébug “amen” ya tilen na “a bòben akia o he dzo” ngeki “a tòbega nala.” Bibel a lere na oyab melu ya mvus, bebò bisié be Yéhova be karege fala ébug “amen” a mesuu me ngogelen ( )."
fr,ewo,"Parfois, on est tellement occupé qu’on en oublie de prier. Quelle importance Jésus accordait-il à la prière ? Lire et , et discuter de ces questions :","Da kui biyòng bizing na mbol bi bele abui mam ya bò, bia vuen ngogelen. Abim afé ngogelen é nga be nfi asu Yésus? Lang’a ai ai yalen minsili mi tsaa mi:"
fr,ewo,Comment Jésus faisait-il pour avoir le temps de prier ?,Dzé Yésus a mbe bò asu yi na a bi abog ya kogelen?
fr,ewo,Quand pouvez-vous vous réserver du temps pour prier ?,Abog afé o ne dzam kogelen?
fr,ewo,"ON ENTEND PARFOIS : « La prière, ce n’est qu’une béquille psychologique. »",ABUI BOT DA DZO NA: “Ngogelen é ne édzèè abog amu mot zing a vogolo ki dzò.”
fr,ewo,Que répondriez-vous à une personne qui vous dit cela ?,Mfaa woé wò yen ya?
fr,ewo,Des prières sincères renforcent notre amitié avec Dieu. Elles nous donnent la paix intérieure et la force dont nous avons besoin pour plaire à Jéhovah.,"Mengogelen ma sò a nnem me ne mbeng, ma yemede fe élat dzaan ai Zamba, ma ve bia évovoé a nnem ai é ngul bia yang’en ai dzò asu yi na bi fû Yéhova nnem."
fr,ewo,Qui devons-nous prier ?,Za nnye bia yeane kogelen ai nyè?
fr,ewo,Comment devons-nous prier ?,Akia afé bia yeane kogelen?
fr,ewo,Que nous apporte la prière ?,Ngogelen ya sò ai bi dzé?
fr,ewo,La réponse à des questions que beaucoup de personnes se posent sur la prière.,Bii biyalen bot ba sili a bi tii ai ngogelen.
fr,ewo,"« Sept choses à savoir sur la prière » ( La Tour de Garde , 1 er octobre 2010)","“Sept choses à savoir sur la prière” ( Tour de Garde, 1 er Octobre 2010)"
fr,ewo,Pourquoi est-ce important de prier et comment améliorer vos prières ?,Amu dzé é ne nfi na bi kare kogelen ai akia afé bi ne tuene kogelen?
fr,ewo,« Pourquoi devrais-je prier ? » (article jw.org),“Pourquoi devrais-je prier?” (Nlo adzo a jw.org)
fr,ewo,La Bible enseigne à qui nous devons adresser nos prières.,Bibel a yegele bia za bia yeane kogelen ai nyè.
fr,ewo,« Devrais-je prier les saints ? » (article jw.org),“Devrais-je prier les saints?” (Nlo adzo a jw.org)
fr,ewo,"Cette vidéo montre que nous pouvons prier n’importe où, n’importe quand.",É vidéo nyi a lere bia na bi ne dzam kogelen ai Zamba abog ase ai vom ose.
fr,ewo,Prie Dieu (1:22),Prie Dieu (1:22)
fr,ewo,Un bon père veut que son enfant lui parle avec son cœur. Jéhovah aussi veut que nous lui parlions avec notre cœur.,"Ésia a yi na mòn woé a lèè ai nyè ai nnem woé ose. Akia deda, Yéhova a yi na bi kogelen ai nyè ai nnem waan ose"
fr,ewo,"Avez-vous déjà assisté à une réunion des Témoins de Jéhovah ? Si ce n’est pas le cas, vous vous sentez sûrement un peu stressé à l’idée d’y aller pour la première fois. Vous vous demandez peut-être : « Que se passe-t-il à ces réunions ? Pourquoi sont-elles importantes ? Et pourquoi devrais-je y assister ? » Dans cette leçon, vous apprendrez que vous réunir avec d’autres personnes peut renforcer votre amitié avec Dieu et vous aider dans votre vie.","Ye o tòbòya ékoen Beboala be Yéhova? Nge tegè, o ne dzam wog ndzug éyòng ba banda wò éyòng osu. O ne sili wòmen na: ‘Dzé ya loren a bikoen bité? Amu dzé bi ne ai nfi? Amu dzé ma yeane ke tòbò a bikoen biaba?’ Ayègè di, wò yi yègè na éyòng wò togen ai bot bevòk nala a yemede amvoé doé ai Zamba ai nala a vòli fe wò énying dzoé."
fr,ewo,"Un écrivain de la Bible en donne la raison principale : « Dans le grand rassemblement, je louerai Jéhovah » ( ). Aujourd’hui aussi, les Témoins de Jéhovah ont l’habitude de se réunir et ils prennent plaisir à le faire. Dans le monde entier, ils se réunissent chaque semaine avec leur assemblée locale pour adorer Dieu, lui chanter des louanges et le prier. Et deux à trois fois par an, ils le font lors de grands rassemblements.","Ntil Bibel zing a nga lere amu dzé: “A zang bikoen ma tamen wò a Zamba” ( ). É melu ma fe, Beboala be Yéhova be bele fulu ya kare togen a mebaa me Édzoé asu yi na be lugu Zamba. A si ése, ba kare togen sòndò ase ai mekonda maba asu yi na be lugu Zamba, be yiagè nyè bia ai be kogelen nsamba. Ai biyòng bilè ngeki bibè ba togen fe asu yi na be bò dò a boro bitogen."
fr,ewo,"À leurs réunions, les Témoins de Jéhovah enseignent la Bible ; ‘ils l’expliquent clairement et en donnent le sens’ (lire ). Si vous y assistez, vous en apprendrez plus sur Jéhovah et sur ses qualités. Plus vous entendrez parler de son amour pour vous, plus vous vous sentirez attiré par lui. Vous découvrirez aussi qu’il peut vous aider à avoir une vie pleine de sens ( ).","A bikoen biaba Beboala be Yéhova ba yegele Ébug Zamba, “ba felen bot, be timigi fe bò; bot be nga tuene wog nlang’en” (Lang’a ). Nge wò tòbò a bikoen, wò yi yem abui mam me bebege Yéhova ai abeng mefulu moé. Ane wò yi wog abui mam me bebege éding Zamba asu doé, éye fe wò yi nyè subu babi nala. Wò yi fe yen na a ne wò vòli na o bi énying é bele nguma nsongen ( )."
fr,ewo,"Jéhovah nous demande de ‘nous soucier les uns des autres pour nous inciter à l’amour et aux belles œuvres, et de ne pas abandonner nos réunions’ ( ). Aux réunions, vous rencontrerez des gens qui se soucient sincèrement des autres et qui, comme vous, veulent en savoir plus sur Dieu. Vous les entendrez parler de ce qui les encourage dans la Bible (lire ). Vous ferez la connaissance de personnes qui sont heureuses, même si, comme tout le monde, elles ont des problèmes. Voilà pourquoi, entre autres, Jéhovah veut que nous nous réunissions régulièrement !","Yéhova a dzo na “nnòng’en ngab bia bia asu yi na bi ding’en a bi mimbembe mimbòen, tegè ndemere ntogen fufulu waan” ( ). A bikoen biaan, wò yi toben ai é bot ba wogen mintié bò bò, ai a ba yi fe ane wò ne ba yem mam me bebege Zamba. Wò yi wog ane ba lèè é mam ma ve bò awono a Bibel (Lang’a ). Wò yi yem bot bezing be bele mintak tò ane bò fe ba toben ai abui mindzug. Dzom té ndzò Yéhova a yi na bi tòbò a bikoen mban!"
fr,ewo,Parlons de ce qui se passe aux réunions des Témoins de Jéhovah et voyons pourquoi cela vaut la peine d’y assister.,Yene dzé ya loren a bikoen Beboala be Yéhova ai amu dzé a ne nfi ya tòbò a bikoen bité.
fr,ewo,"Au 1 er siècle, les chrétiens se réunissaient régulièrement pour adorer Jéhovah ( ). Lire et discuter de cette question :","A ntet mimbu osu, bekristen be karege togen mban asu yi na be lugu Yéhova ( ). Lang’a ai yalen a nsili hi:"
fr,ewo,Comment les premiers chrétiens adoraient-ils Jéhovah ?,Akia afé bekristen ya osusua be karege lugu Yéhova?
fr,ewo,"Aujourd’hui, les Témoins aussi se réunissent régulièrement dans leurs lieux de culte. Pour voir à quoi ressemble une de leurs réunions, regarder la VIDÉO . Ensuite, observer l’image représentant une réunion et discuter des questions qui suivent.","Melu ma, Beboala be Yéhova ba togen mban a mebaa me Édzoé. Asu yi na o yen ane bikoen biaan bia loren, Bebege VIDÉO . Ai amvus, bebege évegele ya lere ane bikoen bia loren abaa Édzoé, ai yalen a minsili mi tsaa mi:"
fr,ewo,VIDÉO : Que se passe-t-il dans une salle du Royaume ? (2:12),VIDÉO: Dzé ya lot a nda bikoen ya Édzoé? (2:12)
fr,ewo,Quels points communs avez-vous notés entre ce qui se passe dans une salle du Royaume et ce que vous avez lu en ?,Bifulen bifé bi ne a zang é mam ma loren abaa Édzoé ai é ma o he lang a ?
fr,ewo,"Dans la vidéo ou sur l’image, y a-t-il quelque chose en particulier qui vous donne envie d’assister aux réunions ?","A vidéo ngeki a bivegele, ye o ding dzam zing é he ve wò ngong ya sò tòbò a bikoen?"
fr,ewo,Lire et discuter de cette question :,Lang’a ai yalen a nsili hi:
fr,ewo,Pourquoi les réunions des Témoins de Jéhovah sont-elles gratuites ?,Asu dzé Beboala be Yéhova ba sili ki mòni a bikoen biaba?
fr,ewo,Regardons ensemble ce qui sera examiné lors d’une prochaine réunion.,"Ai é mot a yegele wò Bibel, bebeni é mam bia yi yen ékoen ya é sòndò a zu."
fr,ewo,Quelle partie de la réunion vous semble la plus intéressante ou la plus utile pour vous ?,Ngab fé ya ékoen té ya dang wò namba ngeki na é ne wò nfi abui?
fr,ewo,"Sur jw.org, vous pouvez trouver les lieux et les horaires des réunions du monde entier.",A sit internet dzaan jw.org o ne sòm mefola ai mewola bikoen asu bikoen biaan a si ése.
fr,ewo,"À nos réunions, il y a des discours, des démonstrations et des vidéos. Les réunions commencent et finissent par un chant et une prière.","A bikoen biaan bikat mam bia bòben, besisia ai bevidéo. Bikoen biaan bia ke fe man ai dzia ai ngogelen"
fr,ewo,"Pendant certaines parties du programme, les assistants peuvent donner des commentaires.",Mengab mezing ya ékoen me ne akia yi na é ba be toa be ne nòng ngab éyòng ba yalen a minsili
fr,ewo,"Tout le monde est le bienvenu : les familles, les célibataires, les personnes âgées et les jeunes.","Mot ose a ne sò a bikoen​—menda mebot, minkoé, minnom mibot ai binanga"
fr,ewo,Nos réunions sont gratuites. Les Témoins de Jéhovah ne font pas payer l’entrée et ne font pas de collecte.,Bia sili ki mòni a bikoen biaan. Beboala be Yéhova ba nòng ki mòni ntòlò
fr,ewo,"Voyons ensemble l’exemple de la famille de Jésus. Chaque année, ils devaient marcher 100 kilomètres dans une région montagneuse pour aller au Temple, à Jérusalem. Lire et discuter de ces questions :",Nyeneni mvulna nda bot Yésus. Mbu ose be karege wulu bekilmèra 100 a minkol asu yi na be ke a Tempel. Lang’a ai yalen minsili mi tsaa mi:
fr,ewo,"À votre avis, est-ce que ce voyage était facile ?","Mfaa woé, ye dulu té a nga be ébugubu?"
fr,ewo,"D’après vous, quels efforts vous faudra-t-il faire pour assister aux réunions ?",Wò yen na mengul mefé o ne ve asu yi na o tòbò mban a bikoen?
fr,ewo,Pensez-vous que cela en vaudra la peine ? Pourquoi ?,Ye wò tsog na wò yeane tòbò a bikoen tò nde mam me ne ndzug asu doé? Asu dzé?
fr,ewo,La Bible dit que c’est très important de se réunir pour adorer Dieu. Lire et discuter de cette question :,Bibel a dzo na a togen fufulu asu yi na bi lugu Zamba a ne nya nfi. Lang’a ai yalen a nsili hi:
fr,ewo,Pourquoi faut-il assister aux réunions régulièrement ?,Amu dzé bia yeane tòbò a bikoen mban?
fr,ewo,"ON ENTEND PARFOIS : « Ça me suffit d’étudier la Bible à la maison, je n’ai pas besoin de me réunir avec d’autres personnes. »",ABUI BOT DA DZO NA: “Ma yen mbeng na me kare lang Bibel a nda. Ma yang’en ki fe na me ke togen ai bot befe.”
fr,ewo,Quel verset biblique ou quel exemple utiliseriez-vous pour montrer ce que Jéhovah veut ?,Éfus Bibel ngeki mvulna fé o ne belen ai dzò asu yi na o lere é dzom Yéhova a yi?
fr,ewo,"Assister aux réunions vous permettra d’en apprendre plus sur Jéhovah, de renforcer votre amitié avec lui et de l’adorer avec d’autres personnes.","A tòbò a bikoen a vòli wò na o yem abui mam me bebege Yéhova, o yemede amvoé doé ai nyè, ai o lugu nyè a zang bot befe."
fr,ewo,Pourquoi Jéhovah nous encourage-t-il à nous réunir ?,Amu dzé Yéhova a dzo ai bia na bi togen fufulu?
fr,ewo,Qu’allez-vous apprendre aux réunions des Témoins de Jéhovah ?,Dzé wò yi yègè ékoen Beboala be Yéhova?
fr,ewo,Quels autres bienfaits voyez-vous à assister aux réunions ?,Bemaa befé fe wò bi nge wò tòbò a bikoen?
fr,ewo,Êtes-vous stressé à l’idée d’assister à une réunion ? C’est ce qu’a ressenti un homme qui a fini par aimer les réunions.,"Ye wò sang’en abui asu yi na o tòbò a bikoen? Bebege akia afé man fam zing a mbe woren ane wò, a nga kèène ding bikoen."
fr,ewo,Nous n’oublierons jamais leur accueil (4:16),Bi seki dzam vuen akia ya be nga suen ai bia (4:16)
fr,ewo,Un jeune homme a aimé les réunions et a fait de gros efforts pour continuer d’y assister.,"Bebege akia afé man fam zing a nga ding bikoen, amvus nde a nga ve mengul moé mese na a ke osu a sò tòbò a bikoen."
fr,ewo,J’ai beaucoup aimé les réunions ! (4:33),Me nga ding bikoen abui! (4:33)
fr,ewo,Des personnes disent ce qu’elles pensent des réunions.,Yene é mam bot ba dzo na ba woren asu bikoen.
fr,ewo,« Pourquoi assister aux réunions tenues à la salle du Royaume ? » (article jw.org),“Pourquoi assister aux reunions du Royaume?” (Nlang’en a jw.org)
fr,ewo,La vie d’un criminel a complètement changé après qu’il a assisté à une réunion des Témoins de Jéhovah.,Yene ane énying nwoé bot é nga tséndé amvus yi na a tòbeya ékoen Beboala be Yéhova.
fr,ewo,"« Je ne sortais jamais sans mon arme » ( La Tour de Garde , 1 er juillet 2014)","“Je ne sortais jamais sans mon arme” ( La Tour de Garde, 1 er juillet 2014)"
fr,ewo,"Vous êtes-vous déjà trouvé face à un grand projet ? Vous vous êtes sans doute senti dépassé... Pour le rendre moins impressionnant, vous l’avez peut-être découpé en plusieurs petites tâches. C’est la même chose quand on veut lire la Bible. Vous vous demandez probablement par où commencer. Dans cette leçon, nous verrons des idées simples qui vous aideront à aimer lire et étudier la Bible.","Ye a kuiya wò na, éyòng wò tsog na ésié wò yi na wò bò é ne abui, o nga ku sòm? Asu yi na ésié té é bò wò ébugubu, wò yeane dzò kab mengab mengab. Dzam deda éyòng bia dzo na bia lang Bibel. O ne dzam sili wòmen na, ‘éye me ne kèè vé?’ Ayègè di, bia yi yen é ban mam o ne dzam bò a ma yi wò vòli na o nòng nfi ya nlang’en ai a yègè Bibel."
fr,ewo,"Quelqu’un qui lit régulièrement la Bible, ou la « loi de Jéhovah » , sera heureux et réussira ce qu’il fait (lire ). Pour commencer, essayez de lire la Bible quelques minutes chaque jour. Plus vous connaîtrez la Bible, plus vous aimerez la lire.","É mot a lang Bibel ngeki “mvéndé Yéhova” mban a yi tòbò mintak ai é dzam ase a yi bò da yi buguben (Lang’a ). A mekèè, dzeng na o nòng ban binuten amos ose asu nlang’en Bibel. Ane wò yi man yemen ai Ébug Zamba, éye fe wò yi fon ai nlang’en Bibel nala."
fr,ewo,"Pour profiter au maximum de la lecture de la Bible, il faut prendre le temps de réfléchir à ce qu’on lit, c’est-à-dire « méditer » dessus ( , note). Tout en lisant, demandez-vous : « Qu’est-ce que ce passage m’apprend sur Jéhovah ? Comment puis-je l’appliquer dans ma vie ? Comment l’utiliser pour aider les autres ? »","Asu yi na bi nòng nfi ya nlang’en Bibel, da sili na éyòng bia lang, bi tebe man éban, abog té bi nga fas mintilen bia lang, nala té a tilen na “a bindi mimfufub mintilen” ( , atòn). Ane wò lang Bibel, siligi wòmen na: ‘É dzam ma lang di da yegele ma dzé abe Yéhova Zamba? Akia afé me ne dzam lere é dzam ma lang a mimbòen énying dzama? Akia afé me ne dzam belen ai éfus Bibel dzi asu yi na me vòli é bot bevòk?’"
fr,ewo,"Avez-vous du mal à trouver le temps de lire la Bible ? Vous n’êtes pas le seul. Efforcez-vous de faire « le meilleur usage possible de votre temps » ( ). Vous pouvez par exemple choisir un moment précis pour lire la Bible chaque jour. Certains la lisent tôt le matin, d’autres à la pause de midi, d’autres encore le soir avant d’aller se coucher. Et pour vous, quel est le meilleur moment ?","Ye wò ve mengul asu yi na o bi abog ya lang Bibel? O séki étam a wò lumen akia té. Dzeng na “o tuene belen ai abog doé” ( ). O ne dzam bò nala éyòng wò nòng abog amos ose asu yi na o lang Bibel. Bot bezing ba lang Bibel ai ndib kikirigi. É ba bevòk ba lang nyè éyòng ba di a tolop. Bevòk ki, ba lang Bibel ngogogelé osusua yi na ba ke bombo. Abog afé a ne bò mbeng asu doé?"
fr,ewo,Découvrons comment rendre votre lecture de la Bible plus passionnante. Voyons aussi comment vous préparer pour profiter pleinement de votre étude de la Bible.,Bebege akia afé o ne bò na nlang’en Bibel woé o ve wò mintak. Bebege fe akia afé o ne tuene komezen asu yi na o nòng nfi ayègè Bibel doé.
fr,ewo,"Au début, ce n’est pas forcément facile de lire la Bible. Mais vous pouvez ‘apprendre à avoir très envie’ de la lire, comme quelqu’un qui apprend à aimer un nouvel aliment. Lire et discuter de cette question :","A séki ébugubu na mot a tari ayègè Bibel. Dzam da, o ne dzam ‘dzeng na o bi ngong’ ya lang nyè, ane mot a nòng fulu na a di bidi a mbeya ki tam di amos zing asu yi na a wog zam ya bidi bité. Lang’a ai yalen a nsili hi:"
fr,ewo,"Pensez-vous que si vous lisez la Bible chaque jour, vous finirez par aimer ça et que vous attendrez ce moment avec impatience ?","Ye wò yen ki na nge wò lang Bibel amos ose, wò yi kèène wog nlang’en Bibel mbeng ai o nga lang nyè mban?"
fr,ewo,Regarder la VIDÉO pour voir comment des jeunes ont appris à aimer la lecture de la Bible. Puis discuter des questions qui suivent.,Bebege VIDÉO asu yi na o yen akia afé binanga bizing bi nga bò mbol yi na be ding nlang’en Bibel. Ai yalen minsili mi tsaa mi:
fr,ewo,VIDÉO : Des jeunes qui apprennent à aimer la Parole de Dieu (5:33),VIDÉO: Les jeunes qui apprennent à aimer la parole de Dieu (5:33)
fr,ewo,Quelles difficultés les jeunes ont-ils réussi à surmonter ?,"A vidéo, mindzug mifé binanga bi nga dang?"
fr,ewo,Qu’est-ce qui les a aidés à atteindre leur objectif ?,Dzé é nga vòli bò na be dzali nsong’en waba ya lang Bibel?
fr,ewo,Qu’est-ce qui leur a permis de rendre la lecture de la Bible plus passionnante ?,Dzé é nga vòli bò na be bi mintak ya lang Bibel?
fr,ewo,Choisissez une traduction fiable et moderne . Essayez la Traduction du monde nouveau si elle est disponible dans votre langue.,Tòbò é Bibel a ne nkong’len a nkòbò o ne wò ébugubu ya wog. O ne dzam belen ai Traduction du monde nouveau nge a ne a nkòbò wò wog.
fr,ewo,Commencez par une partie qui vous semble intéressante. Vous trouverez des idées à la page « Pour prendre goût à la lecture de la Bible ».,Kèègè nlang’en ai bifus bia namba wò abui. O ne fe bebe é vom o ne nlo adzo na “ Lang’a Bibel amos ose .”
fr,ewo,Notez ce que vous avez lu. Servez-vous de la page « Ma lecture de la Bible ».,"Éyòng wò lang Bibel, tili é mam ma namba wò a nnem, belen ai é vom o ne nlo adzo na “ Tong’o nlang’en Bibel woé .”"
fr,ewo,"Utilisez l’application JW Library ® . Grâce à elle, vous pouvez lire ou écouter la Bible partout, avec un téléphone ou un autre appareil.","Belen ai application JW Library . Ai application té, o ne dzam lang ai a vogolo nlang’en Bibel é vom ose o ne ai smartphone ngeki nsina mfe."
fr,ewo,"Consultez les annexes de la Traduction du monde nouveau. Des cartes, des tableaux et un lexique rendront votre lecture plus intéressante.","Belen ai mintil mi ne a mefeb ya memana ya Traduction du monde nouveau . A mintilen mité, wò yi kòb mebora me si ma bebe minnam ya Bibel; minkukuma; bekuli medzo ya Bibel; é kalara a timi bipkélé, minlot, minsang mi mòni, belira ai abui mam afe bia kòb a Bibel a ma bò na mot a bi zam nlang’en Bibel."
fr,ewo,Lire et discuter de cette question :,Lang’a ai yalen a nsili hi:
fr,ewo,Pourquoi est-il bien de prier avant de lire la Bible ou avant de préparer votre cours biblique ?,Amu dzé a ne mbeng na bi kogelen osusua yi na bia lang Bibel ngeki osusua yi na bia komezen ayègè Bibel?
fr,ewo,"Comment profiter au maximum de chaque cours ? Quand vous préparez une leçon de ce livre, essayez la méthode suivante :","Akia fé o ne dzam nòng nfi ya ayègè Bibel doé? Éyòng wò komezen ayègè Bibel doé, o ne dzam bò akia di:"
fr,ewo,Lisez les paragraphes qui introduisent la leçon.,Lang’a mebeng ya mekèè me ayègè.
fr,ewo,"Prenez et lisez les versets, et essayez de comprendre leur lien avec l’idée développée.","Lang’a bifus ya Bibel, amvus ya été dzeng na o tuene wog élat é ne a zang bifus bité ai nlo ébug."
fr,ewo,Soulignez les mots clés ou les expressions qui répondent aux questions ; cela vous aidera quand vous discuterez de la leçon avec votre enseignant.,Furigi nten a bibug ngeki a nsamba bibug wa yalen minsili mise; nala a yi wò vòli abog wò yi bò ayègè ai nyegele Bibel woé.
fr,ewo,"Les Témoins de Jéhovah ont utilisé différentes traductions de la Bible, mais nous aimons particulièrement La Bible. Traduction du monde nouveau parce qu’elle est exacte et claire, et qu’elle utilise le nom de Dieu (voir l’article « Les Témoins de Jéhovah ont-ils leur Bible à eux ? » sur jw.org).","Beboala be Yéhova be nga belen ai bebibel mekia mekia. Dzam da bia dang ding Traduction du monde nouveau amu a Bibel té, faren nkòbò é ne a sang, mintil mi ne akia ya Bibel a nga tiliben osusua, be ndziki bag nge a vaa dzom zing a Bibel té, ai a belen ai dzoé Zamba (bebege nlang’en a jw.org “ Les Témoins de Jéhovah ont-ils leur Bible à eux? ” )"
fr,ewo,ON ENTEND PARFOIS : « C’est trop difficile d’étudier la Bible. Je n’ai pas le temps et pas assez d’énergie pour ça. »,"ABUI BOT DA DZO NA: “A yègè Bibel o ne ayié. Me bele ki abog, tò ngul é ne ma abòt.”"
fr,ewo,Qu’en pensez-vous ?,Mfaa woé wò yen ya?
fr,ewo,"Pour profiter au maximum de votre lecture de la Bible, réservez-vous un moment pour la lire, priez pour comprendre ce que vous lisez et préparez vos cours bibliques.","Asu yi na o nòng nfi a nlang’en Bibel, wò yeane nòng abog na o lang nyè, wò yeane kogelen asu yi na o tuene wog dzé wò lang, o komezen fe ayègè Bibel doé."
fr,ewo,Comment pouvez-vous profiter au maximum de votre lecture de la Bible ?,Dzé ya yi wò vòli na o nòng nfi ya ayègè Bibel doé?
fr,ewo,Quel moment pouvez-vous réserver à la lecture et à l’étude de la Bible ?,Abog afé o ne tòb na wò yègè ngeki na wò lang Bibel?
fr,ewo,Quels avantages y a-t-il à préparer vos cours bibliques ?,Amu dzé é ne nfi na o komezen ayègè Bibel doé?
fr,ewo,Des idées qui vous permettront de profiter au maximum de votre lecture de la Bible.,Mefeg ma yi wò vòli na o nòng nfi a nlang’en Bibel woé.
fr,ewo,« Une lecture qui vous apportera beaucoup » ( La Tour de Garde n o 1 2017),“Une lecture qui vous apportera beaucoup” ( La Tour de Garde n° 1 2017)
fr,ewo,Trois façons de lire la Bible.,Mekia melè bi ne dzam lang Bibel.
fr,ewo,« Comment la Bible peut-elle m’aider ? (1 re partie) : Explore ta bible » (article jw.org),“Comment la Bible peut-elle m’aider? (1 re partie): Explore ta Bible” (Nlang’en a jw.org)
fr,ewo,Comment prendre plaisir à lire la Bible ?,Akia afé o ne wog zam nlang’en Bibel.
fr,ewo,« Comment la Bible peut-elle m’aider ? (2 e partie) : Rends ta lecture de la Bible agréable » (article jw.org),“Comment la Bible peut-elle m’aider? (2 e partie): Rends ta lecture de la Bible agréable” (Nlang’en a jw.org)
fr,ewo,Des personnes qui lisent la Bible depuis longtemps révèlent leurs astuces.,É bot be lang ya Bibel kòm ba ve bia mefeg maba.
fr,ewo,Une bonne étude individuelle (2:06),Une bonne étude individuelle (2:06)
fr,ewo,"Nous pouvons apprendre à aimer certains aliments. Pareillement, nous pouvons apprendre à aimer lire la Bible.","Bidi bizing bi ne na, ane bia di biè abog ase bi nga wog fe biè zam, dzam deda asu nlang’en Bibel"
fr,ewo,"Quand on fait un voyage, on fait de belles découvertes, mais on rencontre aussi parfois des difficultés. C’est un peu la même chose avec l’étude de la Bible. Il arrive qu’on se demande si on va être capable de continuer. Mais pourquoi cela en vaut-il la peine ? Qu’est-ce qui vous aidera à persévérer malgré les difficultés ?","A yègè Bibel a ne ane wò ke é dulu a ne ai nfi. Dzam da, dzam té da yi ki bò ébugubu abog ase. Mebog mezing wò yi sili wòmen na, ye ma yi fò bi ngul na ma ke ai ayègè dama osu. Asu dzé é ne nfi na bi ve mengul asu yi na bi ke ai ayègè daan osu? Dzé é ne wò dzam vòli na o ke osu ai ayègè Bibel tò nde wò toben ai mindzug?"
fr,ewo,"« La parole de Dieu est vivante et puissante » ( ). La Bible a une grande valeur parce qu’elle nous fait connaître les pensées de Dieu et ce qu’il ressent pour nous. C’est une source de connaissance, mais aussi de vraie sagesse et d’espoir. Et surtout, elle nous permet de devenir l’ami de Jéhovah. Quand on étudie la Bible, notre vie tout entière s’améliore.","“Amu Ébug Zamba é ne vevee ai ngul” ( ). Bibel a ne nfi abui amu a kulen mintsogen Zamba a bele ai wò ai dzé ya Zamba a woren éyòng wò bò mbol si, mbol ka. Bibel a vòli wò na o bi nyemen, bebela ai afiri. É dzam ben a ne nfi abui a ne na Bibel a vòli wò na o lat amvoé ai Yéhova. Éyòng wò yègè Bibel, wò dzogè na ngul Ébug Zamba é bò na o bi mbembe énying."
fr,ewo,"Les vérités de la Bible sont un vrai trésor. C’est pourquoi la Bible nous dit : « Achète la vérité et ne la vends jamais » ( ). Quand on réfléchit à la valeur d’un tel trésor, on est déterminé à continuer d’étudier la Bible, même s’il y a des obstacles (lire ).","Bebebela ya Bibel be ne ane akuma. Dzom té nde Bibel a tam bia na: “kusu bebela o be nyè kuen” ( ). Éyòng wò baala a nnem woé nfi ya bebebela ya Bibel, wò yi ve mengul asu yi na o ke ai ayègè Bibel doé osu, tò abog wò yi toben ai mindzug (Lang’a )."
fr,ewo,"Jéhovah, qui est le Créateur Tout-Puissant et votre Ami, a envie de vous aider à le connaître. Il peut vous donner « à la fois le désir et la force d’agir » (lire ). Donc si parfois vous manquez de motivation pour étudier ou pour mettre en pratique ce que vous apprenez, vous pouvez compter sur son aide. Et si vous avez besoin de force pour surmonter de l’opposition ou des obstacles, il peut vous en donner. Priez souvent Jéhovah de vous aider à persévérer ( ).","Yéhova a ne Zamba Ngul mese, mbondé waan ai mvoé dzaan. Yéhova a yi na a vòli bia na bi yègè é mam me tii ai nyè. Yéhova a ne bia dzam bò na “bi ding ai na bi sié amu mbembe nyien woé” (Lang’a ). Nala a tilen na, nge mebog mezing o bele ngong na wò yègè ngeki na o lere a mimbòen é dzom wò yègè, Yéhova a ne wò dzam vòli. Nge wò yang’en ai ngul asu yi na o dang mindzug ngeki melumen, Yéhova a ne wò dzam ve ngul té. Abog ya abog ase, siligi Yéhova a ngogelen na a vòli wò na o ke ai ayègè Bibel doé osu ( )."
fr,ewo,Découvrons comment il est possible de continuer d’étudier la Bible malgré une vie bien remplie ou de l’opposition. Puis voyons comment Jéhovah nous accorde son aide.,"Yene akia afé o ne dzam ke ai ayègè Bibel doé osu, tò mbol o bele abui mam wò yeane bò ngeki na wò toben ai melumen. Yene fe akia afé Yéhova a yi wò vòli na o ke ai ayègè Bibel doé osu."
fr,ewo,Parfois on a tellement de choses à faire qu’on pourrait se dire qu’on n’a pas le temps d’étudier la Bible. Alors comment faire ? Lire et discuter de ces questions :,Mebog mezing bi ne dzam tsog na bi bele ki abog ya yègè Bibel. Dzé é ne bi dzam vòli? Lang’a ai yalen minsili mi tsaa mi:
fr,ewo,"À votre avis, quelles sont « les choses les plus importantes » dans la vie ?","A ntsogen woé, dzé ya “dang nfi” énying dzoé?"
fr,ewo,Comment faire de votre étude de la Bible une priorité ?,Akia afé o ne dzam bò na ayègè Bibel a tòbò é dzom wò telé osu?
fr,ewo,"Si on met le sable d’abord, il n’y a pas assez de place pour toutes les pierres.","Nge wò dzali nlonga ai nseleg amvus ya étéré o nga dzeng na wò bag ngòk, ngòk té ya yi ki yeane"
fr,ewo,"Si on met d’abord les pierres, il y a assez de place pour presque tout le sable. Dans la vie, si on fait passer en premier « les choses les plus importantes », on aura le temps de les faire, et il nous restera du temps pour faire d’autres choses.","Nge wò kèè furi ngòk, wò yi bi afola asu yi na wò bag abui nseleg. Dzam deda, nge wò telé “é mam ma dang nfi’’ osu énying dzoé, wò yi bi ngul ya bò mam meté ai wò yi bi abog ya bò é mam mevòk"
fr,ewo,"L’étude de la Bible comble nos besoins spirituels, c’est-à-dire nos besoins de connaître et d’adorer Dieu. Lire et discuter de cette question :",Éyòng bia yègè Bibel bia dzali meyang’en maan ya nsisim​—a yem ai a lugu Zamba. Lang’a ai yalen a nsili hi:
fr,ewo,Que se passe-t-il quand on donne la priorité à l’étude de la Bible ?,Nfi mbé bia nòng éyòng bia telé ayègè Bibel osu?
fr,ewo,Il peut arriver que certaines personnes essaient de vous décourager d’étudier la Bible. Voyez l’exemple de Francesco. Regarder la VIDÉO et discuter des questions qui suivent.,"Mebog mezing, bot be ne dzam dzeng na be suu bia mengul a si asu yi na te bia ke ai ayègè Bibel osu. Bi tam yen mvulna Francesco. Bebege VIDÉO ai yalen minsili mi tsaa mi:"
fr,ewo,VIDÉO : Sa persévérance a été récompensée (5:22),VIDÉO: Sa persévérance a été récompensée (5:22)
fr,ewo,"Quand Francesco leur a parlé de ce qu’il apprenait, comment ses amis et sa mère ont-ils réagi ?","A vidéo, dzé bemvoé ai bot ya nda bot Francesco be nga bò éyòng a nga kat bò dzé a yègè a Bibel?"
fr,ewo,Comment sa persévérance a-t-elle été récompensée ?,Akia afé a nga bi maan ya fulu mban dzié?
fr,ewo,Lire et discuter de ces questions :,Lang’a ai yalen minsili mi tsaa mi:
fr,ewo,Que pensent votre famille et vos amis de ce que vous apprenez ?,Akia afé nda bot dzoé ai bemvoé boé ba yen é mam wò yègè a Bibel?
fr,ewo,"D’après ces versets, comment devriez-vous réagir si quelqu’un est contrarié parce que vous étudiez la Bible ? Pourquoi ?","Ane éfus Bibel dzi ya lere, akia afé wò yeane yalen éyòng mot a seki mintak na wò yègè Bibel? Amu dzé?"
fr,ewo,"Plus on s’approche de Jéhovah, plus on a envie de lui plaire. Il n’empêche qu’on peut trouver difficile de faire certains changements pour respecter ses normes. Si c’est votre cas, ne vous découragez pas. Jéhovah est là pour vous aider. Regarder la VIDÉO et discuter des questions qui suivent.","Ane wò subu Yéhova babi, éye fe nyien woé na o nyeb nyè a nnem wa yi nang nala. A ne dzam bò ayié na bi tséndé mam mezing ya énying dzaan asu yi na bi wulu a memvéndé me Yéhova. Nge a ne nala mfaa woé, te wò ku sòm. Yéhova a yi wò vòli. Bebege VIDÉO ai yalen minsili mi tsaa mi:"
fr,ewo,VIDÉO : Jéhovah nous aide à changer (3:56),VIDÉO: Jéhova nous aide à changer (3:56)
fr,ewo,Quels changements Jim a-t-il faits pour plaire à Jéhovah ?,"A ne vidéo a he lere, mintsénden mifé Jim a nga bò asu yi na a nyeb Zamba a nnem?"
fr,ewo,Qu’est-ce qui vous a marqué dans son histoire ?,Dzé ya dang wò namba a nnem abui a mvulna Jim?
fr,ewo,Lire et discuter de ces questions :,Lang’a ai yalen minsili mi:
fr,ewo,"Que fait Jéhovah pour « ceux qui le cherchent de tout cœur », c’est-à-dire pour ceux qui font des efforts pour le connaître et lui plaire ?","Yéhova a yi bò ya asu “é ba ba dzeng nyè” (é bala beté be ne é ba ba ve mengul asu yi na be yem Zamba, be nyeb fe nyè a nnem)?"
fr,ewo,"D’après ce verset, qu’est-ce que Jéhovah ressent quand il voit vos efforts pour étudier la Bible ?","Ane éfus Bibel té ya lere, Yéhova a woren ya éyòng a yen akia ya bia ve mengul asu yi na bi yègè Bibel?"
fr,ewo,ON POURRAIT VOUS DEMANDER : « Pourquoi est-ce que tu étudies la Bible ? »,MOT A NE WÒ DZAM SILI NA: “Amu dzé wò yègè Bibel?”
fr,ewo,Que répondriez-vous ?,Wò yi yalen ya?
fr,ewo,"Étudier la Bible peut vous permettre d’avoir la vie éternelle. Cela demande des efforts, mais si vous comptez sur Jéhovah, il vous récompensera.","Ane bebela na ayègè Bibel a séki ébugubu, dzam da a ne wò dzam vòli na o bi énying kòm. Kele osu na wò firi Yéhova, a yi wò ve maan ya été."
fr,ewo,Pourquoi les vérités bibliques ont-elles de la valeur pour vous ?,Asu dzé bebebela ya Bibel be ne nfi asu doé?
fr,ewo,Comment pouvez-vous donner la priorité aux « choses les plus importantes » ?,Akia afé o ne dzam “telé é mam me ne nfi osu”?
fr,ewo,Pourquoi devriez-vous demander à Jéhovah de vous aider à poursuivre votre étude de la Bible ?,Asu dzé wò yeane sili Yéhova na a vòli wò na o ke osu ai ayègè Bibel doé?
fr,ewo,Quatre principes qui aident beaucoup de gens à bien gérer leur temps.,É biem binyi bi nga vòli abui bot na be tuene belen ai abog daba.
fr,ewo,"« Comment bien gérer son temps » ( Réveillez-vous ! , février 2014)","“Comment bien gérer son temps” ( Réveillez-vous!, février 2014)"
fr,ewo,"Une mère de famille faisait des efforts pour plaire à Dieu, mais son mari ne la comprenait pas. Comment Jéhovah a-t-il aidé cette femme ?",Bebege akia ya Yéhova a nga vòli é mininga ya nnom a nga beki a wogo asu dzé ngal a ve mengul mbol yi na a bò nyien Yéhova.
fr,ewo,Jéhovah nous donne la force de porter notre charge (5:05),Jéhovah nous donne la force de porter notre charge (5:05)
fr,ewo,L’histoire d’un homme qui est devenu l’ami de Dieu grâce à la persévérance de sa femme.,Bebege akia ya nnom fam a nga lat amvoé ai Yéhova amu mininga woé a nga ke osu na a bò nyien Yéhova.
fr,ewo,J’ai fait un procès à la vérité (6:30),J’ai fait un procès à la vérité (6:30)
fr,ewo,On accuse parfois les Témoins de Jéhovah de briser les familles. Qu’en est-il vraiment ?,Ba kare sòmen Beboala be Yéhova na ba tsam menda mebot. Ye a ne bebela?
fr,ewo,« Les Témoins de Jéhovah brisent-ils les familles ou les aident-ils à être plus fortes ? » (article jw.org),“Les Témoins de Jéhova brisent-ils les familles ou les aident-ils à être plus fortes?” (Nlang’en a jw.org)
fr,ewo,"Si Dieu est amour, pourquoi des religions qui disent le représenter ont-elles fait autant de mal ? Tout simplement parce que ces religions sont fausses ; elles déshonorent Dieu. Comment le déshonorent-elles ? Qu’en pense Dieu ? Et que va-t-il faire de ces religions ?","Nge Zamba a ne éding, asu dzé bebé bemam ba bòben a minyebe mia dzo na mia sò abe Zamba? Da yené mbeng mbeng na minyebe mité mi ne bivus minyebe; mia tsam minnal mi bebege Zamba. Akia afé mia tsam minnal mité? Zamba a woren ya éyòng a yen nala? Dzé Zamba a yi bò ai bivus minyebe?"
fr,ewo,"Les fausses religions ont « échangé la vérité de Dieu contre le mensonge » ( ). Par exemple, la plupart des religions n’enseignent pas le nom de Dieu à leurs fidèles. Pourtant, la Bible dit qu’il est indispensable d’utiliser le nom de Dieu ( ). De plus, certains chefs religieux disent que, quand un malheur arrive, c’est la volonté de Dieu. Mais c’est un mensonge. Dieu ne fait jamais de mal (lire ). Malheureusement, ces mensonges religieux ont éloigné les gens de Dieu.","Évus nyebe é nga “fòl bebela ya abe Zamba ai minnal” ( ). Mvulna dzia é ne na, abui avòk ya éteré da yegele ki beyebe baba dzoé Zamba. Dzam da, Bibel nyè a dzo na é ne nfi na bi belen ai dzoé Zamba ( ). Ndò fe betebe be osu ya minyebe ba yegele na Zamba nnye a bondé mindzug. Ve minnal mili. Zamba a bò ki dzom zing é ne abé (Langʼa ). Ndzug o ne na, minnal mité mi nga bò na abui bot a ke Zamba oyab."
fr,ewo,"Les fausses religions ne traitent pas les gens comme Jéhovah. La Bible dit que les péchés des fausses religions « se sont accumulés jusqu’au ciel » ( ). Depuis des siècles, les religions s’impliquent dans la politique, soutiennent les guerres et provoquent ou approuvent la mort de millions de gens. Certains chefs religieux vivent dans le luxe et demandent de l’argent à leurs fidèles pour financer ce style de vie. Tous ces actes prouvent que ces religions ne connaissent vraiment pas Dieu et ont encore moins le droit de le représenter (lire ).","Évus nyebe ya nòng ki ndzug ai beyebe boé akia ya Zamba a yi. Bibel a lere na “minsem mi nyebe mvol mi man koen akelkui a yob” ( ). A tang mintet mimbu, minyebe mi nga kalen mam ai politik, mi nga sug bita, mi sug fe awu abui bot. Betebe be osu bezing ya minyebe ba fon ai mbembe énying ai é mòni ba nòng abe beyebe baba. Mimbòen mité mia lere na ba yem ki Zamba, ai na ba sò ki abe nyè (Langʼa )."
fr,ewo,"Si ce que font les fausses religions vous met en colère, imaginez ce que Jéhovah ressent ! Il aime les gens, mais il est en colère contre les chefs religieux qui le déshonorent et qui maltraitent leurs fidèles. Il promet que les fausses religions seront détruites et qu’ « on ne [les] reverra plus jamais » ( ). Bientôt, Dieu va faire disparaître toutes les fausses religions ( ).","Nge wò wog mimbòen mi évus nyebe abé, wò tsog na Zamba nyè a woren ya? Zamba a ding bot, ve a fem é betebe be osu ya minyebe ba tsam minnal mi bebege nyè ai be tibili fe beyebe baba. Zamba a kaa bia na melu ma zu, évus nyebe ya yi tsamben “ba yi ki fe nyè bare yen” ( ). Ve man éban, Zamba a yi mana ai bivus minyebe bise ( )."
fr,ewo,"Parlons un peu plus de ce que Dieu ressent envers les fausses religions. Voyons aussi plus en détail ce qu’elles ont fait, et voyons pourquoi cela ne doit pas nous empêcher d’apprendre à connaître Jéhovah.","Yene dzé Zamba a woren asu bivus minyebe. Yene fe dzé évus nyebe ya bò, ai amu dzé nala wa yeane ki kamen ai wò na o ke osu na wò yègè yem Yéhova."
fr,ewo,Beaucoup de gens pensent que les religions sont des routes différentes qui mènent toutes à Dieu. Mais est-ce vrai ? Lire et discuter de cette question :,"Abui bot da tsog na minyebe mi ne ane mezen mese ma ke abe Zamba. Ve, ye nala a ne bebela? Langʼa ai yalen a nsili hi:"
fr,ewo,Comment la Bible décrit-elle la route qui mène à la vie ?,Akia afé Bibel a timi é zen ya ke énying?
fr,ewo,Regarder la VIDÉO et discuter de la question qui suit.,Bebege VIDÉO ai yalen a nsili hi:
fr,ewo,VIDÉO : Dieu accepte-t-il toutes les religions ? (extrait) (3:22),VIDÉO: Ye Zamba a yebe kan minyebe mise? ​​ —Étun (3:22)
fr,ewo,La Bible dit-elle qu’il y a de nombreuses religions qui plaisent à Dieu ?,Ye Bibel a yegele na abui minyebe mia nyeb Zamba a nnem?
fr,ewo,"Les religions déshonorent Dieu de nombreuses façons. Par exemple, leur implication dans les guerres est tristement célèbre. Regarder la VIDÉO et discuter des questions qui suivent.",Minyebe mi nga ve dzoé Zamba mvit abui mezen. Zen dzia ya été é ne na minyebe mi nga sug bita. Bebege VIDÉO ai yalen minsili mi tsaa mi:
fr,ewo,VIDÉO : Le rôle des Églises dans la Deuxième Guerre mondiale (2:22),VIDÉO: Étié minyebe mi nga tebe abog boro bita bi nga bòben a si éyòng bèè (2:22)
fr,ewo,Qu’ont fait beaucoup d’Églises pendant la Deuxième Guerre mondiale ?,Abui minyebe mi nga tebe étié fé éyòng ngul bita bi nga bòben a si ndon ése éyòng bèè?
fr,ewo,Qu’en pensez-vous ?,Mfaa woé wò yen étié be nga tebe ya?
fr,ewo,Lire et . Puis discuter de ces questions :,Langʼa ai . Amvus ya été yalen a minsili mi tsaa mi:
fr,ewo,"À votre avis, que ressent Jéhovah quand des religions s’impliquent dans une guerre ?",Dzé Yéhova a woren éyòng minyebe mia sug bita?
fr,ewo,Les fausses religions causent beaucoup de mal. Pourriez-vous citer des exemples qui montrent que les religions n’imitent pas l’amour de Dieu ?,"Évus nyebe é nga bò abui bebé bemam. Nde, mfaa woé wò yen na évus nyebe é ndziki lere fulu éding Zamba a mezen mefé?"
fr,ewo,Lire * et discuter de cette question :,Langʼa * ai yalen a nsili hi:
fr,ewo,Qu’est-ce que cela vous fait de savoir que Dieu veut aider les gens qui ont été trompés par les fausses religions ?,Wò wòren ya éyòng wò wog na Zamba a yi na a koré é bot be tii a ngarak évus nyebe?
fr,ewo,Ce que disent et font les fausses religions devrait-il influencer l’opinion que vous vous faites de Dieu ? Imaginez qu’un fils rejette les bons conseils de son père. Il quitte la maison et tourne mal. Le père n’est pas d’accord avec ce que fait son fils. Pourquoi serait-il injuste de rendre le père responsable des choix de son fils rebelle ?,Ye minyegelen ai mimbòen mi évus nyebe mia yeane tséndé akia ya wò yen Zamba ngaa? Tam fas na mòngò a teb é susuo zen ésia a lere nyè. Éyòng té a koro a nda ésia a nga bò bebé bemam. Ésia a seki king ai mimbòen mi mòn woé. Amu dzé é séki susuo na ésia nnye a bege bidzo ya melò me mòn woé?
fr,ewo,Serait-il juste d’en vouloir à Jéhovah et d’arrêter d’apprendre à le connaître à cause de ce que font les fausses religions ?,"Ye a ne mbeng na bi ve Zamba bidzo amu mimbòen mi évus nyebe, bi ntoa tegè fe bare dzeng na bi tuene nyè yem?"
fr,ewo,ON ENTEND PARFOIS : « Je ne veux pas entendre parler de Dieu parce que les religions ont fait trop de mal. »,ABUI BOT DA DZO NA: “Ma yi ki na ma wog é dzam la bebe Zamba amu bebé mimbòen ya minyebe.”
fr,ewo,Est-ce aussi ce que vous ressentez ?,Ye wò fe wò woren dzam deda?
fr,ewo,Pourquoi ce que font les fausses religions ne devrait-il pas influencer l’opinion que vous vous faites de Jéhovah ?,Amu dzé mimbòen mi évus nyebe mia yeane ki bò na o tséndé akia ya wò yen Yéhova?
fr,ewo,Les fausses religions déshonorent Dieu parce qu’elles enseignent des idées fausses et commettent des actes horribles. Dieu va détruire les fausses religions.,Évus nyebe é nga ve dzoé Zamba mvit ai zen ya minnal ya yegele ai bebé mimbòen mié. Zamba a yi tsam évus nyebe.
fr,ewo,Que pensez-vous de ce qu’enseignent et font les fausses religions ?,Akia afé wò yen é mam évus nyebe ya yegele ai bebé mimbòen mié?
fr,ewo,Que ressent Jéhovah envers les fausses religions ?,Dzé Yéhova a woren éyòng a yen mimbòen mi évus nyebe?
fr,ewo,Qu’est-ce que Dieu va faire des fausses religions ?,Dzé Zamba a yi bò évus nyebe?
fr,ewo,Les deux grandes catégories de religions qui déplaisent à Dieu.,"Zamba a seki mintak ai abui minyebe, dzengʼe é mam mebè mefe ma lere nala."
fr,ewo,« Toutes les religions se valent-elles ? Mènent-elles toutes à Dieu ? » (article jw.org),“Toutes les religions se valent-elles? Mènent-elles toutes à Dieu?” (Nlangʼen a jw.org)
fr,ewo,Pourquoi Jéhovah veut-il qu’on se rassemble avec d’autres pour l’adorer ?,Amu dzé Yéhova a yi na bi kang nyè fufulu ai bekristen bevòk?
fr,ewo,« Est-il nécessaire d’appartenir à une religion organisée ? » (article jw.org),“Est-il nécessaire dʼappartenir à une religion organisée?” (Nlangʼen a jw.org)
fr,ewo,"Un prêtre s’est mis à douter de sa religion, mais cela ne l’a pas empêché d’apprendre la vérité sur Dieu.","Fara zing a nga kèè na a bi bisuo amu é mam a yene a nyebe woé. Dzam da, nala a ndziki kamen ai nyè na a ke osu na a dzeng za a ne nya Zamba."
fr,ewo,"« Pourquoi un prêtre a quitté son Église » ( Réveillez-vous ! , février 2015)","“Pourquoi un prêtre a quitté son Église” ( Reveillez-vous!, février 2015)"
fr,ewo,"Depuis des siècles, les religions enseignent des mensonges qui font passer Dieu pour quelqu’un de distant et de cruel. Mais qu’enseigne vraiment la Bible ?","Mimbu mimbu ana, minyebe mi nga yegele minnal yi na Zamba a ne metom, ndò fe, mot a seki nyè dzam subu babi. Ve, dzé Bibel a yegele?"
fr,ewo,"« Des mensonges qui empêchent d’aimer Dieu » ( La Tour de Garde , 1 er novembre 2013)","“Les mensonges qui empêchent dʼaimer Dieu” ( La Tour de Garde, 1 er novembre 2013)"
fr,ewo,"^ Pour savoir pourquoi le livre de la Révélation décrit les fausses religions comme une femme appelée Babylone la Grande, voir la note n o 1 .","^ Asu yi na o yem amu dzé kalara Akuli Mam a veg évus nyebe ai é mininga ba loé na Babilon Nnen, bebege mintil ya memana me kalara atòn 1 ."
fr,ewo,Les fausses religions n’imitent pas l’amour de Dieu.,Évus nyebe é ndziki lere fulu éding Zamba
fr,ewo,"Comme nous l’avons vu dans la leçon précédente, Dieu n’approuve pas toutes les religions. Mais il nous est possible d’adorer le Créateur d’une manière qui lui est agréable. Quel est donc « le culte », ou « la religion », qui lui plaît ? ( ; note). Voyons ce que la Bible dit à ce sujet.","Akia ya bi he yen ayègè ya amvus, Zamba a wog ki minyebe mise mbeng. Afiangʼen bò nala, bi ne dzam lugu Nkom waan akia da nyeb nyè a nnem. ‘Ékang éféʼ ya nyeb nyè a nnem? ( , bebege mintil ya afeb a si). Bebege dzé Bibel a yegele."
fr,ewo,"C’est la Bible qui doit être la base de notre culte. Dans une prière, Jésus a dit à Dieu : « Ta parole est vérité » ( ). Certaines religions ont remplacé la vérité contenue dans la Parole de Dieu, la Bible, par des enseignements humains et des traditions. Mais Jéhovah désapprouve ceux qui ‘mettent de côté ses commandements’ (lire ). À l’inverse, quand on lit la Bible et qu’on applique ses conseils, on réjouit son cœur.","Tin ékang dzaan ya yeane sò a Bibel. Yésus a nga kat Zamba na: “Ébug dzoé é ne bebela” ( ). Minyebe mizing mia bisi ki é bebela a ne a Kalara Zamba, Bibel. Ba fòl bebela té ai minyegelen ai metum me bot binam. Dzam da, Yéhova a seki ai é ba ba ‘biandi memvéndé moéʼ (Langʼa ). Nala wa tilen na, Zamba a wog mbeng éyòng tin ékang dzaan ya sò a Bibel ai éyòng bia tong memvéndé ma sò étéré."
fr,ewo,"Jéhovah étant notre Créateur, lui seul mérite qu’on lui rende un culte ( ). Cela veut dire qu’il faut n’adorer que lui, sans utiliser d’objets comme des statues, des images ou des icônes (lire ).","Mbol Yéhova a ne Nkom waan, nnye étam bia yeane kang ( ). Nala a tilen na nnye étam bia yeane ding, bi kang fe nyè tegè lugu bivovol bezamba ngeki bivegele (Langʼa )."
fr,ewo,"Pour que notre culte soit ‘approuvé’ par Jéhovah, il doit être « saint » ( ). Cela signifie que nous devons suivre ses normes morales dans notre vie. Par exemple, quand on aime Jéhovah, on aime et on respecte son point de vue sur le mariage. On rejette aussi des pratiques malsaines comme fumer, se droguer ou abuser de l’alcool * .","Ékang dzaan ya yeane tòbò “mfuben” a mis me Yéhova asu yi na é nyeb nyè a nnem ( ). Nala té a tilen na bia yeane tong memvéndé me Yéhova. Mvulna é ne na, é ba ba ding Yéhova, ba ding be tongʼo fe memvéndé moé me bebege alug. Ai ba saala bebé mefulu ane a nyu siga, a nòng banga, ngeki bibuma bizing ai nnemena nyuen meyòk. *"
fr,ewo,"Chaque semaine, les réunions nous offrent l’occasion de ‘louer Jéhovah dans l’assemblée’ ( ). Nous le faisons notamment en lui chantant des louanges (lire ). Jéhovah nous aime et veut que nous vivions pour toujours. Et il sait que, pour cela, les réunions sont importantes. Il nous demande donc d’y assister. Aux réunions, nous encourageons les autres, et nous sommes nous-mêmes encouragés.","Bikoen bia bò sòndò ase bia ve bia maa ya “lugu Yéhova . . . a étogen bot été” ( ). A bikoen biaan, bia kare yia Zamba bia bi olugu (Langʼa ). Yéhova a sili bia na bi tòbò a bikoen amu a ding bia ai a yem na bikoen bia yi bi vòli na bi bi mintak a kòm ya kòm ése. Éyòng bia togen ai babedzang bia ve bò awono."
fr,ewo,Examinons les raisons pour lesquelles Jéhovah désapprouve l’utilisation des images dans le culte. Et voyons deux façons particulières de louer Dieu.,Bi tam yen amu dzé Yéhova a yebe ki na bi belen ai bivegele éyòng bia kang nyè. Bi tam fe yen akia afé bi ne dzam lugu Zamba.
fr,ewo,Comment savons-nous que cela lui déplaît ? Regarder la VIDÉO et discuter de la question qui suit.,Bia yem ai dzé na a wog nala abé? Bebege VIDÉO ai yalen a nsili hi:
fr,ewo,VIDÉO : Dieu veut-il qu’on l’adore avec des images ou des objets ? (3:26),VIDÉO: Ye Zamba a yebe na bi belen ai bivegele éyòng bia kang nyè? (3:26)
fr,ewo,"Aux temps bibliques, que s’est-il passé quand des serviteurs de Dieu ont voulu l’adorer en se servant d’une statue ?","Ane Bibel a lere, éyòng ayòng Zamba a karege belen ai bezeze bezamba asu yi na be lugu nyè, dzé é karege kui?"
fr,ewo,"Certains disent qu’en se servant d’un objet, ils se sentent plus proches de Dieu. Et si cela avait plutôt pour effet de l’éloigner ? Lire et , et discuter de ces questions :",Bot bezing ba belen ai bivegele éyòng ba kang Zamba amu ba tsog na akia té ndò ba yi nyè subu babi. Langʼa ai yalen a minsili mi tsaa mi:
fr,ewo,Quels genres d’objets religieux les gens utilisent-ils parfois ?,"Biem bifé, ngeki bivegele bifé wò kare yen bot be belen ai biè asu yi na be kang Zamba?"
fr,ewo,Que pense Jéhovah de l’utilisation de tels objets ?,Yéhova a woren ya éyòng bot ba belen ai bivegele asu yi na be kang nyè?
fr,ewo,"Et vous, qu’en pensez-vous ?","Mfaa woé, wò yen dzam té ya?"
fr,ewo,Comment adorer seulement Jéhovah peut-il nous libérer ? Regarder la VIDÉO .,Akia afé ékang é ne tetele a mis me Yéhova é ne wò koré a minyegelen minnal. Bebege VIDÉO.
fr,ewo,VIDÉO : La vérité l’a libéré (5:16),VIDÉO: Ayègè Bibel a nga ve nyè étoa fili (5:16)
fr,ewo,Lire et discuter de cette question :,Langʼa ai yalen a nsili hi:
fr,ewo,"Si nous prouvons notre amour pour Jéhovah en n’adorant que lui, que promet-il de faire pour nous ?","Nge bia lere na bia ding Yéhova éyòng bia lugu ve nyè étam, mengaaga mefé a ve bia?"
fr,ewo,"Aux réunions, nous avons l’occasion de donner des commentaires et nous chantons des cantiques. Ainsi, nous louons Jéhovah et nous nous encourageons les uns les autres. Lire et discuter de ces questions :","A bikoen, bia ve biyalen ya minsili, bi yiège fe bia fufulu. Akia té nde bia lugu Yéhova, bi veen fe bia bia awono. Langʼa ai yalen minsili mi tsaa mi:"
fr,ewo,Appréciez-vous les commentaires que vous entendez aux réunions ?,Ye wò wog mintak éyòng wò vogolo ane bot ba yalen a minsili a bikoen?
fr,ewo,Aimeriez-vous en préparer un ?,Ye wò fe wò yi komezen asu yi na o yalen a minsili a bikoen?
fr,ewo,"Nous avons souvent l’occasion de parler autour de nous des vérités bibliques. Lire et , et discuter de cette question :",Mezen me ne abui asu yi na o kat é bot bevòk bebebela ya Bibel. Langʼa ai ai yalen a nsili hi:
fr,ewo,"Parmi les vérités que vous avez apprises grâce à la Bible, laquelle aimeriez-vous faire connaître à quelqu’un d’autre ?",Dzé o he yègè a Bibel a wò yi na wò kat é bot bevòk?
fr,ewo,ON ENTEND PARFOIS : « Il y a du bon dans toutes les religions. »,"ABUI BOT DA DZO NA: “A minyebe mise, mam mezing me ne mbeng.”"
fr,ewo,Qu’en pensez-vous ?,Wò wò yen ya?
fr,ewo,"Pour que notre culte plaise à Dieu, il ne faut adorer que lui, le louer aux réunions de l’assemblée et parler aux autres de ce que nous apprenons.","Nkom waan a wog mintak ai bia éyòng bia kang ve nyè étam, éyòng bia lugu nyè a bikoen ya akonda, ai éyòng bia kat é bot bevòk dzé ya bia yègè a Bibel."
fr,ewo,Par quel moyen Dieu nous enseigne-t-il la bonne façon de l’adorer ?,Ai zen fé Zamba a lere bia akia bia yeane nyè kang?
fr,ewo,Pourquoi faut-il adorer seulement Jéhovah ?,Amu dzé bia yeane kang ve Yéhova étam?
fr,ewo,Pourquoi faut-il se réunir avec d’autres pour adorer Dieu ?,Asu dzé bia yeane kang Yéhova fufulu ai bekristen bevòk?
fr,ewo,Le témoignage d’une femme qui s’est libérée de l’idolâtrie (biographie « Je ne suis plus esclave des idoles »).,A nlang “Je ne suis plus esclave des idoles” yene ane mininga zing a lèè akia ya a nga telé tegè fe bare kang bivegele.
fr,ewo,"« La Bible transforme des vies » ( La Tour de Garde , 1 er juillet 2011)","“La Bible transforme des vies” ( La Tour de Garde, 1 er juillet 2011)"
fr,ewo,Des conseils qui vous aideront à donner des commentaires aux réunions de l’assemblée.,Melebega me ne wò dzam vòli na o yalen minsili a bikoen.
fr,ewo,"« Loue Jéhovah dans l’assemblée » ( La Tour de Garde , janvier 2019)","“Loue Jéhovah dans lʼassemblée” ( La Tour de Garde, janvier 2019)"
fr,ewo,La lutte d’un jeune homme pour assister aux réunions de l’assemblée.,Mengul ndomen mot zing é nga ve asu yi na a tòbò bikoen tò ane dzam té a nga beki nyè ébugubu.
fr,ewo,Jéhovah a pris soin de moi (3:07),Yéhova a nga mvamen ai ma 3:07
fr,ewo,La croix est souvent associée à la religion chrétienne. Mais a-t-elle sa place dans le vrai culte ?,"Abui bot da tsog na klos é ne ndem nyebe bekristen, nde hm, ye bia fe bia yeane belen ai dzò ékang dzaan?"
fr,ewo,« Pourquoi les Témoins de Jéhovah n’utilisent pas la croix dans leur culte ? » (article jw.org),“Pourquoi les Témoins de Jéhovah nʼutilisent pas la croix dans leur culte?” (Nlangʼen a jw.org)
fr,ewo,"^ Ces points sont abordés plus loin, dans d’autres leçons.",^ Bia yi sangʼla mam meté mese é meyègè ma zu.
fr,ewo,"Jésus est un des personnages historiques les plus connus. Cela dit, beaucoup connaissent son nom, mais ne savent pas grand-chose sur lui, et beaucoup d’autres ont des avis différents sur qui il est vraiment. Que dit la Bible sur Jésus ?","Yésus a ne é mot abui bot ba kareya sò ba yem. Abui bot ba yem ve dzoé Yésus, dzam da ba yem ki abui mam me bebege nyè. Dzé Bibel a dzo é bebege Yésus?"
fr,ewo,"Jésus est un esprit puissant qui vit au ciel. Jéhovah l’a créé en tout premier. C’est pour cela qu’on l’appelle « le premier-né de toute création » ( ). La Bible appelle Jésus ‘le fils unique de Dieu’ parce que c’est le seul à avoir été créé directement par Jéhovah ( ). Jésus a aidé son Père, Jéhovah, à créer toutes les autres choses (lire ). Jésus est toujours très proche de Jéhovah. C’est « la Parole » parce que, en tant que fidèle porte-parole, il transmet les messages et les instructions de Dieu ( ).","Yésus a ne ngungul éngeles a nying a yob. Yéhova a nga kom nyè osusua bikokomega bise bivòk. Dzom té ndzò ba loé nyè na, “Ntol bikokomega bise” ( ). Bibel a lere na Yésus a ne “mbang Mòn” Zamba amu Yéhova émen nnye a nga kom nyè ( ). Yésus a nga sié fufulu ai Ésia woé, Yéhova, a nga vòli fe nyè na a tié é biem bise bivòk (Langʼa ). Yésus a ngene a baala élat dzié ai Yéhova. Nnye a ne nkalen mefoé me Zamba. Bibel a loé nyè na “Ébugu,” amu a kalen bikokomega bise bivòk mefoé ai betebega be Yéhova ( )."
fr,ewo,"Il y a 2 000 ans environ, Jésus était au ciel. Mais par un miracle, Jéhovah a transféré la vie de Jésus dans le ventre d’une jeune fille vierge appelée Marie. Ainsi, Jésus est né en tant qu’humain (lire ). Jésus est venu sur terre pour être le Messie, ou Christ, et sauver les humains * . Toutes les prophéties bibliques concernant le Messie se sont réalisées en Jésus. Cela a permis aux gens de comprendre qu’il était « le Christ, le Fils du Dieu vivant » ( ).","Aloro mimbu 2 000 ana, Yéhova a nga bò asimba ai ngul mfufub nsisim woé, a nga bò na Yésus a koro a yob, a zu biali abe édun ngòn mininga dzoé na Maria. Éye a nga biala nala (Langʼa ). Yéhova a nga lom Yésus, nnye a ne nkoré be nga be yanga asu yi na a zu bi nyii. * Minkòbò mise bekuli medzo ya Bibel a mi nga be mi tii ai Kristu mi nga toben abe Yésus, nala a nga bò na bot be yem na Yésus a ne “Kristu Mòn Zamba ya a vee” ( )."
fr,ewo,"Après la fin de sa vie sur terre, Jésus a été ressuscité en tant qu’esprit et il est retourné au ciel. Là, « Dieu l’a élevé à une position supérieure » ( ). Aujourd’hui, Jésus a une très grande autorité ; c’est le plus grand personnage de l’univers après Jéhovah.","Amvus awu Yésus, Zamba a nga womo nyè a ntoa éngeles, ndò a nga dugen a yob. Amvus ya été nde “Zamba a nga beré nyè nkong” ( ). Amos ya ana, Yésus a ne ngungul éngeles,​​—Yéhova étam nnye a bele ngul aloro nyè."
fr,ewo,Découvrons-en plus sur Jésus et voyons pourquoi c’est important de le connaître.,Bi tam yen é mam mefe ma yi bi lere za a ne Yésus ai asu dzé a ne nfi na bi yègè é mam me tii ai nyè.
fr,ewo,"La Bible enseigne que, même si Jésus est un esprit puissant au ciel, il obéit à son Dieu et Père, Jéhovah. Pourquoi peut-on dire cela ? Regarder la VIDÉO pour voir ce que la Bible enseigne à propos de la position de Jésus par rapport au Dieu Tout-Puissant.","Bibel a yegele na, afiangʼen bò na Yésus a ne ngungul éngeles a yob, a ke osu na bò Ésia woé Yéhova mewog. Amu dzé bia dzo nala? Bebege VIDÉO asu yi na o yen akia ya Bibel a lere bia nselna a ne a zang étié Yésus ai é dzi Zamba Ngul mese."
fr,ewo,VIDÉO : Jésus Christ est-il Dieu ? (3:22),VIDÉO: Ye Yésus Kristu a ne Zamba ngul mese? (3:22)
fr,ewo,Les versets suivants aident à comprendre le lien qui existe entre Jéhovah et Jésus. Lire les versets et discuter des questions qui suivent.,"Bifus ya Bibel bi tsaa bi, bia yi bi vòli na bi tuene wog élat é ne a zang Yéhova ban Yésus. Langʼa bifus bité o yalen fe minsili mi tsaa:"
fr,ewo,"D’après l’ange, quelle relation existe entre Jésus et Jéhovah Dieu, le « Très-Haut » ?","Ane éngeles a dzo, élat éfé é ne a zang Yésus ban Yéhova Zamba, “Medangʼa boro”?"
fr,ewo,"Lors du baptême de Jésus, qu’a dit la voix venant du ciel ?","Éyòng Yésus a nga duben, nkòbò o nga sò a yob o dzo ya?"
fr,ewo,"À votre avis, qui parlait ?","A ntsogen woé, king té é nga be é nyi za?"
fr,ewo,"Entre un père et son fils, qui est le plus âgé et a le plus d’autorité ?","A zang Ésia ban Mòn, za a ne ntol a bele fe ngul édzoé?"
fr,ewo,Jésus a appelé Jéhovah « Père ». Qu’est-ce que cela nous apprend ?,"Yésus a nga loé Yéhova na Tara, nala a yegele bia dzé?"
fr,ewo,"Jésus pense-t-il que son Père et lui sont la même personne ? Et vous, qu’en pensez-vous ?","A ntsogen Yésus, ye ban Ésia be ne mot mbòk? Wò yen ya?"
fr,ewo,"La Bible contient de nombreuses prophéties qui permettent de savoir qui est le Messie, celui que Dieu a choisi pour sauver l’humanité. Regarder la VIDÉO pour avoir un aperçu de certaines prophéties que Jésus a accomplies quand il était sur terre.","Bibel a bele abui minkulen medzo mi tii ai Messias,​ minkulen medzo mité mi nga vòli bot na be yem za Zamba a nga tòb ane nkoré. Bebege VIDÉO asu yi na o yem minkòbò bekuli medzo Yésus a nga dzali éyòng a nga be a si mu."
fr,ewo,VIDÉO : Jésus accomplit des prophéties (3:03),VIDÉO: Yésus a nga dzali minkulen medzo mi bebege nyè (3:03)
fr,ewo,Lire ces prophéties bibliques et discuter des questions qui suivent.,"Langʼa é minkulen medzo ya Bibel mi, o yalen fe minsili mi tsaa:"
fr,ewo,Lire pour savoir où le Messie devait naître * .,Langʼa asu yi na o yem é vom Messias a yige biali. *
fr,ewo,Cette prophétie s’est-elle réalisée ? ( ).,Ye abiali Yésus da dzali nkulen adzo wi? ​( ).
fr,ewo,Lire et pour voir deux prophéties à propos de la mort du Messie.,Langʼa asu yi na o yem minkulen medzo mibè ya Bibel a mi tii ai awu Messias.
fr,ewo,Ces prophéties se sont-elles réalisées ? ( ).,Ye minkulen medzo mité mi nga toben? ​( ).
fr,ewo,Pensez-vous que Jésus pouvait faire quoi que ce soit pour que ces prophéties se réalisent ?,Ye wò tsog na Yésus émen a nga be dzam bò na minkulen medzo mité mi toben ngaa?
fr,ewo,Qu’est-ce que cela vous prouve à propos de Jésus ?,Dzé nala a yegele wò é bebege Yésus?
fr,ewo,"La Bible dit qu’il est important de connaître Jésus et son rôle. Lire et , et discuter de cette question :",Bibel a lere nfi ya yègè é mam me tii ai Yésus ai ésié Zamba a yi na a bò. Langʼa ai ai yalen a nsili hi:
fr,ewo,Pourquoi est-il indispensable de connaître Jésus ?,Asu dzé a ne nfi na o yègè é mam me tii ai Yésus?
fr,ewo,ON ENTEND PARFOIS : « Les Témoins de Jéhovah ne croient pas en Jésus. »,ABUI BOT DA DZO NA: “Beboala be Yéhova ba yebe ki Yésus.”
fr,ewo,Que répondriez-vous ?,O ne bò yalen ya?
fr,ewo,Jésus est un esprit. C’est le Fils de Dieu et le Messie.,"Yésus a ne ngungul éngeles, a ne Mòn Zamba a toa fe Messias."
fr,ewo,Pourquoi Jésus est-il appelé « le premier-né de toute création » ?,Asu dzé ba loé Yésus na “Ntol bikokomega bise”?
fr,ewo,Que faisait Jésus avant de venir sur terre ?,"Osusua yi na a zu a si, dzé Yésus a mbe bò?"
fr,ewo,Comment savons-nous que Jésus est le Messie ?,Bia yem ya na Yésus a ne Messias?
fr,ewo,Plus d’informations sur le rôle de Jésus en tant que Messie.,Yene amu dzé bia dzo na Yésus a ne Messias.
fr,ewo,« Les prophéties messianiques prouvent-elles que Jésus était le Messie ? » (article jw.org),“Les prophéties messianiques prouvent-elles que Jésus était le Messie?” (Nlangʼen a jw.org)
fr,ewo,La Bible n’enseigne pas que Dieu est devenu père de Jésus de la même manière que les humains ont des enfants.,Bibel a yegele ki na Zamba a ne Ésia Yésus akia ya mot a ne ésia é bòn a nga bié.
fr,ewo,« Pourquoi Jésus est-il appelé le Fils de Dieu ? » (article jw.org),“Pourquoi Jésus est-il appelé le Fils de Dieu?” (Nlangʼen a jw.org)
fr,ewo,Pourquoi peut-on dire que la Bible n’enseigne pas la Trinité ?,Bebege amu dzé ayegele yi na Zamba a ne person élè da sò ki a Bibel.
fr,ewo,"« Jésus est-il Dieu ? » ( La Tour de Garde , 1 er avril 2009)",“Jésus est-il Dieu?” ( La Tour de Garde 1 er avril 2009)
fr,ewo,La vie d’une femme a changé quand elle a étudié ce que la Bible dit à propos de Jésus.,Langʼa akia afé énying mininga é nga tséndé amvus yi na a nga dzeng dzé Bibel a yegele é tii ai Yésus.
fr,ewo,"« Une femme juive explique pourquoi elle a remis sa foi en question » ( Réveillez-vous ! , mai 2013)","“Une femme juive explique pourquoi elle a remis sa foi en question” ( Réveillez-vous!, mai 2013)"
fr,ewo,"^ Dans les leçons 26 et 27 , nous verrons pourquoi les humains ont besoin d’être sauvés et comment Jésus nous sauve.",^ Meyègè 26 ai 27 ma yi lere amu dzé bia yangʼen ai nkoré ai akia afé Yésus a koré bia.
fr,ewo,^ La note n o 2 parle d’une prophétie qui annonçait exactement quand le Messie apparaîtrait sur terre.,^ Bebege ntil 2 ya memana me kalara asu nkulen adzo o nga be o tuene lere abog Yésus a yige sò a si.
fr,ewo,"Jésus a tracé le chemin à suivre pour être ami avec Dieu. Il a enseigné la vérité sur Jéhovah. Et grâce à lui, nous pouvons avoir la vie éternelle.","Yésus a lere bia zen asu yi na bi lat amvoé ai Yéhova. A nga yegele é bebela a tii ai Yéhova, ai zen dzié bi ne dzam bi énying kòm"
fr,ewo,"Beaucoup de gens voient Jésus comme un bébé sans défense, un prophète ou un homme à l’agonie. Mais que peut-on apprendre d’autre en étudiant sa vie sur terre ? Nous allons parler de certaines des choses les plus importantes que Jésus a faites et nous allons voir en quoi elles vous concernent.","Abui bot ba yen Yésus ane ébobòg mòn, bevòk ane mfefeg profet, ngeki ane é mot a dug ai awu. Dzé fe éfe bi ne dzam yègè éyòng bia bebe énying dzié ya si? Ayègè di, bia yi yen abui mam Yésus a nga bò ai akia afé mam meté me ne bia dzam vòli."
fr,ewo,"L’activité principale de Jésus était d’ « annoncer la bonne nouvelle du royaume de Dieu » (lire ). La bonne nouvelle qu’il prêchait était que Dieu établirait un royaume, ou gouvernement, qui résoudrait tous les problèmes de l’humanité * . Jésus a prêché ce message d’espoir sans relâche pendant trois ans et demi ( ).","Ésié é nga be nfi abui asu Yésus é nga be na “a yeren mbembe foé ya Édzoé Zamba” (Langʼa ). Yésus a nga tsam mbembe foé na, Édzoé Zamba ya yi mana vaa mindzug mise a si. * Yésus a nga kat bot mbembe foé té a tang mimbu milè ai étun ( )."
fr,ewo,"La Bible parle de beaucoup d’ ‘œuvres de puissance, de miracles et de signes que Dieu a faits par l’intermédiaire de Jésus’ ( ). Grâce au pouvoir de Dieu, Jésus a pu maîtriser les forces de la nature, nourrir des milliers de personnes, guérir des malades, et même ramener des morts à la vie ( ). Les miracles de Jésus ont prouvé qu’il était envoyé par Dieu. Ils ont aussi prouvé que Jéhovah a le pouvoir de résoudre tous nos problèmes.","Bibel a lere “ngul mesimba, biyegen bimam, ai mendem Zamba a nga bò a mò moé [Yésus]” ( ). Ai ngul Zamba, Yésus a nga telé nkulu, a tòngʼò bakura bebot, a lede minkokòn, a vele fe mimbim ( ). Mesimba me Yésus me nga lere a sang na Zamba nnye a nga lom nyè. Mesimba me Yésus me nga lere fe na Yéhova a bele ngul ya mana mindzug mise."
fr,ewo,"Jésus a obéi à Jéhovah en toutes circonstances (lire ). Malgré l’opposition, jusqu’à la fin de sa vie, Jésus a fait tout ce que son Père lui demandait. Il a prouvé que des humains peuvent servir Dieu, même quand c’est difficile. Ainsi, Jésus nous a laissé ‘un modèle pour que nous suivions fidèlement ses traces’ ( ).","Yésus a nga bò Yéhova mewog abog ase (Langʼa ). A nga bò é dzam ase Ésia a siligi nyè. Énying dzié ése, Yésus a nga bò nyien Ésia woé tò éyòng a nga be a tele a mindzug. A nga lere hm na mot binam a ne ke osu na a bò Zamba ésié afiangʼen bò mindzug. Ai zen té Yésus ‘a nga lig bia mvulna mbol yi na bi tong metele mekol moéʼ ( )."
fr,ewo,Voyons ce que Jésus a fait pour faire connaître la bonne nouvelle et parlons des miracles qu’il a accomplis.,"Yene akia afé Yésus a nga tsam mbembe foé, a bò fe ngul mesimba."
fr,ewo,"Pour prêcher la bonne nouvelle au plus de gens possible, Jésus a marché des centaines de kilomètres sur des routes poussiéreuses. Lire et discuter de ces questions :","Yésus a wulugu mintet bekilimera a ndzòng mbulug, a kele a kat abui bot mbembe foé. Langʼa ai yalen minsili mi tsaa mi:"
fr,ewo,Jésus a-t-il prêché seulement aux gens qui venaient l’écouter ?,"Éyòng Yésus a tsama mbembe foé, ye a nga be a yegele ve é bot be nga zu nyè vogolo?"
fr,ewo,Quels efforts Jésus a-t-il faits pour aller à la rencontre des gens ?,Mengul mefé Yésus a nga ve asu yi na a ke a toben ai bot?
fr,ewo,Dieu avait prédit que le Messie annoncerait une bonne nouvelle. Lire et discuter de ces questions :,"Abui mimbu osusua, Zamba a nga kuli na Messias a yi yeren mbembe foé. Langʼa ai yalen minsili mi tsaa mi:"
fr,ewo,Comment Jésus a-t-il accompli cette prophétie ?,Akia afé Yésus a nga dzali nkulen adzo té?
fr,ewo,Pensez-vous qu’aujourd’hui les gens ont besoin d’entendre cette bonne nouvelle ?,Ye wò tsog na bot ba yangʼen ai mbembe foé é melu ma?
fr,ewo,"Jésus a prêché la bonne nouvelle du royaume de Dieu, mais il a aussi enseigné des leçons pratiques. Voyons quelques exemples tirés du célèbre Sermon sur la montagne. Lire et , et discuter de ces questions :","Yésus a nga tsam mbembe foé ya Édzoé Zamba, a vaa fe bot ayègè a ne nfi. Ntam nòng memvulna ya ékat mam ya nkol. Langʼa , ai ai yalen minsili mi tsaa mi:"
fr,ewo,Quels conseils pratiques Jésus donne-t-il dans ces versets ?,Melebega mefé me ne nfi a Yésus a ve é bifus bi Bibel bi?
fr,ewo,Pensez-vous que ces conseils sont toujours utiles aujourd’hui ?,Ye wò yen na melebega meté me ne bia dzam vòli melu maan ma?
fr,ewo,Jéhovah a donné à Jésus le pouvoir d’accomplir de nombreux miracles. Prenons un exemple : lire ou regarder la VIDÉO . Puis discuter des questions qui suivent.,"Yéhova a nga ve Yésus ngul na a bò abui mesimba. Bebege mvulna dzia, langʼa ngeki na bebege VIDÉO . Amvus ya été, yalen minsili mi tsaa mi:"
fr,ewo,VIDÉO : Jésus guérit une femme malade (5:10),VIDÉO: Yésus a led nkokòn mininga (5:10)
fr,ewo,De quoi la femme malade était-elle sûre et certaine ?,Ndi fé nkokòn mininga ya vidéo o nga be o bele?
fr,ewo,Que trouvez-vous remarquable dans ce miracle ?,Dzé ya namba wò abui asimba té?
fr,ewo,Lire et discuter de cette question :,Langʼa ai yalen a nsili hi:
fr,ewo,De quoi « témoignent » les miracles de Jésus ?,Mesimba Yésus a nga bò ma “boala” dzé é bebege nyè?
fr,ewo,"Ce qu’on sait sur Jésus vient principalement des quatre livres de la Bible appelés Évangiles : Matthieu, Marc, Luc et Jean. Chacun contient des informations différentes sur Jésus. Toutes ces informations nous donnent une image passionnante de sa vie.","Abui mam bia yem me bebege Yésus ma sò a bekalara benyii ya Bibel ba loé na bifangelium: Matéus, Markus, Lukas, ai Yohannes. Ntil éfangelium ose a mbe tili mam kan kan me bebege Yésus. Éyòng wò lang bekalara benyii beté, wò yi bi évegele ya énying Yésus."
fr,ewo,"a écrit son Évangile en premier. Il met l’accent sur les enseignements de Jésus, particulièrement sur ce qu’il a dit au sujet du royaume de Dieu.",a ne é mot osu a nga til éfangelium dzié. Été a dang ngoné minyegelen mi Yésus a dang dang é mam a nga dzo me bebege Édzoé Zamba.
fr,ewo,a écrit l’Évangile le plus court. Il raconte de nombreux évènements dans un style dynamique.,a nga til éfangelium ya dang étun aloro é bi bise bivòk. A nga lèè abui minlang ya énying Yésus.
fr,ewo,met l’accent sur la prière et la gentillesse de Jésus envers les femmes.,a lere bia akia afé ngogelen é nga be nfi asu Yésus ai akia afé a nga mvamen ai bininga.
fr,ewo,rapporte de nombreuses conversations que Jésus a eues avec ses amis proches ou avec d’autres personnes. Il nous en apprend beaucoup sur la personnalité de Jésus.,a kat bia minlang Yésus a karege bi ai bemvoé boé ai é bot bevòk. Nala a vòli bia na bi yem akia mot Yésus a nga be.
fr,ewo,"ON ENTEND PARFOIS : « Jésus était un homme bon, et c’est tout. »",ABUI BOT DA DZO NA: “Yésus a nga be ve mbembe mot.”
fr,ewo,Qu’en pensez-vous ?,Mfaa woé wò yen ya?
fr,ewo,"Jésus a prêché le royaume de Dieu, il a accompli des miracles, et il a obéi à Jéhovah en toutes circonstances.","Yésus a nga tsam mbembe foé ya Édzoé Zamba, a bò mesimba, a bò fe Ésia woé mewog a dzam ase."
fr,ewo,"Sur terre, quelle était l’activité principale de Jésus ?","Éyòng Yésus a nga be a si, a nga dang bò ésié fé?"
fr,ewo,Que prouvent les miracles de Jésus ?,Mesimba me Yésus ma lere dzé?
fr,ewo,Quelles leçons pratiques Jésus a-t-il enseignées ?,Yésus a nga ve meyegele mefé?
fr,ewo,De quoi Jésus a-t-il le plus parlé ?,Dzé Yésus a nga dang yeren?
fr,ewo,"« Le Royaume de Dieu : son importance pour Jésus » ( La Tour de Garde , 1 er octobre 2014)","“Le royaume de Dieu: ​ son importance pour Jésus” ( La Tour de Garde, 1 er octobre 2014)"
fr,ewo,Des raisons de croire que les miracles de Jésus ont vraiment eu lieu.,Dzé ya lere bia na mesimba me Yésus me nga bòben tutué?
fr,ewo,"« Les miracles de Jésus : que vous enseignent-ils ? » ( La Tour de Garde , 15 juillet 2004)","“Les miracles de Jésus: ​ que vous enseignent-ils?” ( La Tour de Garde, 15 juillet 2004)"
fr,ewo,Un homme a changé en découvrant que Jésus se consacrait entièrement aux autres.,Langʼa akia afé énying mot zing é nga tséndé éyòng a nga yègè ane Yésus a nga nòng ndzug ai é bot bevòk.
fr,ewo,"« Je ne vivais que pour moi » ( La Tour de Garde , 1 er octobre 2014)","“Je ne vivais que pour moi” ( La Tour de Garde, 1 er octobre 2014)"
fr,ewo,Les temps forts du ministère de Jésus présentés dans l’ordre chronologique.,Bebege ntaan mam Yésus a nga bò ésié ékat foé dzié.
fr,ewo,"« Principaux évènements de la vie terrestre de Jésus » ( La Bible. Traduction du monde nouveau , appendice A7)","“Principaux évènements de la vie terrestre de Jésus” ( Traduction du Monde nouveau des Saintes écritures, Appendix A7)"
fr,ewo,^ Les leçons 31 à 33 parlent plus en détail du royaume de Dieu.,^ Meyègè 31-33 ma yi lere abui mam mefe me bebege Édzoé Zamba.
fr,ewo,"Quand on lit tout ce que Jésus a dit et fait sur la terre, ses qualités nous attirent irrésistiblement vers lui et vers son Père, Jéhovah. Quelles sont quelques-unes de ces qualités ? Et comment pouvons-nous imiter Jésus ?","Éyòng bia lang é mam Yésus a nga dzo ai é ma a nga bò éyòng a nga be a si, bia yen mefulu ma bò na bi bi ngong yi na bi tòbò bemvoé boé ai bemvoé be Ésia woé, Yéhova. Mefulu meté me ne mefé? Ai akia afé bi ne dzam vu Yésus?"
fr,ewo,"Quand il était au ciel, Jésus a observé son Père pendant des milliards d’années, et il a beaucoup appris de lui. Si bien qu’il en est venu à penser, à ressentir les choses et à agir exactement comme lui (lire ). En fait, Jésus imite si parfaitement la personnalité de son Père qu’il a pu dire : « Celui qui m’a vu a vu le Père aussi » ( ). Plus vous en apprendrez sur la personnalité de Jésus, mieux vous connaîtrez Jéhovah. Par exemple, Jésus était très sensible à la souffrance des gens ; cela nous montre ce que Jéhovah ressent pour nous.","Éyòng Yésus a nga be a yob, a nga fòmbò mimbòen mi ndinding Ésia woé a yègè fe abui mam me tii ai nyè a tang bakura mimbu. Asu té ndò, Yésus a tsog, a woren ai a bò mam ane Ésia woé, Yéhova (Langʼa ). A bebela émen, Yésus a nga vu mefulu me Ésia woé sug ya mbeng akia yi na émen a nga dzo na: “Ényò a yeneya ma a yeneya Tara” ( ). Ane wò yi yègè na wò yem Yésus, éye fe wò yi tuene yem Yéhova nala. Mvulna é ne na, akia ya Yésus a nga be a mvamen ai bot da lere bia akia Yéhova a mvamen ai bia."
fr,ewo,"Jésus a dit : « Afin que le monde sache que j’aime le Père, je fais exactement ce que le Père m’ordonne de faire » ( ). Quand il était sur terre, Jésus a montré tout l’amour qu’il avait pour son Père en lui obéissant même quand c’était difficile. C’est aussi par amour pour son Père qu’il parlait de lui et qu’il aidait les autres à devenir ses amis ( ).","Yésus a nga dzo na: “Dzam da, asu yi na émò é yem na ma ding Tara, ma bò é dzi Tara a nga béndé ma” ( ). Éyòng a nga be a si mu, Yésus a nga lere é ngul éding a nga a be bele asu Ésia woé ai zen yi na a nga bò nyè mewog tò éyòng é nga be ayié. Amu éding té, a karege kat é bot be vogolo nyè é mam ma bebe Ésia woé, a vòligi fe bò na be bò bemvoé boé.​ ( )."
fr,ewo,"La Bible dit que Jésus est « particulièrement attaché aux humains » ( , note). Son amour le poussait à encourager les gens et à les aider sans rien attendre en retour. Ses miracles ont prouvé qu’il était puissant, mais surtout qu’il était sensible à la souffrance des autres ( ). Il était plein de bonté et impartial. Il réconfortait les personnes sincères qui l’écoutaient et il leur redonnait espoir. C’est par amour pour tous les humains qu’il a accepté de souffrir et de mourir. Mais il a une affection toute particulière pour ceux qui obéissent à ce qu’il a enseigné (lire ).","Bibel a dzo na ‘bot mbò Yésus a buligi ding abui.ʼ ( ) A nga lere éding té ai zen yi na a vaa bot awono a vòligi fe bò tegè yanga maan mezing. Mesimba a nga bò me lerege na a bele ki ve ngul étam a bele fe nnem ngòl ( ). Yésus a nga be ndzalen ai abeng nnem, tegè bò timi. Bibug bié bi vaa é besusuo bebot be vogolo nyè awonong ai afiri. Éding ya a ding bot ndzò é nga tindi Yésus na a dzibi mindzug mise, a wu fe asu daan. Dzam da Yésus a dang ding é bot ba vogolo minyegelen mié.​ (Langʼa )."
fr,ewo,"Arrêtons-nous sur les qualités de Jésus, et voyons comment imiter son amour et sa générosité.","Tuene bebe mefulu me Yésus, o yen fe akia ya o ne vu fulu éding ai afang dié."
fr,ewo,"Par son exemple, Jésus nous montre comment exprimer notre amour pour Dieu. Lire , et et . Après avoir lu chaque verset, discuter de cette question :","Mvulna Yésus ya yegele bia akia ya bi ne dzam lere Zamba éding dzaan. Langʼa . Amvus nlangʼen, yalen a nsili hi:"
fr,ewo,De quelles façons pouvons-nous montrer que nous aimons Jéhovah ?,"Ane Yésus, akia afé bi ne dzam lere na bia ding Yéhova?"
fr,ewo,"Jésus pensait aux autres avant de penser à lui. Même fatigué, il leur donnait de son temps et de son énergie. Lire et discuter de ces questions :","Yésus a karege tsog é bot bevòk osusua émen. Tò éyòng a nga be a teg ya, a belen ai abog dié ai ngul dzié asu yi na a vòli bot. Langʼa ai yalen minsili mi tsaa mi:"
fr,ewo,De quelles façons Jésus a-t-il montré qu’il se souciait des autres ? (voir les ).,"A nlangʼen hi, akia afé Yésus a nga lere na a mvamen ai é bot bevòk? (Bebege , )."
fr,ewo,Qu’est-ce qui poussait Jésus à agir ? (voir le ).,Dzé é tindigi Yésus na a vòli bot? (Bebege ).
fr,ewo,"Puisque Jésus imite son Père, qu’est-ce que son attitude nous apprend sur Jéhovah ?","Mbol Yésus a vu Ésia woé, mimbòen mié mia yegele bia dzé é bebege Yéhova?"
fr,ewo,De quelles façons pouvons-nous montrer le même intérêt que Jésus pour les autres ?,Ane Yésus akia afé bi ne dzam mvamen ai é bot bevòk?
fr,ewo,"Jésus ne possédait pas grand-chose, mais il était généreux, et il nous a encouragés à l’être aussi. Lire et discuter de cette question :","Afiangʼen bò na Yésus a mbeki a bele abui akuma, a mbe kaben ai é bot bevòk é dzom a nga be a bele, a nga béndé bia na bi vu fulu afang dzié. Langʼa ai yalen a nsili hi:"
fr,ewo,"D’après Jésus, qu’est-ce qui rend heureux ?",Yésus a dzo na dzé é ne bia dzam sò ai mintak?
fr,ewo,Regarder la VIDÉO et discuter de la question qui suit.,Bebege VIDÉO ai yalen a nsili hi:
fr,ewo,VIDÉO : « Il y a plus de bonheur à donner » (extrait) (4:00),VIDÉO: “Le ne mvòm na mot a ve” ​​ —Étun (4:00)
fr,ewo,"Même si nous n’avons pas grand-chose, de quelles façons pouvons-nous donner ?","Tò bi bele ki mfang dzom, akia afé bi ne bò akab?"
fr,ewo,"La Bible explique qu’il faut prier Jéhovah au nom de Jésus (lire ). En priant de cette manière, on montre qu’on reconnaît que c’est grâce à Jésus qu’on peut être ami de Jéhovah.","Bibel a yegele bia na bi kogelen ai Yéhova a dzoé Yésus. (Langʼa ). Éyòng bia kogelen nala, bia lere na bia ve ngang asu é dzam Yésus a nga bò asu yi na a vòli bia na bi lat amvoé ai Yéhova."
fr,ewo,ON ENTEND PARFOIS : « Dieu a autre chose à faire que de s’occuper de nous. »,ABUI BOT DA DZO NA: “Zamba a bisi ki bia tò bia toben ai mindzug.”
fr,ewo,Comment la manière d’être et les actions de Jésus prouvent-elles que Jéhovah se soucie de nous ?,"Mbol Yésus a nga lere mbeng mbeng mefulu me Ésia, akia afé mimbòen mi Yésus mia lere na Yéhova a mvamen ai bia?"
fr,ewo,"Jésus aime Jéhovah et il aime les humains. Puisque Jésus est le reflet exact de son Père, plus vous connaîtrez Jésus, plus vous connaîtrez Jéhovah.","Yésus a ding Yéhova, ai a ding fe bot. Mbol Yésus a fulen ai Ésia, ane bia yi yem Yésus éye fe bia yi yem Yéhova nala."
fr,ewo,"Comment pouvons-nous montrer notre amour pour Jéhovah, à l’exemple de Jésus ?","Ane Yésus, akia afé bi ne lere na bia ding Yéhova?"
fr,ewo,"Comment pouvons-nous montrer notre amour pour les gens, à l’exemple de Jésus ?","Ane Yésus, akia afé bi ne lere na bia ding é bot bevòk?"
fr,ewo,Quelle qualité de Jésus vous attire le plus ?,Mefulu me Yésus mefé wò dang ding?
fr,ewo,Des qualités de Jésus que nous pouvons imiter.,Mefulu me Yésus bi ne dzam vu.
fr,ewo,"« Pour imiter Jésus, soyons... » ( Jésus : le chemin, la vérité, la vie , page 317)","“Pour imiter Jésus, soyons . . .” ( Jésus​: le chemin, la vérité, la vie, afeb 317)"
fr,ewo,Pourquoi Jésus a-t-il demandé de prier en son nom ?,Asu dzé bia yeane kogelen a dzoé Yésus?
fr,ewo,"« Pourquoi prier au nom de Jésus ? » ( La Tour de Garde , 1 er février 2008)","“Pourquoi prier au nom de Jésus?” ( La Tour de Garde, 1 er février 2008)"
fr,ewo,Que dit la Bible sur l’apparence physique de Jésus ?,"Bibel a dzo na étié mot dzié, Yésus a nga be fulen ai za?"
fr,ewo,« À quoi ressemblait Jésus ? » (article jw.org),“À quoi ressemblait Jésus?” (Nlangʼen a jw.org)
fr,ewo,Qu’apprenons-nous du comportement de Jésus envers les femmes ?,Ayegele afé bia nòng akia ya Yésus a nga be yene bininga?
fr,ewo,"« Respect et dignité : deux exigences de Dieu » ( La Tour de Garde , 1 er septembre 2012)","“Respect et dignité: deux exigences de Dieu” ( La Tour de Garde, 1 er septembre 2012)"
fr,ewo,Jésus aimait son Père céleste et lui parlait souvent dans la prière.,"Yésus a ding Ésia woé ya yob, dzom té ndzò a karege lèè ai nyè a ngogelen"
fr,ewo,Des milliards de gens se disent chrétiens. Mais ils n’ont pas tous les mêmes croyances ni les mêmes normes morales. Alors comment reconnaître les vrais chrétiens ?,"Bakura bebot ba dzo na be ne bekristen. Dzam da, bese ba kang ki Zamba akia deda, bese be bele ki énying kristen dzia. Akia afé bi ne dzam yem é bot ba wulu a metelé mekol me Yésus Kristu?"
fr,ewo,"Les chrétiens sont des disciples de Jésus Christ (lire ). Comment montrent-ils qu’ils suivent Jésus ? Jésus a dit : « Si vous restez attachés à mes paroles, vous êtes vraiment mes disciples » ( ). Cela signifie que les vrais chrétiens obéissent aux enseignements de Jésus. De plus, Jésus a basé ses enseignements sur les Écritures ; les vrais chrétiens doivent donc avoir des croyances basées sur la Bible (lire ).","Bekristen be ne beyègè, ngeki é bot ba wulu a metelé mekol me Yésus Kristu (Langʼa ). Akia afé ba lere na ba tong Yésus? Yésus émen a nga dzo na: “Nge mia langʼen a bibug biama éteré, mi ne beyègè bama tutué.” ( ) Nala a tilen na, mimfang bekristen mia lere fulu mewog a minyegelen mi Yésus. Ane Yésus a nga be a nòng minyegelen mié a Mimfufub mintilen, tin ékang mimfang bekristen ya sò a Bibel (Langʼa )."
fr,ewo,"Jésus a dit à ses disciples : ‘Aimez-vous les uns les autres comme je vous ai aimés’ ( ). Comment Jésus a-t-il montré qu’il aimait ses disciples ? Il a passé du temps avec eux, il les a encouragés et il les a aidés. Il a même donné sa vie pour eux ( ). De même, les vrais chrétiens font plus que parler de l’amour. Leur amour les uns pour les autres se voit dans leurs paroles et dans leurs actions.","Yésus a nga dzo ai beyègè boé na: “Dingʼen mina mina ane me nga ding mina” ( ). Akia afé Yésus a nga lere na a ding beyègè boé? A nga be a loro abog ai beyègè boé, a vaa bò awono, a vòligi fe bò. Yésus a nga ve énying dzié asu beyègè boé ( ). Dzam deda, ane Yésus, mimfang bekristen mia lere ki éding dzaba ve a biyié bi anyu, ba lere fe dzò a mimbòen."
fr,ewo,"Jésus a confié une mission à ses disciples. ‘Il les a envoyés prêcher le royaume de Dieu’ ( ). Les premiers chrétiens ne prêchaient pas seulement dans leurs lieux de culte, ils prêchaient aussi dans les lieux publics et de maison en maison (lire ). Aujourd’hui aussi, les vrais chrétiens prêchent les vérités bibliques partout. Comme ils aiment les gens, ils sont heureux d’utiliser leur temps et leur énergie pour faire connaître le message d’espoir et de réconfort contenu dans la Bible ( ).","Yésus a nga ve beyègè boé ésié. “A nga lom bò na be yeren Édzoé Zamba” ( ). Bekristen be osu be mbe yeren ki foé ya Édzoé ve a menda bikoen maba, be kele fe ba kat foé té é vom ose abui bot a mbe ai a menda menda (Langʼa ). Dzam deda fe, melu maan ma, mimfang bekristen mia tsam bebebela ya Édzoé Zamba é vom ose ba kòb bot. Mbol ba ding é bot bevòk, be ne mintak ya belen ai abog daba ai mengul maba asu yi na be ke ba kat é foé ya ve afiri ai awono ( )."
fr,ewo,Voyons comment faire la différence entre les vrais chrétiens et ceux qui ne suivent pas les enseignements et l’exemple de Jésus.,"Tam fas, nselen mbé a ne a zang mimfang bekristen ai é ba ba tong ki minyegelen mi Yésus ai mvulna dzié?"
fr,ewo,Les chrétiens n’accordent pas tous la même valeur aux vérités bibliques. Regarder la VIDÉO et discuter de la question qui suit.,"Bot bezing ba dzo na be ne bekristen, ve ba yen ki nfi ya dzeng na be yem bebebela ya Bibel ngeki na be bò mam akia ya Bibel a dzo. Bebege VIDÉO ai yalen a nsili hi:"
fr,ewo,VIDÉO : Comment la chrétienté a-t-elle été corrompue ? (5:11),VIDÉO: Akia afé minnal mi nga nyii évus nyebe? (5:11)
fr,ewo,Qu’ont fait les Églises soi-disant chrétiennes pour empêcher les gens d’apprendre ce que Jésus a enseigné ?,Dzé é minyebe mia dzo na be ne bekristen mi nga bò asu yi na be kamen ai bot na be yègè minyegelen mi Yésus?
fr,ewo,Jésus a enseigné la vérité contenue dans la Parole de Dieu. Lire et discuter de cette question :,Yésus a nga yegele bebebela ba sò Ébug Zamba. Langʼa ai yalen a nsili hi:
fr,ewo,"D’après Jésus, comment peut-on reconnaître les chrétiens qui sont « du côté de la vérité » ?","Ane Yésus a nga dzo, akia afé bi ne dzam yem bekristen be ne “a ngam ya bebela”?"
fr,ewo,"Avant de monter au ciel, Jésus a donné à ses disciples une mission qu’ils accomplissent encore aujourd’hui. Lire et , et discuter de cette question :",Osusua yi na Yésus a ke a yob a nga ve beyègè boé ésié ya ke osu na ya bòben a zaa kui amos ya ana. Langʼa ai yalen a nsili hi:
fr,ewo,Jusqu’où et jusqu’à quand l’œuvre de prédication devrait-elle s’effectuer ?,Ékat foé ya yi bòben akelkui avé ai abog afé?
fr,ewo,Qu’est-ce qui a convaincu un homme appelé Tom qu’il avait trouvé les vrais chrétiens ? Regarder la VIDÉO et discuter des questions qui suivent.,Dzé é nga ve Tom ndi na a sòmeya mimfang bekristen? Bebege VIDÉO ai yalen minsili mi tsaa mi:
fr,ewo,VIDÉO : J’ai rejeté la religion (5:20),VIDÉO: Me nga lum nyebe mvus (5:20)
fr,ewo,Qu’est-ce qui a poussé Tom à rejeter la religion ?,"A vidéo, dzé é nga bò na Tom a lum évus nyebe mvus?"
fr,ewo,Pourquoi est-il convaincu d’avoir trouvé la vérité ?,Dzé é nga ve Tom ndi na a sòmeya mfang ékang?
fr,ewo,Nos actions en disent plus que nos paroles. Lire et discuter de cette question :,Bot ba dang bebe é mam mot a bò aloro é ma a dzo. Langʼa ai yalen a nsili hi:
fr,ewo,Qu’est-ce qui est le plus important pour Jésus : dire qu’on est croyant ou le prouver par nos actes ?,Dzé ya dang nfi abui asu Yésus: ye a dzo ve na o ne kristen ngeki na o lere dò a mimbòen mié?
fr,ewo,Des chrétiens ont-ils déjà risqué leur vie pour leurs coreligionnaires ? Regarder la VIDÉO et discuter des questions qui suivent.,Ye bekristen bezing ba zombo wu asu babenyang baba ya nsisim? Bebege VIDÉO ai yalen minsili mi tsaa mi:
fr,ewo,VIDÉO : Il était prêt à donner sa vie (2:55),VIDÉO: A nga be babi na a ve énying dzié (2:55)
fr,ewo,Pourquoi Lloyd était-il prêt à risquer sa vie pour frère Johansson ?,Amu dzé Lloyd a nga lere na a zombo wu asu manyang woé Johansson?
fr,ewo,Pensez-vous qu’il a agi comme un vrai chrétien ?,"Wò yen ya, ye a nga bò ane mfang kristen wa yeane bò?"
fr,ewo,Lire et discuter de ces questions :,Langʼa ai yalen minsili mi tsaa mi:
fr,ewo,Comment les disciples de Jésus (les vrais chrétiens) traitent-ils les gens d’une autre race ou d’un autre pays ?,Akia afé beyègè be Yésus (mimfang bekristen) ba nying ai bot ya meyòng ngeki é ba ya minnam mivòk?
fr,ewo,Comment agissent-ils envers ces mêmes personnes quand une guerre éclate ?,Akia afé ba nying ai bò abog bita?
fr,ewo,"ON ENTEND PARFOIS : « Les chrétiens ont fait des choses horribles, comment peuvent-ils être la vraie religion ? »","ABUI BOT DA DZO NA: “Bekristen be nga bò bebé bemam, ndò hm be ne dzam dzo na be ne a mfang nyebe ya?”"
fr,ewo,Quel verset pourriez-vous lire pour montrer comment reconnaître les vrais chrétiens ?,Éfus éfé o ne dzam lang a ya lere akia ya bi ne dzam yem mimfang bekristen?
fr,ewo,"Les vrais chrétiens suivent les enseignements de la Bible, ils s’aiment vraiment les uns les autres et ils prêchent les vérités bibliques.","Mimfang bekristen mia tong minyegelen ya Bibel, mia lere éding a zang dzaba, mia yeren fe bebebela ya Bibel."
fr,ewo,Sur quoi les croyances des vrais chrétiens sont-elles basées ?,Éye ékang mimfang bekristen é tii avé?
fr,ewo,Quelle qualité permet de reconnaître les vrais chrétiens ?,Fulu fé ba yem beyègè be Yésus ai dzò?
fr,ewo,À quelle activité les vrais chrétiens participent-ils ?,Ésié éfé beyègè be Yésus ba bò?
fr,ewo,Un groupe religieux qui s’efforce de suivre l’exemple et les enseignements de Jésus Christ.,Andzogoro bekristen ba ve mengul na ba tong mvulna Yésus Kristu ai minyegelen mié.
fr,ewo,Qui sont les Témoins de Jéhovah ? (1:13),Beboala be Yéhova ​​ —Bi ne beza? 1:13
fr,ewo,Comment une ancienne religieuse a-t-elle trouvé ce qu’elle appelle « une vraie famille spirituelle » ?,Bebege dzé é nga tindi é mininga a nga be a sié a mam me misòn woé na a ke sòm “mfang nda bot.”
fr,ewo,"« Ils ont utilisé la Bible pour répondre à toutes mes questions ! » ( La Tour de Garde , 1 er avril 2014)","“Ils ont utilisé la Bible pour répondre à toutes mes questions!” ( La Tour de Garde, 1 er avril 2014)"
fr,ewo,Comment les vrais chrétiens manifestent-ils de l’amour à leurs coreligionnaires qui ont besoin de secours ?,Akia afé mimfang bekristen mia lere é babenyang baba ya nsisim ba yangʼen ai nvòlen éding dzaba?
fr,ewo,Du secours après une catastrophe (extrait) (3:57),Minvòlen mi nga sò abog ébubua ​​ —Étun 3:57
fr,ewo,Jésus a défini des critères qui permettraient de reconnaître ses disciples. Comment les premiers chrétiens et les vrais chrétiens d’aujourd’hui remplissent-ils ces critères ?,Yésus a nga ve mendem ma yi bò na be yem beyègè boé. Akia afé bekristen ya osusua ai mimfang bekristen ya melu ma ba dzala mendem meté?
fr,ewo,"« À quoi se reconnaît le christianisme authentique ? » ( La Tour de Garde , 1 er mars 2012)","“À quoi se reconnaît le christianisme authentique?” ( La Tour de Garde, 1 er mars 2012)"
fr,ewo,Les premiers chrétiens aimaient la Parole de Dieu.,"Bekristen ya osusua be nga be be dingʼi Ébug Zamba, be yeregen Ébug té, be lerege fe éding a zang dzaba"
fr,ewo,Les premiers chrétiens prêchaient.,"Bekristen ya osusua be nga be be dingʼi Ébug Zamba, be yeregen Ébug té, be lerege fe éding a zang dzaba"
fr,ewo,"Les Témoins de Jéhovah sont convaincus d’être de vrais chrétiens. Pourquoi ? Pour trois raisons essentielles : la base de nos croyances, le nom qui nous distingue et l’amour que nous avons les uns pour les autres.","Beboala be Yéhova ba yem na be ne mimfang bekristen. Amu dzé? Bamu be ne belè: tin ékang dzaan, é dzoé bi bege, ai éding bia dingʼen bia bia."
fr,ewo,"Jésus a dit : ‘La parole de Dieu est vérité’ ( ). Comme Jésus, les Témoins de Jéhovah ont toujours fondé leurs croyances sur la Parole de Dieu. Voyez par exemple ce qui s’est passé à la fin du 19 e siècle. Dans les années 1870, un groupe de personnes s’est mis à étudier soigneusement la Bible. Ils ont fondé leurs croyances sur ce qu’elle dit même si c’était différent de ce que les Églises enseignaient. Puis ils ont commencé à parler aux autres de ces vérités bibliques * .","Yésus a nga dzo na: “Ébug dzoé [Zamba] é ne bebela” ( ). Ane Yésus, ékang Beboala be Yéhova é tii Ébug Zamba. Bi tam nòng mvulna ya lere metari Beboala be Yéhova. A mbu 1870, andzogoro bot a nga kèè na da yègè Bibel. Be nga bò na ékang dzaba é nòng tin Ébug Zamba, tò éyòng é mam Bibel a yegele me nga be me selen ai minyegelen ya minyebe. Ndò hm be nga kèè na ba kat é bot bevòk bebebela ya Bibel beté. *"
fr,ewo,"Jéhovah appelle ses adorateurs ses « témoins » parce qu’ils font connaître la vérité à son sujet ( ). Par exemple, dans le passé, Dieu a dit à son peuple : « Vous êtes mes témoins » (lire ). Jésus est appelé « le Témoin fidèle » ( ). En 1931, nous avons donc adopté le nom Témoins de Jéhovah. Nous sommes fiers de porter ce nom.","Bebò bisié be Yéhova be ne “beboala” boé amu ba kat é bebela a tii ai nyè ( ). Nnòngʼò mvulna, osusua Zamba a nga kat ayòng dié na: “Mi ne Beboala bama” (Langʼa ). Bibel a loé Yésus na “Mboala afiri.” ( ). Ndò a mbu 1931 bi nga nòng éyolé Beboala be Yéhova. Bi ne mintak ya bege éyolé té."
fr,ewo,"Jésus aimait tellement ses disciples qu’il les considérait comme sa famille (lire ). De la même façon, les Témoins de Jéhovah forment une famille internationale unie. C’est pour cela que nous nous appelons entre nous « frères et sœurs » ( ). Nous obéissons aussi à ce commandement : « Aimez toute la communauté des frères » ( ). Nous exprimons cet amour de nombreuses façons. Par exemple, nous aidons nos frères et sœurs qui en ont besoin, peu importe le pays où ils vivent.","Yésus a nga ding beyègè boé abui akia yi na a nga yen bò ane nda bot dzié (Langʼa ). Dzam deda fe, a si ése, Beboala be Yéhova be ne dzom dzia, bese ba wogé ai nda bot dzia. Dzom té ndzò bia loéne na “babedzang ai beka” ( ). Bia tong é mvéndé ya dzo na: “Dingʼeni babenyang bân bese” ( ). Beboala be Yéhova ya si ése ba lere é fulu éding nyi mekia mekia, ane éyòng ba vòli é babenyang baba be ne a meyangʼen."
fr,ewo,Parlons de l’histoire des Témoins de Jéhovah et voyons d’autres preuves que nous sommes de vrais chrétiens.,Bi tam yen nlang Beboala be Yéhova ai mendem mefe ma lere na be ne mimfang bekristen.
fr,ewo,"Jéhovah avait annoncé que les vérités bibliques seraient clairement comprises. Lire et la note , et discuter de cette question :",Yéhova a nga béndé na bot ba yi wog bebebela ya Bibel a sang. Langʼa ai yalen a nsili hi:
fr,ewo,Qu’est-ce qui deviendrait abondant pour les serviteurs de Dieu à mesure qu’ils étudieraient la Bible ?,"Ane ayòng Zamba da yi ke osu ai ayègè Bibel, dzé ya yi kui?"
fr,ewo,"Voyons comment un groupe d’étudiants de la Bible, dont faisait partie Charles Russell, a étudié la Parole de Dieu. Regarder la VIDÉO et discuter de la question qui suit.","Bi tam yen akia ya andzogoro beyègè be Bibel a mbe yèègè Ébug Zamba, mbòk ya abe bò a nga be dzoé na Charles Russel. Bebege VIDÉO ai yalen a nsili hi:"
fr,ewo,VIDÉO : Ils redécouvrent les vérités bibliques (7:45),VIDÉO: Ba dugen sòm minyegelen ya Bibel (7:45)
fr,ewo,Quelle méthode le groupe de Charles Russell a-t-il suivie pour étudier la Bible ?,"A vidéo, akia afé Charles Russel ai babenyang boé be karege yègè Bibel?"
fr,ewo,"Nous avons parfois rectifié certaines de nos croyances. Pourquoi ? Tout comme le soleil qui se lève révèle petit à petit les détails d’un paysage, Dieu a fait comprendre sa Parole progressivement (lire ). Donc, même si la Bible ne change pas, à mesure que notre compréhension de celle-ci augmente, nous affinons nos croyances.","Biyòng bizing da kui na bi tséndé akia ya bia wog ayegele Bibel zing. Amu dzé? Ane mfié ya nlo dzobo wa kulen éngengeng oteteg oteteg, éye fe Zamba a bò na bi wog Ébug dzié nala dzam deda (Langʼa ). Afiangʼen bò na Bibel a tséndé ki, éyòng bi tueneya wog ayegele Bibel zing, bia tséndé nwogen waan ya osusua."
fr,ewo,Pourquoi avons-nous adopté le nom Témoins de Jéhovah ? Regarder la VIDÉO et discuter de la question qui suit.,Amu dzé bi nga tòb na bia bege éyolé “Beboala be Yéhova”? Bebege VIDÉO ai yalen minsili mi tsaa mi:
fr,ewo,VIDÉO : Un nom qui nous définit (2:40),VIDÉO: Éyolé ya lere akia bot ya bi ne (2:56)
fr,ewo,Pourquoi le nom Témoins de Jéhovah est-il bien choisi ?,Amu dzé éyolé Beboala be Yéhova ya yeane ai bia?
fr,ewo,Pourquoi Jéhovah a-t-il confié à des gens la mission d’être ses témoins ? Pour qu’ils fassent savoir qu’il est le vrai Dieu et qu’ils dénoncent les nombreux mensonges qui circulent à son sujet. Examinons deux de ces mensonges.,"Amu dzé Yéhova a nga tòb ayòng bot na be tòbò beboala boé? Asu yi na be lere na Yéhova a ne Mfang Zamba, ai na be kulen minnal bot bezing ba tié mi tii ai Zamba. Bi tam yen minnal mibè ya étéré."
fr,ewo,"Des religions enseignent que Dieu veut qu’on l’adore à l’aide d’objets, comme des statues ou des images. Lire et discuter de ces questions :","Minyebe mizing mia yegele beyebe baba na, Zamba a yi na be belen ai bivegele éyòng ba kang nyè. Langʼa ai yalen minsili mi tsaa mi:"
fr,ewo,Quelle est la vérité à propos des objets religieux ? Que pense Jéhovah de ces objets ?,Bebela mbé a tii ai ékang bivegele? Ntsogen mbé Yéhova a bele ai ékang bivegele?
fr,ewo,Des religions enseignent que Jésus est Dieu. Lire et discuter de ces questions :,Betebe be osu bezing ya minyebe ba yegele na Yésus a ne Zamba. Langʼa ai yalen minsili mi tsaa mi:
fr,ewo,Quelle est la vérité à propos de Dieu et de Jésus ? Sont-ils la même personne ?,Bebela mbé a ne a zang Yésus ai Zamba? Ye Yésus ban Zamba be ne mot mbòk?
fr,ewo,Qu’est-ce que ça vous fait de savoir que Jéhovah a envoyé ses Témoins prêcher la vérité sur lui et sur son Fils ?,"Wò woren ya, éyòng wò wog na Yéhova a nga lom Beboala boé na be ke ba yeren é bebela a ne a zang dzié ai Mòn woé?"
fr,ewo,La Bible compare les chrétiens aux différentes parties du corps humain. Lire et discuter de ces questions :,Bibel a lere na bekristen ba yeane tòbò dzom dzia ane bidzo bi nyòl. Langʼa ai yalen minsili mi tsaa mi:
fr,ewo,Comment les vrais chrétiens réagissent-ils quand leurs frères et sœurs souffrent ?,Dzé mimfang bekristen mia yeane bò éyòng ba wog na babenyang baba be bele mindzug?
fr,ewo,"D’après ce que vous avez observé, comment les Témoins de Jéhovah se manifestent-ils de l’amour les uns aux autres ?","Éyòng wò tuene bebe Beboala be Yéhova, akia afé ba lere na ba dingʼen bò bò?"
fr,ewo,"Quand des Témoins de Jéhovah d’une région souffrent, les Témoins du monde entier réagissent sans tarder. Regarder la VIDÉO et discuter de la question qui suit.","Éyòng Beboala be Yéhova ya nnam zing be bele mindzug, babenyang baba ya si ése ba ve bò nvòlen wa sili avol avol. Bebege VIDÉO ai yalen a nsili hi:"
fr,ewo,VIDÉO : L’ouragan Matthew frappe Haïti (5:29),VIDÉO: Nkulu ba loé na Matthew a dzimbi Haiti (5:29)
fr,ewo,Comment les opérations de secours des Témoins prouvent-elles leur amour ?,Akia afé ésié Beboala be Yéhova ba bò asu yi na ba vòli babenyang baba ya lere na ba dingʼen?
fr,ewo,ON ENTEND PARFOIS : « Les Témoins de Jéhovah sont une nouvelle religion. »,ABUI BOT DA DZO NA: “Beboala be Yéhova be ne mkpamen nyebe.”
fr,ewo,Depuis quand Jéhovah appelle-t-il ses adorateurs ses « Témoins » ?,A tarigi abog afé Yéhova a loé bebò bisié boé na “beboala” boé?
fr,ewo,"Les Témoins de Jéhovah sont de vrais chrétiens. Nous formons une famille internationale, nos croyances sont basées sur la Bible et nous faisons connaître la vérité sur Jéhovah.","Beboala be Yéhova be ne mimfang bekristen. Bi ne bebò bisié be Yéhova, bi ne nda bot dzia a si ése, tin ékang dzaan ya sò a Bibel ai bia yeren é bebela a tii ai Yéhova."
fr,ewo,Pourquoi avons-nous adopté le nom Témoins de Jéhovah ?,Asu dzé bi nga tòb éyolé Beboala be Yéhova?
fr,ewo,Comment nous traitons-nous les uns les autres ?,Akia afé bia nying ai babedzang baan?
fr,ewo,Pensez-vous que les Témoins de Jéhovah sont de vrais chrétiens ?,"A ntsogen woé, ye Beboala be Yéhova be ne mimfang bekristen?"
fr,ewo,Un documentaire sur l’histoire des Témoins de Jéhovah.,Yene abui mam ma bebe nlang Beboala be Yéhova.
fr,ewo,"Les Témoins de Jéhovah. La foi en action, 1 re partie : La sortie des ténèbres (1:00:53)","Les Témoins de Jéhovah. ​ La foie en action, 1 re partie: La sortie des ténèbres 1:01:27"
fr,ewo,Un exemple de mensonge religieux dévoilé par les Témoins de Jéhovah.,Yene mvulna minnal dzia ya Beboala be Yéhova be nga kulen a minyebe mia yegele.
fr,ewo,Le peuple qui glorifie le nom de Dieu (7:08),Ayòng da ve dzoé Zamba duma 7:08
fr,ewo,Les réponses à des questions que vous vous posez peut-être sur les Témoins de Jéhovah.,Biyalen ya minsili o ne dzam bi mi bebege Beboala be Yéhova.
fr,ewo,« Questions fréquentes sur les Témoins de Jéhovah » (page jw.org),“Questions fréquentes sur les Témoins de Jéhovah” (Nlangʼen a jw.org)
fr,ewo,"Motivé par la haine, Stephen commettait des actes criminels. Ce qu’il a vu chez les Témoins de Jéhovah l’a poussé à changer.",Stephen a nga be a singʼi bot ya meyòng mefe akia yi na a ntoa ntotom mot. É mimbòen a nga yen abe Beboala be Yéhova mi nga tindi nyè na a tséndé.
fr,ewo,"« Ma vie allait de plus en plus mal » ( La Tour de Garde , 1 er juillet 2015)","“Ma vie allait de plus en plus mal” ( La Tour de Garde, 1 er juillet 2015)"
fr,ewo,"^ Notre principale revue, La Tour de Garde, fait connaître les vérités bibliques sans interruption depuis 1879.","^ Kalara mefoé waan, Nkum mòmbo a bò na bot be yem bebebela ya Bibel a kèègè a mbu 1879 a zaa kui ana, tegè telé."
fr,ewo,Les vrais chrétiens fondent leurs croyances sur la Bible et ils en parlent aux autres.,Tin ékang mimfang bekristen ya sò Ébug Zamba ai ba vòli bot na be yem bebebela ya Bibel
fr,ewo,"Par amour, les vrais chrétiens aident ceux qui souffrent.",Mimfang bekristen mia lere é bot be ne a meyangʼen éding
fr,ewo,Jéhovah est un Dieu ordonné ( ). Il est donc logique que ses adorateurs soient organisés. Comment l’assemblée est-elle structurée ? Et comment chacun peut-il contribuer à son bon fonctionnement ?,"Yéhova a ne é Zamba ya a ding éyòng mam me ne ntaan mbeng ( ). Asu té, a ne mbeng na ékoen dzié é tòbò mbembe ntaan. Akia afé mam me ne ntaan akonda bekristen? Akia afé bi ne dzam sug ntaan mam té?"
fr,ewo,"« Christ est chef de l’assemblée » ( ). Du ciel, il dirige les activités des adorateurs de Jéhovah du monde entier. Jésus a mis en place « l’esclave fidèle et avisé », un petit groupe d’anciens expérimentés qu’on appelle aussi « Collège central » (lire ). Comme les apôtres et les anciens de Jérusalem au 1 er siècle, le Collège central donne des instructions à l’assemblée mondiale ( ). Mais cela ne veut pas dire que ces hommes sont les chefs de notre organisation. Ils se laissent guider par Jéhovah et sa Parole, et ils se soumettent à l’autorité de Jésus.","“Kristu a ne nlo ya akonda” ( ). Tò ane a ne a yob, Yésus a tòngʼlò ésié bebò bisié be Yéhova a si ése. Yésus a nga telé “Olò o ne feg ai mewog”​​—man andzogoro bemvendé be ne biwolo mfaa ya nsisim, ba loé fe bò na Tin ékoen (Langʼa ). Ane bapostel ai bemvendé ya Yérusalem a ntet mimbu osu, dzam deda fe melu maan ma, Tin ékoen ya ve mekonda mese betebega ( ). Dzam da, bemvendé beté be seki nlo ya akonda. Ba bò Yéhova mewog ai zen ya Ébug dzié, ba yebe fe na Yésus nnye a tòngʼlò bò."
fr,ewo,"Les anciens sont des chrétiens mûrs qui s’appuient sur la Bible pour enseigner, aider et encourager les membres de l’assemblée. Ces hommes ne reçoivent pas d’argent en échange. Ils servent plutôt l’assemblée « de bon cœur devant Dieu ; non par amour d’un gain malhonnête, mais avec empressement » ( ). Ils sont secondés par des assistants, qui eux-mêmes peuvent devenir anciens par la suite.","Bemvendé be ne é babedzang be ne biwolo mfaa ya nsisim, ba yegele mintomba mi Yéhova ai zen ya Mimfufub mintilen, ba nòni mintomba mi Yéhova, ba vòli bò, be wonogo fe bò. Ba yaane ki bò mòni asu ésié té. Dzam da, ba sié ane Bibel a dzo na: “Bòen dò ai nyien wân ane Zamba a ding, te mia bò dò ai ndòg mòni, bòen dò ai nnem évak” ( ). Bediakon ba vòli bemvendé, ane abog da lot, bediakon ba lere mefulu ma bò na bò fe be tòbò bemvendé."
fr,ewo,"Certains anciens sont nommés responsables de circonscription par le Collège central. Ils sont chargés de visiter plusieurs assemblées pour les affermir et leur transmettre des instructions. Sur la base des critères définis dans la Bible, ils nomment des anciens et des assistants ( ).",Tin ékoen ya telé bemvendé bezing na be tòbò benfeb mekonda. Ba dzòm mekonda asu yi na ba ve mò betebega ai awono. Ba bebe betebega ya Bibel a ve asu yi na be yem beza be ne tebe bemvendé ai bediakon ( ).
fr,ewo,Tous les membres de l’assemblée « louent le nom de Jéhovah » en participant aux réunions et en prêchant aussi souvent que possible (lire ).,Bot bese ya akonda ba lugu “dzoé Yéhova” éyòng ba tòbò a bikoen ya akonda ai éyòng ba kat foé ya Édzoé abog ase be ne ngul ya bò dò​ (Langʼa ).
fr,ewo,"Voyons quel genre de chef est Jésus, comment les anciens s’efforcent de l’imiter, et comment nous pouvons coopérer avec Jésus et les anciens.","Bi tam yen akia ndzoé Yésus a ne, akia afé bemvendé ba ve mengul na be vu nyè, ai akia afé bi ne dzam sié fufulu ai Yésus ai bemvendé."
fr,ewo,Jésus nous lance une invitation chaleureuse. Lire et discuter de cette question :,Yésus a banda bia. Langʼa ai yalen minsili mi tsaa mi:
fr,ewo,Comment se sent-on quand on accepte Jésus pour chef ?,Dzé wò woren éyòng wò yebe Yésus ane ndzoé woé?
fr,ewo,De quelle façon les anciens imitent-ils Jésus ? Regarder la VIDÉO .,Akia afé bemvendé ba vu Yésus? Bebege VIDÉO .
fr,ewo,VIDÉO : Népal : les anciens aident les victimes du tremblement de terre (4:56),VIDÉO: A Népal: Bemvendé ba vòli é bot be he bi ndzug amu minfongʼen mi si (4:56)
fr,ewo,La Bible explique clairement comment les anciens doivent s’acquitter de leurs responsabilités.,Bibel a lere a sang akia ya bemvendé ba yeane dzala ésié dzaba.
fr,ewo,"Lire et , et discuter de ces questions :",Langʼa ai yalen minsili mi tsaa mi:
fr,ewo,"Qu’est-ce que cela vous fait de savoir qu’à l’exemple de Jésus, les anciens sont là pour nous réconforter ?","A yem na, bemvendé be ne hala asu yi na be ve bia awono ane Yésus, nala a bò wò ya?"
fr,ewo,En agissant de quelles façons les anciens imitent-ils Jésus ?,Mekia mefé fe bemvendé ba vu Yésus?
fr,ewo,Comment Jésus veut-il que les anciens considèrent leurs responsabilités ? Regarder la VIDÉO .,Akia afé Yésus a yi na bemvendé be nòng mbege waba? Bebege VIDÉO .
fr,ewo,"VIDÉO : Anciens, donnez l’exemple ! (7:39)","VIDÉO: A bemvendé, lereni mvulna! (7:39)"
fr,ewo,Jésus a défini comment doivent se comporter ceux qui dirigent l’assemblée. Lire et discuter de cette question :,Yésus a nga ve betebega asu é ba ba tòngʼlò akonda. Langʼa ai yalen a nsili hi:
fr,ewo,"Quand vous comparez ce que la Bible dit des anciens avec ce qu’on voit chez les chefs religieux en général, qu’est-ce qui vous frappe ?",Dzé ya namba wò abui éyòng wò yen nselna a ne a zang bemvendé ya ékoen Beboala be Yéhova ai betebe be osu ya minyebe?
fr,ewo,Les anciens restent proches de Jéhovah et veillent à ce que leur famille le soit aussi.,"Bemvendé ba baala élat dzaba ai Yéhova, ba bò fe na menda mebot maba me tòbò éwolo a nsisim"
fr,ewo,Les anciens se soucient de chaque membre de l’assemblée.,Bemvendé ba mvamen ai mot ose ya akonda
fr,ewo,Les anciens prêchent régulièrement.,Bemvendé ba kat foé mban
fr,ewo,"Les anciens font des discours, mais ils participent aussi au ménage et à d’autres tâches.",Bemvendé ba bò bikat mam akonda. Ba vòli fe bò mfuben abaa Édzoé ai bisié bife
fr,ewo,La Bible explique pourquoi il est important de soutenir les décisions des anciens. Lire et discuter de ces questions :,Bibel a lere bia amu dzé é ne ai nfi na bi sug mintsigen bemvendé ba nòng. Langʼa ai yalen minsili mi tsaa mi:
fr,ewo,La Bible nous encourage à obéir et à être soumis à ceux qui nous dirigent. Trouvez-vous cela raisonnable ? Pourquoi ?,"Bibel a béndé bia na bi bò bemvendé mewog, na bi suu biabeben édzoé dzaba, mfaa woé ye nala wò yeane? Amu dzé?"
fr,ewo,Lire et discuter de cette question :,Langʼa ai yalen a nsili hi:
fr,ewo,Pourquoi est-il important de coopérer avec les anciens même dans des domaines qui semblent sans importance ?,Asu dzé é ne nfi na bi sug ésié bemvendé tò a ban mam?
fr,ewo,"ON ENTEND PARFOIS : « Moi, je n’ai pas besoin de faire partie d’une religion. »",ABUI BOT DA DZO NA: “Me seki ényòri na me wogé ai nyebe zing.”
fr,ewo,"À votre avis, quel avantage y a-t-il à adorer Dieu en faisant partie d’un groupe organisé ?","A ntsogen woé, nfi mbé mot a nòng éyòng a kang Zamba é vom mam me ne ntaan mbeng?"
fr,ewo,Jésus est le chef de l’assemblée. Les anciens se soumettent à son autorité. Et nous coopérons volontiers avec eux parce qu’ils nous encouragent et nous montrent l’exemple.,"Yésus a ne nlo ya akonda. Bemvendé ba suu bòbeben édzoé dzié. Bi ne mintak ya sug bò amu ba ve bia awono, be lerege fe bia mvulna."
fr,ewo,Qui est le chef de l’assemblée ?,Za a ne nlo ya akonda?
fr,ewo,Quel est le rôle des anciens ?,Bisié bifé bemvendé ba bò akonda?
fr,ewo,Quel est le rôle de chaque adorateur de Jéhovah ?,Mbege mbé Mboala Yéhova ase a bege?
fr,ewo,Une vidéo qui montre que le Collège central et les anciens de l’assemblée se soucient profondément de leurs compagnons chrétiens.,É vidéo nyi a lere akia afé babedzang ya Tin ékoen ai bemvendé ba mvamen ai bekristen ya melu ma.
fr,ewo,Ils apportent de l’aide à leurs frères (4:22),Ba ke vòli babedzang baba 4:22
fr,ewo,Le rôle des responsables de circonscription.,Ésié nfeb mekonda.
fr,ewo,La vie d’un responsable de circonscription dans un territoire rural (4:51),Énying nfeb mekonda ya amvus nnam 4:51
fr,ewo,Le rôle des femmes dans l’assemblée.,Ésié bininga ya akonda.
fr,ewo,"« Y a-t-il des femmes ministres chez les Témoins de Jéhovah ? » ( La Tour de Garde , 1 er septembre 2012)","“Y a-t-il des femmes ministres chez les Témoins de Jéhovah?” ( La Tour de Garde, 1 er septembre 2012)"
fr,ewo,Ce que les anciens sont prêts à faire pour encourager leurs frères et sœurs.,Ésié bemvendé ba bò asu yi na be ve babenyang baba awono.
fr,ewo,"« Les anciens, “compagnons de travail pour notre joie” » ( La Tour de Garde , 15 janvier 2013)","“Les anciens, ​ ‘compagnons de travail pour notre joieʼ” ( La Tour de Garde, 15 janvier 2013)"
fr,ewo,"Grâce à son royaume, Jéhovah va bientôt résoudre tous nos problèmes. Cette nouvelle est tellement belle qu’on ne peut pas la garder pour nous ! Jésus a demandé à ses disciples de faire connaître ce message à tout le monde ( ). Comment les Témoins de Jéhovah obéissent-ils à ce commandement ?",Yéhova a yi belen ai Édzoé dzié asu yi na a mana ai mindzug miaan mise. Foé té é ne mbeng akia yi na ya yeane na bi kat dzò é bot bevòk. Yésus a nga dzo ai beyègè boé na be kat bot bese foé té ( ). Akia afé Beboala be Yéhova ba tong abéndé té?
fr,ewo,Jésus a prédit : « Cette bonne nouvelle du Royaume sera prêchée sur toute la terre » ( ). Les Témoins de Jéhovah sont heureux de participer à cette œuvre importante. Nous prêchons la bonne nouvelle sur toute la terre en plus de 1 000 langues ! Cette œuvre immense demande beaucoup d’efforts et d’organisation. Elle ne pourrait pas se faire sans l’aide de Jéhovah.,"Yésus a nga dzo na: “Mbembe foé ya Édzoé ya yob nyò a yi kareben a si ése bot be toa” ( ). Beboala be Yéhova be ne mintak ya nòng ngab a ngul ésié té. Bia kat mbembe foé té a si ése a minkòbò aloro 1000! Ngul ésié té ya sili mbembe ntaan mam, abui mengul ai évak. Bia kui na bia bò dò ai nvòlen Yéhova."
fr,ewo,"Nous prêchons partout où il y a des gens. Comme les chrétiens du 1 er siècle, nous prêchons « de maison en maison » ( ). Cette méthode systématique nous permet de rencontrer des millions de personnes chaque année. Comme les gens ne sont pas toujours chez eux, nous prêchons aussi dans beaucoup de lieux publics. Nous guettons toutes les occasions de parler de Jéhovah et de son projet.","Bia kat mbembe foé é vom ose bia kòb bot. Ane bekristen ya ntet mimbu osu, bia kat foé “a menda menda” ( ). Akia mbòen té da vòli bia na bi toben ai bakura bebot mbu ose. Nde fe, mbol abui da dang ki kare tòbò a menda maba, bia kat fe foé abui bevom befe ane a makit ai a mindzòng. Bia dzeng ai mezen mese na bi vòli bot na be yem Yéhova ai nsongʼen a bele."
fr,ewo,"Tous les vrais chrétiens ont la responsabilité de faire connaître la bonne nouvelle. Nous prenons cette responsabilité au sérieux. Nous prêchons autant que notre situation nous le permet parce que nous sommes conscients que des vies sont en jeu (lire ). Nous ne sommes pas payés pour prêcher, car la Bible dit : « Vous avez reçu gratuitement, donnez gratuitement » ( ). Les gens ne nous écoutent pas toujours, mais nous continuons de prêcher parce que cette activité fait partie de notre culte et rend Jéhovah heureux.","Mimfang bekristen mise mmiè mia yeane kat bot mbembe foé. Bia bò ki ésié té ai éles. Bia kat foé ai abim mengul bi bele amu bia yem na ésié té ya nyii bot (Langʼa ). Ba yaane ki ai bia asu yi na bi bò ésié té amu Bibel a dzo na: “Mi nga bi a zeze, vaan fe a zeze” ( ). Seki mot ose nnye a vogolo bia, veda bia ke osu na bia kat foé amu bia yem na ésié té é ne ngab dzia ya ékang bia ve Yéhova é vaa fe nyè mintak a nnem."
fr,ewo,Voyons les efforts que font les Témoins de Jéhovah pour prêcher dans le monde entier. Voyons aussi comment Jéhovah nous aide.,"Bi tam yen mengul Beboala be Yéhova ba ve asu yi na be kat mbembe foé a si ése, ai akia afé Yéhova a sug bia."
fr,ewo,Les Témoins de Jéhovah font beaucoup d’efforts pour prêcher la bonne nouvelle à tout le monde. Regarder la VIDÉO et discuter de la question qui suit.,Beboala be Yéhova ba bò é dzam ase da sili asu yi na be kat mbembe foé a mebug me si mese. Bebege VIDÉO ai yalen a nsili hi:
fr,ewo,VIDÉO : Ils prêchent dans « la région la plus lointaine de la terre » (7:33),VIDÉO: Ba bò ésié ékat foé “akelkui a mebug me si mese” (7:33)
fr,ewo,Qu’est-ce qui vous impressionne quand vous voyez tous les efforts que les Témoins de Jéhovah font pour prêcher ?,"Éyòng wò yen mengul Beboala be Yéhova ba ve asu yi na be kat foé, dzé ndzò wò dang kam étéré?"
fr,ewo,"Lire et , et discuter de ces questions :","Langʼa , ai yalen minsili mi tsaa mi:"
fr,ewo,Comment notre prédication montre-t-elle que nous aimons notre prochain ?,Akia afé ésié ékat foé bia bò ya lere na bia ding é bot bevòk?
fr,ewo,Que ressent Jéhovah pour ceux qui prêchent la bonne nouvelle ? (voir le ).,Dzé Yéhova a woren asu é bot ba kat mbembe foé ya Édzoé? (Bebege ).
fr,ewo,"De nombreux témoignages montrent que Jéhovah dirige notre œuvre. Prenons un exemple. En Nouvelle-Zélande, un frère appelé Paul a rencontré une dame alors qu’il prêchait de porte en porte un après-midi. Le matin même, cette dame avait prié Dieu en l’appelant par son nom, Jéhovah. Elle lui avait demandé que quelqu’un vienne la voir. « Trois heures plus tard, raconte Paul, je frappais à sa porte. »","Abui mendem ma lere bia na Yéhova nnye a tòngʼlò ésié dzaan. Bi bele mvulna madzang waan mbòk a ne dzoé na Paul a toa a Nouvelle Zélande. A nga toben ai mininga zing éyòng a nga be bò ékat foé a menda menda amvus tolop. Kiri té oben, mininga té a nga kogelen ai Zamba a loégé nyè ai dzoé dié, “Yéhova”, asu yi na mot a zu nyè vòli. Mewola melè amvus ngogelen dzié, nde madzang Paul a nga kut a mbè woé."
fr,ewo,Lire et discuter de cette question :,Langʼa ai yalen a nsili hi:
fr,ewo,Comment des témoignages comme celui du frère de Nouvelle-Zélande montrent-ils que Jéhovah dirige notre œuvre de prédication ?,Akia afé minlang ane é hi madzang waan ya Nouvelle Zélande mia lere na Yéhova nnye a tòngʼlò ésié ékat foé dzaan?
fr,ewo,Lire et discuter de cette question :,Langʼa ai yalen a nsili hi:
fr,ewo,Pourquoi avons-nous besoin de l’aide de Jéhovah pour accomplir cette œuvre ?,Amu dzé bia yangʼen ai nvòlen Yéhova asu yi na bi bò ésié té?
fr,ewo,"À chaque réunion de semaine, nous recevons une formation pour prêcher. Si vous avez déjà assisté à une de ces réunions, que pensez-vous de cette formation ?","A bikoen biaan ya zang sòndò, ba komoro bia asu yi na bi tuene bò ésié ékat foé dzaan. Nge o tòbòya ékoen dzia ya été, wò yen zukulu té ya?"
fr,ewo,"Au 1 er siècle, des opposants ont voulu empêcher les disciples de Jésus de prêcher. Les chrétiens ont alors défendu leur droit de prêcher en ‘faisant reconnaître la bonne nouvelle en justice’ ( ). Les Témoins de Jéhovah font la même chose aujourd’hui * .","A ntet mimbu osu, é bot be nga be be lumen ai beyègè be Yésus be nga yi na ba telé ésié ékat foé. Bekristen ya abog té be nga belen ai menda medzo asu yi na be kamen ai ésié ékat foé ( ). Éye fe Beboala be Yéhova ba bò nala é melu ma. *"
fr,ewo,Regarder la VIDÉO .,Bebege VIDÉO .
fr,ewo,VIDÉO : Ils défendent la bonne nouvelle en justice (2:28),VIDÉO: Ba lumen asu mbembe foé a menda medzo (2:28)
fr,ewo,Lire et discuter de cette question :,Langʼa ai yalen a nsili hi:
fr,ewo,Pourquoi n’arrêterons-nous jamais de prêcher ? (voir les ).,"Amu dzé bi seki dzam telé ésié ékat foé? (Bebege , )."
fr,ewo,ON POURRAIT VOUS DEMANDER : « Pourquoi les Témoins de Jéhovah font-ils du porte-à-porte ? »,MOT A NE WÒ DZAM SILI NA: “Asu dzé Beboala be Yéhova ba ke ba kat foé a menda menda?”
fr,ewo,Que répondriez-vous ?,O ne dzam yalen ya?
fr,ewo,Jésus a demandé à ses disciples de prêcher la bonne nouvelle sur toute la terre. Jéhovah aide ses adorateurs à accomplir cette œuvre.,Yésus a nga dzo ai beyègè boé na be kat foé a si ése. Yéhova a vòli bebò bisié boé na be bò ésié té.
fr,ewo,Comment la bonne nouvelle est-elle prêchée dans le monde entier ?,Akia afé mbembe foé a ne nkareben a si ése?
fr,ewo,Comment notre prédication montre-t-elle que nous aimons notre prochain ?,Akia afé é foé bia kat ya lere éding bi bele asu é bot bevòk?
fr,ewo,"À votre avis, prêcher peut-il nous rendre heureux ? Pourquoi ?","A ntsogen woé, ye bi ne dzam bi mintak ésié ékat foé? Asu dzé?"
fr,ewo,Comment les Témoins de Jéhovah prêchent-ils dans les grandes villes ?,Yene ane Beboala be Yéhova ba kat mbembe foé a boro betisòn.
fr,ewo,Paris : Témoignage public spécifique aux grandes villes (5:11),Paris: Ékat foé ya bòben a boro betisòn 5:11
fr,ewo,Quels efforts les Témoins de Jéhovah font-ils pour prêcher aux réfugiés ?,Mengul mefé Beboala be Yéhova ba ve asu yi na é bot ba tub mindzug a minnam miaba be wog mbembe foé?
fr,ewo,Ils étanchent la soif spirituelle d’hommes et de femmes réfugiés (5:59),Ba kat é befam ai é bininga be nga tub minnam miaba amu mindzug mbembe foé 5:59
fr,ewo,Une prédicatrice à plein temps parle de sa vie passionnante.,Mkpaa mefan mininga zing a lèè bemaa a nga bi énying nkat foé dzié.
fr,ewo,Heureuse d’avoir choisi cette carrière (6:29),Me ne mintak mbol me nga tòb ésié nkat foé 6:29
fr,ewo,Des victoires juridiques qui ont marqué l’histoire de la prédication de la bonne nouvelle.,Mekiebe Beboala be Yéhova be nga bi a menda medzo asu ésié ékat foé.
fr,ewo,"« Les prédicateurs se défendent devant les tribunaux » ( Le Royaume de Dieu en action ! , chapitre 13)","“Les prédicateurs se défendent devant les tribunaux” ( Le Royaume de Dieu en action!, chapitre 13)"
fr,ewo,^ C’est Dieu qui nous demande de prêcher. Les Témoins de Jéhovah n’ont donc pas besoin de la permission des autorités pour prêcher la bonne nouvelle.,^ Zamba nnye a yi na bi kat foé. Beboala be Yéhova ba yangʼen ki ai ovaa ngul bidzoé bibot asu yi na be bò ésié té.
fr,ewo,"La prédication dans le monde : A) Costa Rica, B) États-Unis, C) Bénin, D) Thaïlande, E) Yap, F) Suède.","Ba kat mbembe foé a si ése: (A) Costa Rica, (B) Amérika, (C) Bénin, (D) Thailand, (E) Turquie, (F) Suède"
fr,ewo,"Plus vous étudiez les vérités bibliques, plus vous vous dites sans doute : « Tout le monde devrait savoir ça ! » C’est vrai, tout le monde a besoin de connaître ces vérités. Mais vous êtes peut-être un peu stressé à l’idée de parler aux autres de ce que vous apprenez. Voyons comment vous pouvez surmonter votre nervosité et trouver de la joie à prêcher la bonne nouvelle.","Éyòng wò yègè bebebela ba sò a Bibel, o ne kèène dzo na: ‘Bot bese ba yeane yem é mam ma!’ A ne été na, bot bese ba yang’en na be yem bebebela beté! Ve, dzam bò na wò mbara kat é bot bevòk é mam mese wò yègè. Bi tam yen akia afé o ne dzam dang wòng té ai akia afé o ne dzam bi mintak ya kat mbembe foé."
fr,ewo,"Les disciples de Jésus ont dit : « Nous ne pouvons pas cesser de parler des choses que nous avons vues et entendues » ( ). Ils aimaient tellement la vérité qu’ils voulaient en parler à tous. Ressentez-vous la même chose ? Si oui, cherchez des occasions de parler avec respect à votre famille et à vos amis de ce que vous apprenez (lire ).","Beyègè be Yésus be nga dzo na: “Bi séki dzam bò te kòbò é mam bi nga yen ai a wog” ( ). Be nga be be ding’i bebela abui akia yi na be mbele ngong ya kat é bot bevòk mam meté. Ye wò fe wò woren nala? Nge owé, dzeng’e ai mezen mese na o kalen bivuvumen bié ai bemvoé boé é mam wò yègè ai ésemé ése (Lang’a )."
fr,ewo,"Avec un membre de votre famille, vous pouvez introduire un sujet biblique en disant : « J’ai appris quelque chose d’intéressant cette semaine. »",Ai évuvumen dzoé o ne dzam tari minlang na: “Me he yègè dzom zing é sòndò nyi.”
fr,ewo,Lisez un verset encourageant à un ami qui est malade ou inquiet.,O ne dzam lang é mvoé dzoé ya kòn ngeki ényò a sang’en abui éfus Bibel é ne nyè dzam ve awono.
fr,ewo,"À un collègue qui vous demande comment s’est passé votre week-end, parlez de ce que vous avez appris à votre cours biblique ou à une réunion.","O ne dzam kat é mot mina ai nyè mia sié a yi na a yem akia afé o he lot memana me sòndò, é mam o he yègè a ayègè Bibel doé ngeki ékoen zing."
fr,ewo,Montrez à vos amis le site jw.org.,Lerege bemvoé boé sit internet dzaan jw.org.
fr,ewo,Invitez d’autres personnes à assister à votre cours biblique ou montrez-leur comment en demander un sur jw.org .,"O ne fe dzam banda é bot bevòk na be zu tòbò a ayègè Bibel doé, ngeki a lere bò akia afé be ne dzam sili ayègè Bibel a jw.org."
fr,ewo,Les disciples de Jésus ne parlaient pas de la bonne nouvelle qu’aux gens qu’ils connaissaient. Jésus ‘les a envoyés prêcher deux par deux dans toutes les villes’ ( ). Cette prédication organisée a permis à bien plus de gens d’entendre la bonne nouvelle. Prêcher ensemble a aussi apporté beaucoup de joie aux disciples ( ). Pourriez-vous vous fixer l’objectif de prêcher avec l’assemblée ?,"Beyègè be Yésus be nga kat bot bese mbembe foé tò é ba be nga beki be yeme a mesu. Yésus “a nga lom bò ékat foé bebè bebè a betisòn bese” ( ). Ntaan mam té o nga bò na abui bot a wog mbembe foé. Nde fe, a kat foé fufulu o nga ve beyègè be Yésus abui mintak ( ). Ngaa o ne dzam bi nsong’en ya kat foé ai babedzang bese bevòk ya akonda?"
fr,ewo,Voyons comment vous pouvez surmonter votre stress et prendre plaisir à faire connaître la bonne nouvelle.,"Bi tam yen akia afé o ne dzam kat mbembe foé tegè kòn wòng, o tò fe mintak ya bò dò."
fr,ewo,"Certaines personnes ont envie de prêcher, mais elles ont peur du regard des autres ou de la réaction des gens.","Bot bezing ba yi na ba kat mbembe foé, ve ba mbara me bebe ai mimbòen mi é bot bevòk."
fr,ewo,Êtes-vous stressé à l’idée de parler de ce que vous apprenez ? Pourquoi ?,Ye wò wog ndzug ya kat é bot bevòk é mam wò yègè? Asu dzé?
fr,ewo,Regarder la VIDÉO et discuter de la question qui suit.,Bebege VIDÉO ai yalen minsili mi tsaa mi:
fr,ewo,VIDÉO : J’ai prié Jéhovah pour qu’il me donne du courage (4:05),VIDÉO: Me nga kogelen ai Yéhova na a ve ma azombo (4:05)
fr,ewo,Comment ces jeunes Témoins ont-ils surmonté leur peur ?,Dzé Beboala be ne binanga ba be nga bò asu yi na be dang wòng?
fr,ewo,Lire et discuter de cette question :,Lang’a ai yalen a nsili hi:
fr,ewo,"Si vous avez peur de prêcher, comment la prière vous aidera-t-elle ?","Nge wò mbara kat foé, akia afé ngogelen ya yi wò vòli?"
fr,ewo,"Avant de commencer à parler de la bonne nouvelle aux autres, beaucoup de Témoins de Jéhovah pensaient qu’ils n’y arriveraient jamais. C’était le cas de Sergey. Il avait le sentiment d’être bon à rien et il avait du mal à communiquer avec les autres. Il raconte : « Même si j’avais peur, j’ai commencé à parler autour de moi de ce que j’apprenais dans la Bible. À ma grande surprise, ça m’a redonné confiance en moi et ça a fortifié ma foi. »","Osusua yi na ba kèè na ba kat é bot bevòk mbembe foé, abui Beboala be Yéhova be mbe tsog na ba yi ki kui na ba bò dò. A ne é dzam a nga kui madzang Sergey. A nga be a yen na a seki fò ai nfi, tegè yem akia a ne lèè minlang ai é bot bevòk. A dzo na: “Tò mbol me mbarega, me nga kèè na ma kat bot ya ngòra dzama é mam me yèègè a Bibel. Mbòen té o nga wono mbunen wòmò o vòli fe ma na me bi azombo.”"
fr,ewo,"Quand vous parlez de la bonne nouvelle, réfléchissez à ce que vous allez dire mais aussi à la façon dont vous allez le dire. Lire et , et discuter de ces questions :","Éyòng wò yi na wò kat mbembe foé, fasa osusua é mam wò yi dzo ai akia wò yi mò dzo . Lang’a , ai yalen minsili mi tsaa mi:"
fr,ewo,Comment pourriez-vous appliquer ces versets quand vous parlez de la Bible aux autres ?,Akia afé o ne dzam tong melebega me ne a bifus bi éyòng wò kat é bot bevòk é mam ma sò a Bibel?
fr,ewo,Des membres de votre famille ou des amis ne seront peut-être pas d’accord avec vous. Que pourriez-vous faire ? Que ne devriez-vous pas faire ?,"Nge nda bot dzoé ngeki bemvoé boé be seki king ai wò, dzé wò yeane bò? Ai dzé wò yeane ki bò?"
fr,ewo,Pourquoi est-il mieux de poser des questions pleines de tact plutôt que d’affirmer catégoriquement votre point de vue ?,Asu dzé a ne ai nfi na o yem belen ai minsili ya fas aloro na o kat ntsogen woé étié étié?
fr,ewo,Jéhovah a demandé à Jésus de prêcher la bonne nouvelle. Comment Jésus considérait-il cette mission ? Lire et discuter de ces questions :,Yéhova a nga ve Yésus ésié ékat foé. Akia afé Yésus a nga be a yene ésié té? Lang’a ai yalen minsili mi tsaa mi:
fr,ewo,"Manger est nécessaire à la vie, et manger de bonnes choses nous fait plaisir. Pourquoi faire la volonté de Dieu, notamment prêcher la bonne nouvelle, était-il comme de la nourriture pour Jésus ?","A ne nfi na bi di, veda bi ne mintak éyòng bia di abeng bidi. Amu dzé a bò nyien Yéhova ai zen ya nkaren mbembe foé o nga be asu Yésus ane bidi a yeane di?"
fr,ewo,Pourquoi prêcher la bonne nouvelle peut-il vous rendre heureux ?,Amu dzé a kat mbembe foé a ne wò dzam ve mintak?
fr,ewo,"Pendant la réunion de semaine, notez des idées qui vous aideront à commencer des conversations.","Ékoen ya zang sòndò, baala é mam ma yi wò vòli na o yem tari minlang ai bot éyòng o ne ésié ékat foé."
fr,ewo,"Présentez des exposés d’élève lors de la réunion de semaine. Grâce à ces participations, vous aurez plus d’assurance pour parler aux autres de ce que vous apprenez.",Dzeng na o tiliben a zukulu bekat foé ya a bòben a bikoen ya zang sòndò. Zukulu té a yi wò vòli na o bi azombo ya kat é bot bevòk é mam wò yègè.
fr,ewo,Utilisez les rubriques « On entend parfois » et « On pourrait vous demander » pour vous entraîner à répondre à des questions et à des objections courantes.,Belen ai mengab me ne nlo adzo na “Abui bot da dzo na” ngeki “Mot a ne wò dzam sili na” asu yi na o komesen biyalen wò yi ve.
fr,ewo,ON POURRAIT VOUS DEMANDER : « Qu’est-ce que tu deviens ? »,MOT A NE WÒ DZAM SILI NA: “Dzé ben o veng’en ya?”
fr,ewo,Comment pourriez-vous en profiter pour parler de ce que vous avez appris grâce à votre cours biblique ?,Akia afé o ne belen ai nsili té asu yi na o timi é mam o he yen a ayègè Bibel doé?
fr,ewo,"Parler de la bonne nouvelle rend joyeux, et c’est peut-être plus facile que vous ne le pensez.",A kat mbembe foé wa ve mintak ai ésié té é ne ébugubu aloro akia ya wò tsog.
fr,ewo,Pourquoi parler de la bonne nouvelle aux autres ?,Asu dzé bia kat é bot bevòk mbembe foé?
fr,ewo,Comment pouvez-vous le faire d’une façon respectueuse ?,Akia afé bi ne dzam kat mbembe foé ai akomoro?
fr,ewo,"Si vous êtes stressé à l’idée de prêcher, que pouvez-vous faire ?","Nge wò mbara kat foé, dzé o ne dzam bò?"
fr,ewo,Quatre façons simples de parler de la bonne nouvelle en utilisant la carte de visite jw.org.,Mezen menyi bi ne dzam belen ai mò asu yi na bi ve becarte jw.org.
fr,ewo,Proposition de la carte de visite jw.org (1:43),Akia me ne ve tiket ya sit internet dzaan JW.ORG 1:43
fr,ewo,Quatre qualités qui vous aideront à parler de la bonne nouvelle.,Mefulu menyi ma yi bi vòli na bi kat mbembe foé.
fr,ewo,"« Es-tu prêt à devenir un pêcheur d’hommes ? » ( La Tour de Garde , septembre 2020)","“Es-tu prêt à devenir un pêcheur d’hommes?” ( La Tour de Garde, septembre 2020)"
fr,ewo,"Un exemple biblique qui peut donner, même aux plus jeunes, le courage de parler de la bonne nouvelle.",Mvulna dzia ya Bibel é ne dzam vòli tò binanga na be bi azombo ya kat mbembe foé.
fr,ewo,Jéhovah te donnera du courage (11:59),Yéhova a yi wò vòli na o bò azombo 11:59
fr,ewo,Comment parler de la Bible aux membres de votre famille qui ne connaissent pas encore Jéhovah ?,Akia afé o ne dzam kat é bivuvumen bié bia yem ki Yéhova mbembe foé ya Édzoé?
fr,ewo,"« Touchons le cœur de nos parents non Témoins » ( La Tour de Garde , 15 mars 2014)","“Touchons le cœur de nos parents non Témoins” ( La Tour de Garde, 15 mars 2014)"
fr,ewo,Jésus a enseigné que ses disciples doivent se faire baptiser (lire ). Mais qu’est-ce que le baptême ? Et que faut-il faire pour atteindre cet objectif ?,Yésus a nga yegele na beyègè boé ba yeane duben (Lang’a ). Ve dzé ben é ne nduen? Ai dzé o ne dzam bò mbol yi na o dzala nsong’en té?
fr,ewo,"Le verbe « baptiser » vient d’un mot grec qui signifie « plonger ». Quand Jésus a été baptisé, il a été immergé dans le Jourdain, puis ‘il est remonté de l’eau’ ( ). Comme Jésus, les vrais chrétiens sont baptisés en étant immergés, c’est-à-dire complètement plongés, dans l’eau.","Ébug ‘nduen’ ya sò ébug ya nkòbò Greki ya tilen na a “lap mot” a mendim étéré. Éyòng Yésus a nga duben, be nga lap nyè a mendim étéré osoé Yordan; Ndò a nga bare kui “osoé a yob” ( ). Dzam deda, éyòng mimfang bekristen mia duben ba lap bò a mendim étéré, nala wa tilen na ba bò na be yimbi a mendim a si."
fr,ewo,"Celui qui se fait baptiser montre qu’il s’est voué à Jéhovah. Comment fait-on pour se vouer à Dieu ? Avant le baptême, dans une prière personnelle, on dit à Jéhovah qu’on veut le servir pour toujours. On lui promet qu’on n’adorera que lui et que faire sa volonté sera la chose la plus importante de notre vie. On décide de ‘se renier soi-même et de suivre continuellement’ les enseignements et l’exemple de Jésus ( ). Quand quelqu’un se voue à Dieu et se fait baptiser, son amitié avec Jéhovah devient plus profonde et il se rapproche des autres adorateurs de Dieu.","É mot a duben a lere na a ve émen nguma abe Yéhova Zamba. Akia afé mot a ve émen nguma abe Yéhova? Osusua yi na a duben, mot émen a kat Yéhova a ngogelen na a yi na a sié nyè a ntié énying woé. A ve nyè ngaaga na a yi kang ve nyè étam ai na, a bò nyien woé wa yi tebe osu énying dzié aloro é mam mese mevòk. A nòng ntsigen na “a wogé ki fe ai émen, ndò fe a yi tong” minyegelen mi Yésus ai mvulna dzié abog ase ( ). Éyòng mot a ve émen nguma, a duben fe, nala a bò na a lat ngul amvoé ai Yéhova ai bebò bisié boé bese bevòk."
fr,ewo,"Avant de pouvoir vous faire baptiser, il vous faut apprendre à connaître Jéhovah et avoir une foi forte en lui (lire ). Plus votre connaissance et votre foi grandiront, plus votre amour pour Jéhovah grandira lui aussi. Ensuite, vous aurez envie de prêcher et de vivre en respectant ses normes ( ) Et bien souvent, quelqu’un qui se conduit « d’une manière digne de Jéhovah pour lui plaire entièrement » a envie de lui vouer sa vie et de se faire baptiser * ( ).","Osusua yi na wò duben, wò yeane yègè na o tuene yem Yéhova o bi fe ngul mbunen abe nyè (Lang’a ). Ane nyemen woé ai mbunen woé bia yi nang, éye fe éding dzoé asu Yéhova ya yi nang nala. Amvus hala, wò yeane fe nying ane memvéndé me Yéhova ma dzo ( ). Da kare kui na, éyòng mot “a nying ane mbol da yeane ai Yéhova” a kèène nòng ntsigen na a ve émen nguma abe Zamba a duben fe ( ). *"
fr,ewo,Voyons ce que le baptême de Jésus nous apprend et ce qu’il faut faire concrètement pour se préparer au baptême.,Bi tam bebe ayegele bi ne dzam nòng a nduen Yésus ai akia afé mot a ne dzam tuene komesen asu nduen.
fr,ewo,Lire pour voir comment s’est passé le baptême de Jésus. Puis discuter de ces questions :,Lang’a asu yi na o yen akia ya Yésus a nga duben. Amvus ya été yalen minsili mi tsaa mi:
fr,ewo,Jésus a-t-il été baptisé quand il était bébé ?,Ye Yésus a nga duben a toa ébobòg mòn?
fr,ewo,Comment Jésus a-t-il été baptisé ? Lui a-t-on simplement versé de l’eau sur la tête ?,Akia afé a nga duben? Ye be nga soé nge a tòndi nyè mendim a nlo?
fr,ewo,"Une fois baptisé, Jésus a commencé à accomplir la mission que Dieu lui avait confiée. Lire et , et discuter de cette question :","Amvus nduen woé, nde Yésus a nga tari ésié Zamba a nga lom nyè na a zu bò a si mu. Lang’a , ai yalen a nsili hi:"
fr,ewo,"Après son baptême, à quelle œuvre Jésus a-t-il donné la priorité ?","Amvus nduen woé, ésié éfé Yésus a nga telé osu énying dzié?"
fr,ewo,"L’idée de se vouer et de se faire baptiser peut sembler intimidante au début. Mais petit à petit, vous allez faire des progrès et un jour vous vous sentirez prêt. Pour découvrir comment certains ont réussi à prendre cette décision importante, regarder la VIDÉO .","A ne dzam kui na o mbara éyòng wò tsog na wò yi ve wòmen nguma abe Yéhova o duben fe. Veda, oteteg oteteg ane wò yi ke wò nang mfaa ya nsisim, éye fe wò yi bi ngong ya ke duben nala. Asu yi na o yen akia afé bot bezing be nga kui na ba nòng ntsigen na ba duben, bebege VIDÉO."
fr,ewo,VIDÉO : Comment construire sa relation avec Jéhovah (1:11),VIDÉO: Akia afé me ne dugen bi mbembe élat ai Yéhova (1:11)
fr,ewo,"Lire et , et discuter de cette question :","Lang’a , ai yalen a nsili hi:"
fr,ewo,Comment peut-on se préparer au baptême ?,Akia afé o ne dzam komesen asu nduen?
fr,ewo,"Se vouer à Jéhovah, c’est lui dire qu’on veut le servir pour toujours.","Éyòng wò ve wòmen nguma abe Yéhova, wò kat nyè na wò yi na wò sié nyè a ntié kòm"
fr,ewo,Le baptême montre publiquement qu’on s’est voué à Dieu.,Nduen wa lere a ngeng na bi veya biabeben nguma abe Zamba
fr,ewo,"En nous faisant baptiser, nous devenons membres d’une famille mondiale unie. Quelles que soient nos origines, nous avons les mêmes croyances et nous respectons les mêmes normes morales. Lire et , et discuter de cette question :","Éyòng wò duben, wò nyii anyang nda bot bekristen ya si ése. Afiang’en bò na bi ne meyòng meyòng, bia bese bia wogé ai ékang dzia ai bia tong fe ve memvéndé me Zamba. Lang’a , ai yalen a nsili hi:"
fr,ewo,Quel effet le baptême a-t-il sur les relations qu’une personne entretient avec Jéhovah et avec ceux qui l’adorent ?,Akia élat afé é mot a nòng nduen a bi ai Zamba ai fe bebò bisié be Yéhova bevòk?
fr,ewo,ON ENTEND PARFOIS : « Je ne suis pas encore prêt à me faire baptiser. »,ABUI BOT DA DZO NA: “Me beki tòbò babi na ma duben.”
fr,ewo,"Si, vous non plus, vous ne vous sentez pas prêt, pensez-vous quand même que le baptême est un objectif qui en vaut la peine ?","Nge éye wò fe wò yen mam nala, ye wò tsog te na nduen o ne ai nfi ngaa?"
fr,ewo,"Jésus a dit que les chrétiens doivent se faire baptiser. Pour atteindre cet objectif, il faut avoir une foi forte en Jéhovah, vivre selon ses normes et se vouer à lui.","Yésus a nga dzo na beyègè boé bese ba yeane duben. Asu yi na o dzala nsong’en té, wò yeane bi ngul mbunen abe Yéhova, wò yeane tong memvéndé moé o ve fe wòmen nguma abe nyè."
fr,ewo,"Qu’est-ce que le baptême, et pourquoi est-il important de se faire baptiser ?",Dzé é ne nduen? Ai amu dzé a ne ai nfi na o duben?
fr,ewo,Quel est le lien entre se vouer à Dieu et se faire baptiser ?,Élat éfé é ne a zang nduen woé ai mveen wòmen nguma abe Yéhova?
fr,ewo,Quelles étapes amènent quelqu’un à se vouer à Dieu et à se faire baptiser ?,Dzé wò yeane bò osusua yi na wò duben?
fr,ewo,D’autres vérités sur le baptême.,Dzeng na o yem dzé é ne nduen? Ai dzé nduen o seki?
fr,ewo,« Qu’est-ce que le baptême ? » (article jw.org),“Qu’est-ce que le baptême?” (Nlang’en a jw.org)
fr,ewo,Des conseils pratiques pour progresser jusqu’au baptême.,Dzé mot a yeane bò asu yi na a duben?
fr,ewo,"« L’amour et la reconnaissance pour Jéhovah mènent au baptême » ( La Tour de Garde , mars 2020)","“L’amour et la reconnaissance pour Jéhovah mènent au baptême” ( La Tour de Garde, mars 2020)"
fr,ewo,Un homme a compris qu’il ne devait pas se faire baptiser sous le coup d’une émotion.,"Mot zing a nga tuene wog na nduen o seki é dzom mot wò nòng ai éles, o ne é dzom wò yeane tuene fas."
fr,ewo,"« Ils voulaient que je découvre la vérité par moi-même » ( La Tour de Garde , 1 er février 2013)","“Ils voulaient que je découvre la vérité par moi-même” ( La Tour de Garde, 1 er février 2013)"
fr,ewo,Pourquoi le baptême est-il un bon objectif ? Comment pouvez-vous vous y préparer ?,Amu dzé nduen o ne mbembe ntsigen wò yeane nòng? Ai akia afé o ne komesen asu nduen?
fr,ewo,"« Devrais-je me faire baptiser ? » ( Les jeunes s’interrogent. Réponses pratiques [volume 2], chapitre 37)","“Devrais-je me faire baptiser?” ( Les jeunes—s’interrogent. Réponse pratiques, Volume 2, chapitre 37)"
fr,ewo,^ Quelqu’un qui a été baptisé dans une autre religion doit se faire baptiser de nouveau. Pourquoi ? Parce que cette religion n’enseigne pas la vérité contenue dans la Bible (voir et la leçon 13 ).,^ É mot a nga tam duben a toa a nyebe mfe a yeane bare duben. Asu dzé? Amu nyebe té wa yegele ki é bebela a sò a Bibel (Bebege ai ayègè 13 ).
fr,ewo,"Au ciel, Jéhovah est entouré d’une famille. Les anges font partie de cette famille. D’ailleurs, la Bible les appelle « fils de Dieu » ( ). Que nous apprend la Bible sur les anges ? Quelle est leur influence sur les humains ? Tous les anges font-ils partie de la famille de Dieu ?","Yéhova a bele nguma nda bot a yob, nde a yi na bi yem nda bot dzié té. Béngeles ba wogé ai nda bot té. Bibel émen a loé bò na “bòn be Zamba” ( ). Dzé Bibel a yegele bia é tii ai béngeles? Akia afé mimbòen miaba mia namba binying bibot? Ye béngeles bese ba wogé ai nda bot Zamba?"
fr,ewo,"Jéhovah a créé les anges bien avant de créer la terre. Comme lui, ce sont des esprits invisibles qui vivent au ciel ( ). Il y a des millions d’anges, et chacun d’eux a sa personnalité ( ). Ils ‘obéissent à Jéhovah et exécutent sa parole’ ( ). Dans le passé, Jéhovah a parfois envoyé des anges vers ses serviteurs pour leur transmettre des messages ou leur porter secours. Aujourd’hui, les anges guident les disciples de Jésus vers les personnes qui cherchent à connaître Dieu.","Yéhova a nga tié béngeles osusua yi na a kom si. Dzam deda ane Zamba, be ne minsisim ai ba nying a yob ( ). Tò ane be ne bakura bakura, éngeles ase a ne akia dié ( ). Ba bò ‘Yéhova mewog, be vogolo fe king ya ébug dzié’ ( ). Osusua, Yéhova a karege lom béngeles boé abe bebò bisié boé asu yi na be kalen bò mefoé ai na be vòli bò. Melu ma, béngeles ba vòli beyègè be Yésus na be ke ba sòm é bot ba yi na ba yem Zamba."
fr,ewo,"Certains anges ne sont pas restés fidèles à Jéhovah. Le premier qui s’est rebellé est « celui qu’on appelle Diable et Satan, qui égare le monde entier » ( ). Comme il voulait absolument dominer, Satan a incité les premiers humains et plus tard des anges à se joindre à sa rébellion. On appelle ces anges rebelles « les démons ». Jéhovah les a fait expulser du ciel. Ils se trouvent maintenant aux alentours de la terre, et leur destruction approche (lire ).","Béngeles bezing be nga bò Yéhova melò. Éngeles osu a nga kèè ngan ai Zamba “a ne dzoé na Satan nnye a dug si ése” ( ). Mbol a nga be a yi na a dzoé, Satan a nga dug Adam ban Éfa, amvus ye hala a nga tindi béngeles bezing na be tong nyè éngana dzié. Ba loé béngeles beté na “bebé minsisim”. Nde Yéhova a nga tsiren bò a yob, a wòa bò a si é vom ba yanga ndzang kòm (Lang’a )."
fr,ewo,"Satan et les démons égarent de nombreuses personnes au moyen du spiritisme, terme qui désigne toutes les formes de communication avec le monde des esprits. Par exemple, beaucoup de gens consultent des astrologues, des horoscopes, des diseuses de bonne aventure, des voyants, des guérisseurs ou des sorciers. Certains ont recours à des techniques médicales qui ont un lien avec le spiritisme. D’autres encore croient qu’il est possible de parler avec les morts. Mais Jéhovah nous donne cet ordre : « N’allez pas voir les médiums et ne consultez pas les diseurs de bonne aventure » ( ). Il nous fait cette mise en garde pour nous protéger. Satan et les démons sont les ennemis de Dieu, et ils cherchent à nous faire du mal.","Satan ai bebé minsisim ba dug bot ai mbòen mam memvigi mekia mekia, ngeki ai mezen mese ma bò na bot be bi nkalena ai bò. Mvulna é ne na bot bezing ba belen ai horoscope (mendem mese me tii ai amos abiali), bebig bemvigi, bastrologue (é bot ba bebe mendem ya atitié, nlo dzobo ai ngòn), bekuli mam, mingengang ai mimgbemgbel. Bevòk bezing ba belen ai mezen meté asu yi na be siében. É ba bevòk ba tsog na be ne dzam bare lèè ai é bot be nga wu. Ve Yéhova a ve bia abéndé di na: “Te mia ke yen é ba ba loé bebé minsisim, nge bebig bemvigi” ( ). A kili bia mam meté mbol a mvamen ai bia. Satan ai bebé minsisim be ne minzizing mi Zamba ai ba dzeng na ba bò bia abé."
fr,ewo,"Parlons du rôle des anges dans la prédication, des dangers du spiritisme, et de ce que nous pouvons faire pour nous protéger de Satan et des démons.","Bi tam yen ésié béngeles ba bò éyòng bi ne ékat foé, olam o sòlò éyòng mot a kalen ai Satan ai bebé minsisim ai dzé ya bi ne dzam bò asu yi na bi saala melam maba."
fr,ewo,"Les anges ne prêchent pas directement, mais ils aident ceux qui prêchent à trouver les personnes qui veulent connaître Dieu. Lire et discuter de ces questions :","Seki béngeles mbò ba bò ékat foé, veda ba vòli é ba ba bò ésié té. Lang’a ai yalen minsili mi tsaa mi:"
fr,ewo,Pourquoi avons-nous besoin de l’aide des anges quand nous prêchons ?,Amu dzé bia yang’en ai nvòlen béngeles éyòng bia kat foé?
fr,ewo,Les anges peuvent vous guider vers des gens qui ont besoin de connaître le message de la Bible. Trouvez-vous cela encourageant ? Pourquoi ?,Béngeles be ne vòli na bi toben ai bot bese ba yang’en ai é mbembe foé a ne a Bibel. Ngaa nala a ve wò ngul a nyòl? Asu dzé?
fr,ewo,Satan et les démons sont les ennemis de Jéhovah. Ils sont donc aussi nos ennemis. Lire et discuter de cette question :,"Satan ai bebé minsisim be ne minzizing mi Yéhova. Asu té, be ne fe minzizing miaan. Lang’a ai yalen a nsili hi:"
fr,ewo,Comment les démons traitent-ils les humains ?,Akia afé bebé minsisim ba dug bot?
fr,ewo,Nous ne voulons pas permettre aux démons de nous influencer. Lire et discuter de ces questions :,Bia yebe ki na bebé minsisim be dug bia. Lang’a ai yalen minsili mi tsaa mi:
fr,ewo,Par quels moyens les démons essaient-ils de communiquer avec nous ou de nous influencer ? Quelles pratiques sont courantes autour de vous ?,Mezen mefé bebé minsisim ba belen ai mò asu yi na be bi nkalena zing ai bia ngeki asu yi na be dug bia? Mimbòen miaba mifé mia yené a ngòra dzoé?
fr,ewo,Trouvez-vous raisonnable que Jéhovah interdise toutes les formes de spiritisme ?,"Mfaa woé, ye wò yen na a ne susuo na Yéhova a kili bia mam mété mese? Asu dzé?"
fr,ewo,Regarder la VIDÉO et discuter des questions qui suivent.,Bebege VIDÉO ai yalen minsili mi tsaa mi:
fr,ewo,VIDÉO : « Opposez-vous au Diable » (5:02),VIDÉO: “Bò nkanga a melam me Débelé” (5:02)
fr,ewo,Pensez-vous que l’amulette que portait le bébé de Palesa posait un problème ? Pourquoi ?,Ye wò yen na nkòl be nga tindi mòn Palesa a wò o ne abé ngaa? Asu dzé?
fr,ewo,Qu’a dû faire Palesa pour se protéger des démons ?,Dzé Palesa a nga kèène bò asu yi na a saala bebé minsisim?
fr,ewo,"Les vrais chrétiens se sont toujours opposés aux démons. Lire et , et discuter de cette question :","Mimfang bekristen mia saala bebé minsisim. Lang’a , ai yalen a nsili hi:"
fr,ewo,"Si vous possédez quelque chose qui a un rapport avec le spiritisme, pourquoi est-il important de le détruire ?","Nge o bele dzom zing a ya bò na o kalen ai bebé minsisim, asu dzé a ne ai nfi na o kèène ai dzom té ngeki na o dzigi dzò?"
fr,ewo,"Les démons ont pour chef Satan. Mais les anges fidèles ont pour chef l’archange Michel, c’est-à-dire Jésus. L’archange Michel est-il puissant ? Lire et discuter de ces questions :",Satan nnye a dzoé bebé minsisim. Ve béngeles be bele ndzoé waba: Yésus. Bibel a loé nyè na Mikael. Ye Mikael a ne ngugul éngeles? Lang’a ai yalen minsili mi tsaa mi:
fr,ewo,"Qui sont les plus forts ? Michel et ses anges, ou Satan et ses démons ?","Beza be ne ngul abui? Ye Mikael ai béngeles, ngeki Satan ai bebé minsisim?"
fr,ewo,"À votre avis, les disciples de Jésus doivent-ils avoir peur de Satan et des démons ?","Mfaa woé wò yen ya, ye beyègè be Yésus ba yeane mbara Satan ai bebé minsisim?"
fr,ewo,Vous pouvez remporter la victoire sur Satan et les démons. Lire et discuter de cette question :,O ne dzam dang Satan ai bebé minsisim. Lang’a ai yalen a nsili hi:
fr,ewo,Comment pouvez-vous résister à l’influence de Satan et des démons ?,Akia afé bi ne saala melam me Satan?
fr,ewo,"ON ENTEND PARFOIS : « Quand c’est dans un jeu ou dans un film qu’il y a du spiritisme, ce n’est pas si grave. C’est juste pour s’amuser ! »",ABUI BOT DA DZO NA: “Nge mam me mvigi ma yené a bivoé nge a befilm nala o séki abé.”
fr,ewo,Pourquoi ce point de vue est-il dangereux ?,Amu dzé akia ntsogen té o ne abé?
fr,ewo,Les anges fidèles nous aident. Satan et les démons sont les ennemis de Jéhovah et ils se servent du spiritisme pour tromper les humains.,"Béngeles ba vòli bia. Satan ai bebé minsisim be ne minzizing mi Yéhova, ndò ba belen ai mam me mvigi asu yi na be dug bot."
fr,ewo,Comment les anges aident-ils les personnes qui veulent connaître Dieu ?,Akia afé béngeles ba vòli é bot bese ba dzeng na ba yem Zamba?
fr,ewo,Que dit la Bible au sujet de Satan et des démons ?,Dzé Bibel a dzo é bebege Satan ai bebé minsisim?
fr,ewo,Pourquoi êtes-vous déterminé à fuir le spiritisme ?,Asu dzé a ne ai nfi na o nòng ntsigen na wò saala é mam mese me tii ai bebé minsisim?
fr,ewo,Pourquoi peut-on affirmer que l’archange Michel est Jésus ?,Asu dzé bi ne dzam dzo na Mikael a ne Yésus?
fr,ewo,« Qui est l’archange Michel ? » (article jw.org),“Qui est l’archange Michel?” (Nlang’en a jw.org)
fr,ewo,Le Diable est-il simplement le principe du mal à l’intérieur de chaque personne ?,Ye Satan a ne ve abé a ne mot a nnem?
fr,ewo,« Le Diable : principe du mal ou personne réelle ? » (article jw.org),“Le Diable: principe du mal ou personne réelle?” (Nlang’en a jw.org)
fr,ewo,Comment une femme s’est-elle libérée de l’influence des démons ?,Akia afé mininga zing a nga kèène ai bebé minsisim?
fr,ewo,"« Elle a trouvé un but dans la vie » ( La Tour de Garde , 1 er juillet 1993)","“Elle a trouvé un but dans la vie” ( La Tour de Garde, 1 er juillet 1993)"
fr,ewo,Comment Satan se sert-il du spiritisme pour tromper les humains ?,Akia afé Satan a belen ai mam me mvigi asu yi na a dug bot?
fr,ewo,"« La vérité sur la magie et la sorcellerie » ( La route qui mène à la vie éternelle , section 5)","“La vérité sur la magie, et la sorcellerie” ( La route qui mène à la vie éternelle, section 5)"
fr,ewo,"Comme le dit la Bible, les humains ‘vivent peu de temps et sont submergés d’ennuis’ ( ). Est-ce vraiment ce que Dieu veut ? Quel est donc son projet pour nous ? Et se réalisera-t-il un jour ? Voyons les réponses réconfortantes de la Bible.","Ane Bibel a dzo, bot ‘ba nying étun abog ai énying dzaba é ne ndzalen ai mindzug’ ( ). Ye nala ngò fò Zamba a yi asu daan ngaa? Nsong’en woé o ne hm mbé asu daan? Ye nsong’en té wa yi dzaleben mmos zing? Bi tam yen biyalen Bibel a ve bia."
fr,ewo,"Jéhovah veut que nous ayons la meilleure vie qui soit. Quand il a créé les premiers humains, Adam et Ève, il les a mis dans un magnifique paradis, le jardin d’Éden. Il les a ensuite bénis et leur a dit : « Soyez féconds et devenez nombreux ; remplissez la terre et soumettez-la » ( ). Jéhovah avait prévu qu’ils aient des enfants, qu’ils étendent le paradis à toute la terre et qu’ils prennent soin des animaux. Dans son projet, tous les humains devaient avoir une santé parfaite et vivre pour toujours.","Yéhova a yi na bi bi mbembe énying. Éyòng a nga kom bot be osu, Adam ban Éfa, a nga toa bò a mbembe étòbega, paradis, afub Éden. Nde fe “a nga maa bò, a dzo na: ‘Biéni, mi foé, mi dzala si, mi dzoé fe dzò’” ( ). Nsong’en Yéhova o mbe na be bié bòn, be veng’en si ése paradis, ai na be nòng ngab ai biyem. Nyien woé o nga be na, bot be bi mvòè ya minson ai na be nying a kòm ya kòm."
fr,ewo,"Notre vie ne ressemble pas à cela aujourd’hui * , mais le projet de Dieu n’a pas changé ( ). Jéhovah veut toujours que les humains obéissants vivent éternellement dans des conditions idéales (lire ).","Tò ane mam me seki nala melu ma * , nsong’en Zamba o ndziki tséndé ( ). Yéhova a ngene a yi na é bot be ne mewog be bi énying kòm tegè ai mindzug (Lang’a )."
fr,ewo,"Jéhovah nous a créés avec des « besoins spirituels ». Cela veut dire que nous avons besoin de le connaître et de l’adorer (lire ). Il veut que nous soyons ses amis proches, que nous ‘suivions tous ses chemins’ , que nous l’aimions et que nous le servions ‘de tout notre cœur’ ( ). Tout cela nous rend profondément heureux même si nous avons des problèmes. Adorer Jéhovah donne un vrai sens à notre vie parce que c’est vivre en accord avec la façon dont nous avons été créés.","Yéhova a nga kom bia ai ‘meyang’en ya nsisim’ nala wa tilen na bia yang’en na bi yem nyè ai na bi kang nyè (Lang’a ). A yi na bi tòbò bemvoé boé, “bi wulugu a mezen moé mese,” bi ding nyè , bi bò fe nyè ésié “ai nnem waan ose” ( ). Nge bia bò é mam mese ma, bi ne dzam tòbò mintak tò bi bele mindzug. A kang Yéhova wa bò na énying dzaan é tòbò ai nfi amu éyòng bia bò nala bia nying ane a nga kom bia."
fr,ewo,Voyons comment Jéhovah a préparé la terre pour nous avec beaucoup d’amour et ce que sa Parole nous enseigne sur le but de la vie.,"Bi tam yen akia ya Yéhova a nga tuene man kom si asu daan ai éding ése, ai dzé Bibel a yegele bia é bebege nsong’en ya énying dzaan."
fr,ewo,Regarder la VIDÉO et discuter de la question qui suit.,Bebege VIDÉO ai yalen a nsili hi:
fr,ewo,VIDÉO : Pourquoi Dieu a-t-il créé la Terre ? (extrait) (1:41),VIDÉO: Amu dzé Zamba a nga kom si?​—Étun (1:41)
fr,ewo,Pourquoi Dieu a-t-il fait notre planète aussi belle ?,Amu dzé Yéhova a nga tié si é toa akia abeng di?
fr,ewo,Lire et discuter de cette question :,Lang’a ai yalen a nsili hi:
fr,ewo,Qu’est-ce que ce verset vous apprend sur Jéhovah ?,Dzé éfus Bibel dzi ya yegele wò é bebege Yéhova?
fr,ewo,"Lire et , et discuter de cette question :","Lang’a , ai yalen a nsili hi:"
fr,ewo,Comment savons-nous que le projet de Jéhovah pour nous n’a pas changé ?,Bia yem ai dzé na nsong’en Yéhova asu daan o ndziki tséndé?
fr,ewo,Connaître le but de la vie peut nous aider à être heureux. Regarder la VIDÉO et discuter de la question qui suit.,A yem nsong’en ya énying o ne bò na bi tòbò mintak. Bebege VIDÉO ai yalen a nsili hi:
fr,ewo,VIDÉO : J’ai compris le sens de la vie (5:03),VIDÉO: Me yemeya asu dzé bia nying (5:03)
fr,ewo,"Le jour où Terumi a découvert que la vie a un but, qu’est-ce qui a changé pour elle ?","Mmos ya Terumi a nga yem nsong’en ya énying, dzé é nga tséndé asu dié?"
fr,ewo,Lire et discuter de cette question :,Lang’a ai yalen a nsili hi:
fr,ewo,"Quand on réfléchit à tout ce que Jéhovah a fait pour nous, qu’est-ce qu’on se sent poussé à faire pour lui ?","Éyòng bia fas é mam mese Yéhova a bòya asu daan, nala wa tindi bia na bi bò dzé?"
fr,ewo,ON POURRAIT VOUS DEMANDER : « Quel est le but de la vie ? »,MOT A NE WÒ DZAM SILI NA: “Nsong’en ya énying o ne mbé?”
fr,ewo,Que répondriez-vous ?,Wò yi yalen ya?
fr,ewo,"Jéhovah veut que nous vivions pour toujours sur terre, dans des conditions parfaites. Adorer Dieu de tout notre cœur donne un sens à notre vie, même maintenant.","Yéhova a yi na bi nying a si a ntié kòm tegè ai mindzug. A kang Zamba ai nnem waan ose a bò na énying dzaan é bò ai nfi, tò éyòng dzaan dzi."
fr,ewo,Quel était le projet de Jéhovah pour Adam et Ève ?,Nsong’en Zamba asu Adam ban Éfa o nga be mbé?
fr,ewo,Comment savons-nous que le projet de Dieu pour les humains n’a pas changé ?,Bia yem ai dzé na nsong’en Zamba asu bot o ndziki tséndé?
fr,ewo,Comment pouvez-vous donner un vrai sens à votre vie ?,Akia afé o ne dzam bò na énying dzoé é tòbò ai nfi?
fr,ewo,Le jardin d’Éden a-t-il réellement existé ?,Ye afub Éden Bibel a dzo a nga be fò tutué?
fr,ewo,"« Le jardin d’Éden — Un mythe ? » ( La Tour de Garde , 1 er janvier 2011)","“Le jardin d’Éden ​​ —Un mythe?” ( La Tour de Garde, 1 er janvier 2011)"
fr,ewo,Pourquoi pouvons-nous être sûrs que la terre existera toujours ?,Bia yem ai dzé na si ya yi ki dzang mmos zing?
fr,ewo,« La terre sera-t-elle détruite ? » (article jw.org),“La terre sera t-elle détruite?” (Nlang’en a jw.org)
fr,ewo,Ce que la Bible révèle à propos du but de la vie.,É dzam Bibel a dzo a bebege nsong’en ya énying.
fr,ewo,« Quel est le sens de la vie ? » (article jw.org),“Quel est le sens de la vie?” (Nlang’en a jw.org)
fr,ewo,L’histoire d’un homme qui a découvert qu’il lui manquait quelque chose dans la vie.,Nlang é mot a nga kèène yen na dzom zing é nga be dzemen nyè énying dzié.
fr,ewo,"Maintenant, j’ai une vie qui a un sens (3:55)",Énying dzama é mbeleya mbembe nsong’en 3:55
fr,ewo,^ La prochaine leçon explique pourquoi les choses ne se sont pas passées comme prévu.,"^ Ayègè a tsaa, bia yi yen amu dzé mam me ndziki loren akia ya Yéhova a nga yi."
fr,ewo,"Une maison en mauvais état peut être réparée. Pareillement, même si les humains en général n’ont pas pris soin de la terre, Dieu va la réparer et l’offrir à ceux qui l’aiment.","É nda é ne ndamen, be ne dzò bare kom. Dzam deda, tò ane bot be ndziki nòng ndzug ai si, Zamba a yi dzò man kom ai a ve dzò é ba ba ding nyè"
fr,ewo,"« Pourquoi ? » est une question que beaucoup de gens posent quand un malheur arrive. Heureusement, la Bible répond clairement à cette question.",“Amu dzé?” O ne nsili bot ba dang sili éyòng ba toben ai mindzug. Mbembe foé a ne na Bibel a yalen a nsili té.
fr,ewo,"Satan s’est rebellé contre Dieu. Comme il voulait absolument dominer, il a incité les premiers humains à se rebeller eux aussi. Pour y arriver, il a menti à Ève ( ). Il lui a fait croire que Jéhovah la privait de quelque chose de bon. Il a sous-entendu que les humains seraient plus heureux s’ils n’obéissaient pas à Dieu. En disant à Ève qu’elle ne mourrait pas, Satan a prononcé le premier mensonge. C’est pourquoi la Bible appelle Satan « un menteur et le père du mensonge » ( ).","Satan a nga kèè na a lumen ai Zamba. Mbol a nga yi na a dzoé, ndò a nga tindi Adam ban Éfa, é bot be osu Zamba a nga kom, na bò fe be bò nyè melò. Asu té ndò a nga dug Éfa ( ). A nga bò na Éfa a tsog na Zamba a kamen ai nyè é dzom é ne mbeng asu dié. A minnal mié, a nga lere na bot be ne dzam nying a mintak tò ba bò Zamba melò. Satan a nga tié minnal mi osu éyòng a nga dzo ai Éfa na a yi ki wu. Dzom té ndzò Bibel a loé nyè na “mot minnal, a toa fe ésia minnal” ( )."
fr,ewo,"Jéhovah avait été très généreux avec Adam et Ève. Il leur avait permis de manger des fruits de tous les arbres du jardin d’Éden, sauf un ( ). Mais ils ont décidé de désobéir. Ève ‘a pris un fruit et en a mangé’ . Plus tard, Adam ‘en a mangé’ lui aussi ( ). Comme Adam et Ève étaient parfaits, il était naturel pour eux de faire ce qui est bien. Mais en choisissant de désobéir, ils ont péché et ils ont refusé que Dieu les gouverne. À cause de ce choix, ils ont beaucoup souffert ( ).","Yéhova a nga bò akab abui ai Adam ban Éfa. A nga ve bò ngul na be di bibuma bise ya afub Éden sesala ve édzi é nga be a zang afub ( ). Nde be nga nòng ntsigen na ba bò Zamba melò. Éfa “a nga fad ébuma ya étéré a nga di.” Amvus ya été, Adam “fe a nga di” ( ). Bese bebè be nga bò Zamba melò. Mbol Adam ban Éfa be nga be ntut, é nga be bò ébugubu na be bò é mam me ne mbeng. Ve mbol be nga nòng ntsigen na ba bò Zamba melò, ntsigen té o nga sò ai bò abui amala ( )."
fr,ewo,"Parce qu’ils ont péché, Adam et Ève sont devenus imparfaits et ils ont transmis l’imperfection à tous leurs descendants. À propos d’Adam, la Bible dit : « Par un seul homme le péché est entré dans le monde et par le péché la mort, et la mort s’est donc étendue à tous les hommes » ( ).","Mbol be nga bò melò, Adam ban Éfa be nga ku a nsem, nde fe be nga kalen nsem té a mvòng bot dzaba ése. Asu Adam Bibel a dzo na: “Amu mot mbòk nsem o nga nyii a si mu, ai awu amu nsem, ndò awu a nga mialen abe bot bese amu bese be nga sem” ( )."
fr,ewo,"Nous souffrons pour différentes raisons. C’est peut-être parce que nous avons pris une mauvaise décision, ou parce que quelqu’un d’autre a pris une mauvaise décision, ou encore parce que nous sommes au mauvais endroit au mauvais moment (lire ).","Abui mam a ne bò na bi toben ai mindzug: bi ne nòng mbe ntsigen, mot mfe ki a ne nòng mbe ntsigen, ngeki na bi ne tebe a mbe vom a mbe abog (Lang’a )."
fr,ewo,"Voyons pourquoi Dieu n’est pas responsable du mal et des souffrances qui existent aujourd’hui, et découvrons ce qu’il ressent quand nous souffrons.","Bi tam yen asu dzé bi ne dzo na seki Zamba nnye a nga bondé mindzug ai abé bia yen a si melu ma, ai dzé a woren éyòng bi bele mintié."
fr,ewo,"Beaucoup de gens croient que Dieu dirige le monde, mais est-ce vrai ? Regarder la VIDÉO .","Abui bot da tsog na Zamba nnye a dzoé é si nyi. Ve, ye a ne nala? Bebege VIDÉO ."
fr,ewo,VIDÉO : Qui dirige le monde ? (1:24),VIDÉO: Za a dzoé si? (1:24)
fr,ewo,"Lire et , et discuter de cette question :","Lang’a , ai yalen a nsili hi:"
fr,ewo,Dieu est-il responsable du mal et des souffrances ?,Ye Zamba nnye a bondé mindzug ai mintié miaan?
fr,ewo,VIDÉO : Pourquoi Dieu permet-il les souffrances ? (extrait) (3:07),VIDÉO: Amu dzé Zamba a dzogè na mindzug mi kui bia?—Étun (3:07)
fr,ewo,Lire et discuter de ces questions :,Lang’a ai yalen minsili mi tsaa mi:
fr,ewo,Quel mensonge Satan a-t-il dit ? (voir les ).,Satan a nga tié minnal mifé? (Bebege ).
fr,ewo,Comment Satan a-t-il laissé entendre que Jéhovah empêchait les humains de profiter de quelque chose de bon ?,Akia afé Satan a nga dzeng na a lere na Zamba a kamen ai bòn bebot é mam me ne mbeng?
fr,ewo,"D’après Satan, les humains ont-ils besoin d’être dirigés par Jéhovah pour être heureux ?","Mfaa Satan, ye bot binam ba yang’en na Yéhova a tòng’lò bò asu yi na be nying mbeng?"
fr,ewo,Lire et discuter de cette question :,Lang’a ai yalen minsili mi tsaa mi:
fr,ewo,"Depuis que les humains ont rejeté la direction de Jéhovah, que se passe-t-il dans le monde ?","Ntié ane bot be nga teb na Yéhova a tòng’lò bò, dzé ya loren a si?"
fr,ewo,Adam et Ève étaient parfaits et vivaient dans un paradis. Mais ils ont écouté Satan et se sont rebellés contre Jéhovah.,"Adam ban Éfa be nga be ntut, be nying’i a paradis. Veda, be nga vogolo Satan nde be nga lum Yéhova mvus"
fr,ewo,"Après leur rébellion, le péché, les souffrances et la mort se sont répandus dans le monde.","Amvus melò maba, nsem, mindzug ai awu mi nga mialen a si ése"
fr,ewo,"Jéhovah va faire disparaître le péché, les souffrances et la mort. À nouveau, les humains seront parfaits et vivront dans un paradis.","Yéhova a yi mana nsem, mindzug, ai awu. Bot ba yi bare nying a paradis be ntoa ntut amu tegè fe ai nsem"
fr,ewo,"Dieu est-il indifférent à nos souffrances ? Voyons ce que le roi David et l’apôtre Pierre ont écrit. Lire et , et discuter de cette question :","Éyòng bi bele mintié, ye Zamba a nòng ngab? Bi tam yen dzé nkukuma David ban apostel Pétrus be nga til. Lang’a , ai yalen a nsili hi:"
fr,ewo,Qu’est-ce que ça vous fait de savoir que Dieu remarque nos souffrances et qu’il se soucie de nous ?,Wò woren dzé éyòng wò yem na Yéhova a yen mindzug bia toben ai miè ai na a wog bia mintié?
fr,ewo,"Lire et , et discuter de cette question :","Lang’a , ai yalen a nsili hi:"
fr,ewo,Jéhovah va annuler tous les effets des malheurs que nous avons subis. Pourquoi est-ce réconfortant ?,Yéhova a yi man vaa mintié mise bi nga bi amu bebé bemam bi nga toben ai bò. Amu dzé nala wa ve bia awono?
fr,ewo,"Quand il a dit le premier mensonge, Satan a calomnié Jéhovah. Cela veut dire qu’il a sali la réputation de Jéhovah en le faisant passer pour un dirigeant injuste et sans amour. En supprimant les souffrances dans un proche avenir, Jéhovah se justifiera, autrement dit, il prouvera que sa souveraineté est vraiment la meilleure. La justification du nom de Jéhovah est une des questions les plus importantes qui soient ( ).","Éyòng a nga tié minnal mi osu, Satan a nga ve dzoé Yéhova mvit. Éyòng a nga bò dò, a nga yi na a lere na Yéhova a ne mbe ntòng’lò, ai na a ding ki bia. Melu ma zu, Yéhova a yi mana mindzug, a yi lere na Édzoé dzié ndzò ya yeane, a yi fe fubu dzoé dié. A fubu dzoé Yéhova a ne é dzam a ne nfi abui ( )."
fr,ewo,ON ENTEND PARFOIS : « Dieu nous fait souffrir pour mettre notre foi à l’épreuve. »,ABUI BOT DA DZO NA: “Zamba a bò na bi bi mintié asu yi na a yem nge bi bele mbunen.”
fr,ewo,Que répondriez-vous ?,"Mfaa woé, o ne yalen ya?"
fr,ewo,Satan le Diable et le premier couple humain sont les principaux responsables des malheurs du monde. Jéhovah se soucie beaucoup de nous et il fera bientôt disparaître nos souffrances.,"Satan, Adam ban Éfa mbò be nga bondé mindzug ai abé ase bia yen a si. Yéhova a wog bia mintié abui, ai a zu mana mindzug mise bia toben ai miè."
fr,ewo,Quel mensonge Satan le Diable a-t-il dit à Ève ?,Minnal mifé Satan a nga kat Éfa?
fr,ewo,Quelles conséquences la rébellion d’Adam et Ève a-t-elle sur nous ?,Dzé mbe ntsigen Adam ban Éfa be nga nòng o nga sò ai bia?
fr,ewo,Comment savons-nous que Jéhovah a de la peine quand nous souffrons ?,Dzé ya bò na bi yem na Yéhova a wog mintié éyòng bia toben ai mindzug?
fr,ewo,Comment la Bible définit-elle le péché ?,Bibel a lere na nsem o ne dzé?
fr,ewo,« Qu’est-ce que le péché ? » (article jw.org),“Qu’est-ce que le péché?” (Nlang’en a jw.org)
fr,ewo,Plus d’informations sur la question que Satan le Diable a soulevée dans le jardin d’Éden.,Yene abui mam mefe me bebege nsili Satan a nga sili a afub Éden.
fr,ewo,"« Pourquoi Dieu permet-il les souffrances ? » ( La Tour de Garde , 1 er janvier 2014)","“Pourquoi Dieu permet-il les souffrances?” ( La Tour de Garde, 1 er janvier 2014)"
fr,ewo,Des réponses réconfortantes à une question douloureuse.,Biyalen bia ve awono a nsili mot a nga sili éyòng a mbe bele mintié a nnem.
fr,ewo,« Pourquoi la Shoah a-t-elle eu lieu ? Pourquoi Dieu n’a-t-il rien fait ? » (article jw.org),“Pourquoi la Shoah a-t-elle eu lieu? Pourquoi Dieu n’a-t-il rien fait?” (Nlang’en a jw.org)
fr,ewo,L’histoire d’un homme qui a appris pourquoi sa vie était si pénible.,Nlang é mot a nga kèène yem asu dzé énying dzié é bele mindzug.
fr,ewo,Je ne me sens plus seul (5:09),Ma woren ki fe na me ne étam 5:09
fr,ewo,"À cause de la désobéissance du premier couple humain, nous sommes tous prisonniers du péché * , de la souffrance et de la mort. Mais notre situation n’est pas sans espoir. Jéhovah a prévu de nous délivrer du péché et de la mort par le moyen de son Fils, Jésus. La Bible enseigne que, par sa mort, Jésus a fourni une rançon. Une rançon est un prix payé pour délivrer quelqu’un. Le prix que Jésus a payé était la valeur de sa vie humaine parfaite (lire ). En renonçant à son droit de vivre éternellement sur terre, Jésus nous a donné la possibilité de retrouver ce qu’Adam et Ève ont perdu. Il a aussi montré à quel point Jéhovah et lui nous aiment. Cette leçon renforcera notre reconnaissance pour ce que Jésus a fait pour nous.","Bia sem, bia dzugi, ai bia wu amu Adam ban Éfa be nga bò Zamba melò. * Veda bia yi ki kanga bi toa nala. Yéhova a nga nòng ntsigen na a koré bia ai zen ya be Mòn woé Yésus Kristu. Bibel a yegele na, ai zen ya awu dié, Yésus a nga yaane ntang. Ntang o ne é dzom mot a yaane asu yi na a koré é mot mbòk. Ntang ya Yésus a nga yaane o nga be ntut énying woé (Lang’a ). Éyòng Yésus a nga teb énying kòm a nga be dzam nying a si, a nga yaa bia zen na bi bi é dzom Adam ban Éfa be nga dzèè. A nga lere fe abim afé ban ai Yéhova ba ding bia. Ayègè di da yi bi vòli na bi ke osu na bia ve Zamba ngang asu ntang Yésus a nga ve."
fr,ewo,"Comme nous sommes pécheurs, nous faisons souvent des choses qui déplaisent à Jéhovah. Mais nous pouvons quand même garder l’amitié de Dieu à condition de regretter sincèrement nos péchés, de lui demander pardon par Jésus Christ et de tout faire pour ne pas recommencer ( ). La Bible dit : « Christ est mort une fois pour toutes pour les péchés, un juste pour des injustes, afin de vous conduire à Dieu » ( ).","Amu bi ne besem minsem, bia kare bò abui mam Yéhova a ding ki. Veda, bi ne dzam baala amvoé daan ai Yéhova nge bia singi minsem miaan, bi dzaage nyè bidzuga a dzoé Yésus Kristu asu abé bi he bò, bi vaa fe mengul mese asu yi na te bia bare ku a nsem ( ). Bibel a dzo na: “Amu Kristu fe a nga wu asu minsem éyòng dzia mfaa ya bise, susuo mot asu minkòt, mbol yi na a ke ai bia abe Zamba” ​ ( )."
fr,ewo,"Jéhovah a envoyé Jésus sur terre pour qu’il donne sa vie parfaite et que « tous ceux qui exercent la foi en lui ne soient pas détruits mais aient la vie éternelle » ( ). Grâce au sacrifice de Jésus, Jéhovah réparera bientôt tout le mal causé par la désobéissance d’Adam. Cela veut dire que si nous avons foi dans ce sacrifice, nous avons la possibilité de vivre pour toujours dans un paradis sur terre ( ).","Yéhova a nga lom Yésus a si asu yi na a zu ve ntut énying woé ai na “é mot ose a yebe nyè, a bò te dzang, ve a bi énying kòm” ( ). Ai zen ya ntang, Yéhova a zu man vaa abé ase a ne a si mu amu nsem Adam. Nala a tilen na, nge mbunen waan o ne ngul a ntang Yésus té, bi ne dzam bi énying kòm a si éyòng ya yi veng’en paradis ( )."
fr,ewo,Voyons plus en détail pourquoi Jésus a donné sa vie et en quoi cela vous concerne personnellement.,"Bi tam yen mam mefe a ma lere asu dzé Yésus a nga ve énying dzié, ai nfi bia nòng été."
fr,ewo,Regarder la VIDÉO et discuter de la question qui suit.,Bebege VIDÉO ai yalen a nsili hi:
fr,ewo,VIDÉO : Pourquoi Jésus est-il mort ? (partie 1) (2:01),VIDÉO: Amu dzé Yésus a nga wu? ( Ngab 1 ) (2:01)
fr,ewo,"À cause de sa désobéissance, qu’a perdu Adam ?","Mbol a nga bò Yéhova melò, dzé Adam a nga dzèè?"
fr,ewo,Lire et discuter de cette question :,Lang’a ai yalen a nsili hi:
fr,ewo,Quelle conséquence le péché d’Adam a-t-il sur chacun de nous ?,Dzé nsem Adam o nga sò ai wò abe mot ose ya abe bia?
fr,ewo,Lire et discuter de cette question :,Lang’a ai yalen a nsili hi:
fr,ewo,Pourquoi Jéhovah a-t-il envoyé son Fils sur terre ?,Asu dzé Yéhova a nga lom Mòn woé a si mu?
fr,ewo,"Adam était un homme parfait. À cause de sa désobéissance, nous sommes prisonniers du péché et de la mort.","Adam a nga be ntut mot, tegè ai nsem, nde a nga bò Zamba melò, a kèène ke ai mvòng bot a zen nsem ai awu"
fr,ewo,"Jésus était un homme parfait. Grâce à son obéissance, nous avons l’espoir d’être libérés de l’imperfection et d’avoir la vie éternelle.","Yésus a nga be ntut mot, tegè ai nsem, a nga bò Zamba mewog, a ke ai mvòng bot a zen énying kòm, tegè ai nsem zing"
fr,ewo,Regarder la VIDÉO et discuter de la question qui suit.,Bebege VIDÉO ai yalen a nsili hi:
fr,ewo,VIDÉO : Pourquoi Jésus est-il mort ? (partie 2) (2:00),VIDÉO: Amu dzé Yésus a nga wu? ( Ngab 2 ) (2:00)
fr,ewo,Comment la mort d’un seul homme peut-elle libérer tous les humains ?,Akia afé awu mot mbòk a ne dzam koré abui bot?
fr,ewo,Lire et discuter de cette question :,Lang’a ai yalen a nsili hi:
fr,ewo,"Adam était un homme parfait. Par sa faute, nous sommes prisonniers du péché et de la mort. Pourquoi peut-on dire que Jésus a fourni une « rançon correspondante », et qu’est-ce que cela rend possible ?",Adam a nga be ntut. Amu nsem woé bi ne belò ya nsem ai awu. Asu dzé bi ne dzam dzo na Yésus a nga ve “ntang wa yeane” ai nala wa sò ai bia dzé?
fr,ewo,Considérer la rançon comme un cadeau qui nous est fait personnellement nous rapproche de Jéhovah. Lire et discuter de cette question :,Bemvoé be Yéhova ba yen ntang ane ngul éfaa ya Zamba a nga ve bò. Lang’a ai yalen a nsili hi:
fr,ewo,Qu’est-ce qui montre que l’apôtre Paul voyait la rançon comme un cadeau personnel ?,Dzé ya lere na apostel Paul a nga be a yene ntang ane éfaa Zamba a nga ve nyè?
fr,ewo,"Après avoir péché, Adam s’est retrouvé condamné à mort, et tous ses futurs descendants aussi. Mais Jéhovah a donné la vie de son Fils pour nous permettre de vivre éternellement.","Amvus nsem woé, Adam ai mvòng bot dzié be nga ke a mimbok mi awu. Veda, Yéhova a nga ve énying Mòn woé asu yi na bòn be Adam be nying a ntié kòm."
fr,ewo,"Tout en lisant les versets qui suivent, imaginez ce que Jéhovah a ressenti en voyant son Fils souffrir. Lire et discuter de cette question :","Ntié wò yi lang bifus bi Bibel bi tsaa bi, tam tsog dzé Yéhova a nga woren éyòng a nga yen ane Mòn woé a dzugi ai mintié. Lang’a ai yalen a nsili hi:"
fr,ewo,"Quand vous réfléchissez à ce que Jéhovah et Jésus ont fait pour vous, que ressentez-vous ?","Éyòng wò tsog dzé ya Yéhova ban Yésus be nga bò asu doé, dzé wò woren?"
fr,ewo,ON POURRAIT VOUS DEMANDER : « Comment la mort d’un seul homme peut-elle sauver tous les humains ? »,MOT A NE WÒ DZAM SILI NA: “Akia afé awu mot mbòk a ne dzam koré abui bot?”
fr,ewo,Que répondriez-vous ?,Wò yi yalen ya?
fr,ewo,"Grâce à la mort de Jésus, Jéhovah peut pardonner nos péchés, et nous avons l’espoir de vivre pour toujours.","Ai zen ya ntang, Yéhova a ne dzam dzu minsem miaan, ai bi mbele ndi ya nying kòm."
fr,ewo,Pourquoi Jésus est-il mort ?,Asu dzé Yésus a nga wu?
fr,ewo,Pourquoi la Bible dit-elle que la vie de Jésus est une « rançon correspondante » ?,Amu dzé Bibel a lere na énying Yésus é ne ntang wa yeane?
fr,ewo,Que peut vous apporter la mort de Jésus ?,Awu Yésus a ne wò dzam sò ai dzé?
fr,ewo,Pourquoi dit-on que la vie parfaite de Jésus est une rançon ?,Asu dzé ba dzo na ntut énying Yésus o ne ntang?
fr,ewo,« En quel sens le sacrifice de Jésus est-il “une rançon pour beaucoup” ? » (article jw.org),“En quel sens le sacrifice de Jésus est-il ‘une rançon pour beaucoup’?’’ (Nlang’en a jw.org)
fr,ewo,Suffit-il de croire en Jésus pour être sauvé ?,Ye a bi mbunen abe Yésus ngò étam wa yeane asu yi na bi bi akoré?
fr,ewo,« Jésus sauve : comment ? » (article jw.org),“Jésus sauve: Comment?” (Nlang’en a jw.org)
fr,ewo,Jéhovah pardonne-t-il les péchés graves ?,Ye Yéhova a dzu ngul minsem?
fr,ewo,"« Questions bibliques » ( La Tour de Garde , 1 er mai 2013)","“Questions bibliques” ( La Tour de Garde, 1 er mai 2013)"
fr,ewo,Comment le sacrifice de Christ a-t-il aidé un homme à transformer sa personnalité ?,Akia afé ntang o nga vòli mot zing na a lumen ai bebé mintsogen ya é mam a nga yen a bita.
fr,ewo,« Je ne suis plus esclave de la violence » (article jw.org),"“Me rappeler mon amour du début m’aide à endurer” ( La Tour de Garde, 15 mai 2015)"
fr,ewo,"^ Le mot « péché » peut désigner une mauvaise action, mais aussi l’état d’imperfection qu’Adam et Ève nous ont transmis.",^ Nsem o seki ve éyòng mot a bò é dzam a ne abé. O ne fe étié nsem Adam ban Éfa be nga lig bia.
fr,ewo,"Que ressent-on quand un ami nous fait un beau cadeau ? Cela nous fait tellement plaisir qu’on tient sans doute à lui témoigner notre reconnaissance. Comme nous l’avons vu, Jéhovah et Jésus nous ont offert le plus beau des cadeaux : la rançon. Comment pouvons-nous les en remercier ?","Wò woren dzé éyòng mvoé dzoé zing ya ve wò mbembe éfaa? O ne mintak abui, o nga yi fe na wò lere nyè na a bò wò mbembe dzam. Yéhova ban Yésus be nga ve bia éfaa é ne ngul abui: Ntang. Nde, akia afé bi ne bò dzam ve ngang?"
fr,ewo,"La Bible promet la vie éternelle à « tous ceux qui exercent la foi en [Jésus] » ( ). Mais que veut dire exercer la foi ? Bien plus que croire en Jésus. La foi s’exprime par des décisions et des actions ( ). Quand notre foi influence ce que nous faisons et ce que nous disons, notre amitié avec Jésus et son Père, Jéhovah, se renforce (lire ).","Bibel a dzo na “é mot ose a lere mbunen abe Yésus” a yi bi énying kòm ( ). Dzé ya tilen na a lere mbunen? Nala a lot ve zeze nyebe. Bia lere mbunen waan a mintsigen bia nòng ai a mimbòen miaan ( ). Éyòng bia lere mbunen waan a nkòbò ai a mimbòen miaan, bia yemede amvoé daan ai Yésus ban Ésia woé, Yéhova (Lang’a )."
fr,ewo,"Lors de la dernière soirée qu’il a passée avec ses disciples, Jésus a parlé d’une autre façon de montrer de la reconnaissance pour son sacrifice. Il a institué une cérémonie que la Bible appelle « le Repas du Seigneur », et qu’on appelle aussi « le Mémorial de la mort de Christ » ( ). Cette cérémonie permettrait aux apôtres de Jésus et, après eux, à tous les vrais chrétiens de se souvenir qu’il a donné sa vie pour les humains. Ce soir-là, Jésus a d’ailleurs dit : « Continuez à faire cela en souvenir de moi » ( ). En assistant au Mémorial, vous exprimez toute votre reconnaissance pour l’immense amour de Jéhovah et de Jésus.","É ngogè a nga kèène lot ai beyègè boé, Yésus a nga lere bò é zen fe bi ne dzam lere na bia ve ngang asu ntang. A nga béndé bò na be kare togen asu Étsog awu dié, a Bibel a loé fe dzam té na: “bidi bi Nti” ( ). Yésus a nga telé mbòen té asu yi na bapostel boé, ai mimfang bekristen bese amvus dzaba, be kare tsog na a nga ve énying dzié asu daba. Ngogè té, Yésus a nga dzo na: “Keen osu na mia bò dò asu otsogo wòmò” ( ). Yem na éyòng wò tòbò Étsog awu Yésus, wò lere Yéhova ai Yésus na wò ve bò ngang asu éding ya ba ding bia."
fr,ewo,Voyons d’autres façons de montrer notre reconnaissance envers Jéhovah et Jésus. Et parlons plus en détail de la célébration du Mémorial.,Bi tam yen mezen mefe bi ne lere na bia ve Yéhova ban Yésus ngang. Bia yi fe yen é mam mese ma bebe Étsog awu Yésus.
fr,ewo,"Imaginez que quelqu’un vous sauve de la noyade. Ce serait difficile d’oublier ce que cette personne a fait pour vous, n’est-ce pas ? Vous chercheriez plutôt à la remercier d’une manière ou d’une autre de vous avoir sauvé la vie.","Tam fas na o he ku a moro osoé zing, nde mot a he koré wò. Da yi bò ayié na o vuen mbeng ya mot té a he bò wò se nala? Wò yi dzeng ai mezen mese na o ve nyè ngang amu a he nyii wò."
fr,ewo,"En offrant son Fils en sacrifice, Jéhovah nous a sauvé la vie. Lire et discuter de ces questions :",Yéhova a nga koré bia éyòng a nga ve Mòn woé. Lang’a ai yalen minsili mi tsaa mi:
fr,ewo,Pourquoi le sacrifice de Jésus est-il un cadeau extraordinaire ?,Amu dzé metunenga me Yésus me ne ngul éfaa?
fr,ewo,"Quand vous réfléchissez à ce que Jéhovah et Jésus ont fait pour vous, que ressentez-vous ?",Wò woren dzé éyòng wò tsog é dzam Yéhova ban Yésus be nga bò asu doé?
fr,ewo,"De quelles façons pouvons-nous remercier Jéhovah et Jésus pour la rançon ? Lire et . Après avoir lu chaque verset, discuter de cette question :",Akia afé bi ne dzam ve Yéhova ban Yésus ngang asu ntang? Lang’a bifus bi: . Amvus yi na o lang ya éfus ése yalen a nsili hi:
fr,ewo,Comment pouvons-nous manifester notre reconnaissance ?,Akia afé o ne dzam lere na o ne mintak ai é das Zamba a nga ve wò?
fr,ewo,Une autre façon de montrer notre reconnaissance pour la rançon est de suivre l’exemple de Jésus. Lire et discuter de cette question :,Bia lere fe na bia ve Yéhova ban Yésus ngang asu ntang éyòng bia tong mvulna Yésus. Lang’a ai yalen a nsili hi:
fr,ewo,De quelles façons pouvez-vous suivre fidèlement l’exemple de Jésus ?,Akia afé o ne tong mvulna Yésus?
fr,ewo,"Pour savoir comment le Repas du Seigneur a été célébré, lire . Puis discuter de ces questions :","Asu yi na o yem akia ya Étsog awu Yésus é nga loren éyòng osu, Lang’a . Amvus ya été yalen minsili mi tsaa mi:"
fr,ewo,Comment s’est déroulé le Repas du Seigneur ?,Akia afé bidi bi Nti bi nga loren ngogè té?
fr,ewo,Que représentent le pain et le vin ? (voir les ).,Mbang’la ai wain bi ne ndem dzé? (Bebege ).
fr,ewo,"Jésus souhaitait que ses disciples commémorent le Repas du Seigneur une fois par an à la date anniversaire de sa mort. Les Témoins de Jéhovah se réunissent donc chaque année pour se souvenir de la mort de Christ. Cette réunion importante se déroule selon le modèle établi par Jésus. Pour en savoir davantage, regarder la VIDÉO . Puis discuter de la question qui suit.","Yésus a yi na beyègè boé be bò étsog awu dié éyòng dzia a mbu ose. Asu té ndò, Beboala be Yéhova ba togen mbu ose asu yi na ba bò Étsog awu Yésus akia émen a nga telé mam. Asu yi na o yem mam mefe me tii ai dzam té, bebege VIDÉO ai yalen a nsili hi:"
fr,ewo,VIDÉO : En souvenir du sacrifice de Jésus (1:41),VIDÉO: Étsog awu Yésus (1:41)
fr,ewo,Comment se déroule le Mémorial ?,Akia afé Étsog awu Yésus da bòben?
fr,ewo,"Le pain et le vin sont des emblèmes, autrement dit des symboles. Le pain représente le corps parfait de Jésus, et le vin représente son sang.",Mbang’la a ne ndem nyòl Yésus é ne tegè ai nsem a nga ve asu akoré daan. Ai wain a ne ndem meki moé
fr,ewo,"ON ENTEND PARFOIS : « Pour être sauvé, il suffit de croire en Jésus. »","ABUI BOT DA DZO NA: “Asu yi na o bi akoré, yebege Yésus ane nkoré.”"
fr,ewo,"À l’aide de et de , comment pourriez-vous montrer que cela ne suffit pas ?",Akia afé o ne belen ai asu yi na o lere na seki ve nyiène abim té?
fr,ewo,Nous montrons notre reconnaissance pour ce que Jésus a fait en exerçant la foi en lui et en assistant au Mémorial.,Bia lere na bia ve Yésus ngang asu ntang éyòng bia lere mbunen waan abe nyè ai éyòng bia bi tòbò Étsog awu dié.
fr,ewo,Que veut dire exercer la foi en Jésus ?,Dzé ya tilen na wò yebe Yésus?
fr,ewo,"Personnellement, de quelles façons pourriez-vous exprimer votre reconnaissance pour ce que Jéhovah et Jésus ont fait pour vous ?","Mfaa woé, akia afé o ne dzam ve Yéhova ban Yésus ngang asu ntang?"
fr,ewo,Pourquoi est-il très important d’assister au Mémorial ?,Amu dzé a ne ai nfi na o tòbò Étsog awu Yésus?
fr,ewo,Qu’est-ce que la mort du Christ nous incite à faire ?,Awu Yésus la tindi bia na bi bò dzé?
fr,ewo,Il a utilisé son corps pour honorer Jéhovah (9:28),A nga belen ai nyòl dzié asu yi na a ve Yéhova duma 9:28
fr,ewo,Ce qu’est la foi et ce que signifie « exercer la foi ».,"Dzé é ne mbunen, ai akia afé bi ne dzam lere mbunen waan?"
fr,ewo,"« Exerce ta foi dans les promesses de Jéhovah » ( La Tour de Garde , octobre 2016)","“Exerce ta foi dans les promesses de Jéhovah” ( La Tour de Garde, octobre 2016)"
fr,ewo,"En réfléchissant à la rançon, une femme a pu changer le regard qu’elle portait sur elle-même (biographie « Je me sens pure et j’aime la vie »).","Nlang “Je me sens pure, et j’aime la vie,” wa lere ane nyenen mam mininga zing o nga tséndé éyòng a nga tuene bindi dzé é ne ntang."
fr,ewo,"« La Bible transforme des vies » ( La Tour de Garde , 1 er août 2011)","“La Bible transforme des vies” ( La Tour de Garde, 1 er août 2011)"
fr,ewo,"Sur les millions d’assistants au Mémorial, seuls quelques-uns mangent le pain et boivent le vin. Pourquoi ?","A tang abui bot la kare sò tòbò Étsog awu Yésus, asu dzé ve man abim mbò ba di mbang’la be nyaa fe wain?"
fr,ewo,« Pourquoi les Témoins de Jéhovah célèbrent-ils le Repas du Seigneur différemment des autres religions ? » (article jw.org),“Pourquoi les Témoins de Jéhovah célèbrent-ils le Repas du Seigneur différemment des autres religions?” (Nlang’en a jw.org)
fr,ewo,"Jésus aimait la Parole de Dieu, il prêchait la bonne nouvelle, et il aidait les gens.","Yésus a mbe a ding’i Ébug Zamba, a kele a kat foé, ai a vòligi fe bot"
fr,ewo,"Avez-vous déjà perdu quelqu’un que vous aimez ? Dans ce genre de situation, beaucoup se demandent : « Que se passe-t-il après la mort ? Est-ce qu’un jour je reverrai ceux que j’ai perdus ? » Dans cette leçon et la suivante, vous allez découvrir les réponses réconfortantes de la Bible.","Ye o dzèèya ndinding woé? Éyòng be tele akia étié té, abui da kare sili na: ‘Dzé ben ya loren amvus awu? Ye ma yi fò bare yen é bot bama be nga man wu?’ A ayègè di ai é di da zu, wò yi bi biyalen bia ve awono bi sò a Bibel."
fr,ewo,"Jésus a comparé la mort à un profond sommeil. Quel est le point commun entre la mort et le sommeil ? Quelqu’un qui dort profondément n’est pas conscient de ce qui se passe autour de lui. Pareillement, un mort ne ressent aucune douleur, il ne souffre pas. La Bible déclare : « Les morts ne savent rien » (lire ).","Yésus a nga veg awu ai oyò. Ai zen fé oyò ai awu bia fulen? Éyòng mot a ne a mfang oyò, a yem ki é mam mese ma loren a mbgaa dzié. Dzam deda fe éyòng mot a he wu, a woren ki fe mintié mizing. Bibel a dzo na: “Bewu ba yem ki dzom zing” (Lang’a )."
fr,ewo,"Beaucoup de gens ont peur de la mort ; certains ont même peur des morts. Mais ce que la Bible dit sur la mort est rassurant. Jésus a déclaré : « La vérité vous libérera » ( ). La plupart des religions disent que nous avons une âme immortelle qui continue de vivre après la mort, mais ce n’est pas ce qu’enseigne la Bible. Comme les morts ne sont pas conscients, ils ne souffrent pas. Ils ne peuvent pas non plus nous faire de mal. Il n’est donc pas nécessaire de les apaiser, de leur rendre un culte ou de prier pour eux.","Abui bot da mbara awu; bevòk be mbarega bewu! Veda é dzam Bibel a dzo a tii ai awu da ve bia awono. Yésus a nga dzo na: “Bebela a yi mina bò fili” ( ). Abui minyebe mia yegele na éyòng mot a wu, dzom zing a nyòl dzié ya ke osu na ya nying, dzam da seki éye Bibel a yegele nala. Mbol bewu ba yem ki tò dzom zing, ba wog ki mintié ai be seki bi dzam bò abé zing. É seki ai nfi na bi lugu bewu, nge a bò dzom zing éfe asu yi na te ba wog olun ai bia, ngeki a kogelen asu daba."
fr,ewo,"Certains affirment qu’ils communiquent avec les morts. Or, c’est impossible. Comme nous venons de le voir, les morts « ne savent rien ». Ceux qui croient parler avec les morts communiquent en fait avec des démons qui se font passer pour les morts. Connaître la vérité sur la mort nous protège donc des démons. Jéhovah nous demande de ne pas essayer de communiquer avec les morts parce qu’il sait que c’est dangereux pour nous d’entrer en contact avec les démons (lire ).","Abui bot ba dzo na ba lèè ai bewu. Ve nala o seki dzam bòben. Ane bi ndem yen, “bewu ba yem ki dzom.” É ba ba tsog na ba lèè ai bewu baba, bebé minsisim mbò ba dug bò na be ne é bot baba be nga man wu. A yem é bebela a bebe bewu a vòli bia na bi saala bebé minsisim. Yéhova a béndé bia na te bia bare dzeng na bi lèè ai bewu baan amu a yem na a ne mesis asu daan nge bi bi nkalena ai bebé minsisim (Lang’a )."
fr,ewo,"Voyons plus en détail ce que la Bible enseigne sur la mort, et renforçons notre conviction que Jéhovah ne fait pas souffrir les morts.","Bi tam tuene yen mam mefe Bibel a yegele me bebege awu, bi yemede fe ndi dzaan na Yéhova a tibili ki bewu nge a ve bò éndegele."
fr,ewo,Il existe de très nombreuses croyances à propos de ce qui se passe après la mort. Mais ces croyances ne peuvent pas toutes être vraies.,"A si ése, minyegelen mi ne mekia mekia mi bebege dzé ya bòben éyòng mot a wu. Ve minyegelen mité mise mi seki dzam bò bebela."
fr,ewo,"Autour de vous, que croient les gens au sujet de la mort ?",Dzé bot ya ngòra dzoé ba yebe é bebege awu?
fr,ewo,"Pour voir ce que la Bible enseigne, regarder la VIDÉO .","Asu yi na o yen dzé Bibel a yegele, bebege VIDÉO ."
fr,ewo,VIDÉO : Que se passe-t-il après la mort ? (extrait) (1:19),VIDÉO: Dzé ya loren amvus awu mot?​—Étun (1:19)
fr,ewo,Lire et discuter de ces questions :,Lang’a ai yalen minsili mi tsaa mi:
fr,ewo,"D’après ce verset, que devient-on quand on meurt ?","Ane éfus dzi ya lere, dzé ya loren amvus awu?"
fr,ewo,Est-ce qu’une partie de nous continue de vivre après notre mort ?,"Éyòng mot a wu, ye dzom zing ya nyòl dzié ya ke osu na ya nying?"
fr,ewo,"La Bible raconte ce qui s’est passé après la mort de Lazare, un ami proche de Jésus. Lire pour voir comment Jésus parle de Lazare. Puis discuter de ces questions :",Bibel a lèè bia é dzam a nga kui amvus awu Lazar a nga be mvoé Yésus. Lang’a asu yi na o yen é dzam Yésus a nga dzo é tii ai étié Lazar. Amvus ya été yalen minsili mi tsaa mi:
fr,ewo,À quoi Jésus a-t-il comparé la mort ?,Yésus a nga veg awu ai dzé?
fr,ewo,Qu’est-ce que cette comparaison nous apprend sur les morts ?,Mvegen té wa yegele bia dzé é bebege étié bewu?
fr,ewo,Que pensez-vous de ce que la Bible dit à propos de la mort ?,Wò yen é dzam Bibel a dzo a bebege awu ya?
fr,ewo,Connaître la vérité sur la mort nous libère de la peur des morts. Lire et discuter de cette question :,A yem é bebela a bebe awu a vaa bia wòng bewu. Lang’a ai yalen a nsili hi:
fr,ewo,Les morts peuvent-ils nous faire du mal ?,Ye bewu be ne bia dzam bò abé?
fr,ewo,"Ce que la Bible enseigne nous libère aussi de la croyance selon laquelle il faut apaiser ou même rendre un culte aux morts. Lire et , et discuter de cette question :","É dzam Bibel a yegele a bebege bewu da vòli bia na bi saala é metum mese metii ai bewu. Lang’a , ai yalen a nsili hi:"
fr,ewo,"D’après vous, que pense Jéhovah de quelqu’un qui rend un culte aux morts ou qui leur demande de l’aide ?","Mfaa woé, akia afé Yéhova a yen é bot ba kang bewu nge a sili bò nvòlen?"
fr,ewo,"Beaucoup de gens ont appris qu’après leur mort, ils seront punis pour leurs mauvaises actions. Mais il est rassurant de savoir que personne ne souffre après la mort, pas même quelqu’un qui a fait beaucoup de mal. Lire et discuter de cette question :","Be nga yegele abui bot na amvus awu daba ba yi bi éndegele amu bebé mimbòen miaba. A yem na éyòng mot a wuya a wog ki mintié, nge a bi éndengele, tò ényò a nga sem abui nala wa ve bia awono. Lang’a ai yalen a nsili hi:"
fr,ewo,"Si, comme le dit la Bible, la mort acquitte, ou libère, quelqu’un du péché, pensez-vous que les morts souffrent à cause de leurs fautes passées ?","Mbol Bibel a lere na ényò a wuya a yaaneya ékola ya minsem mié, ye wò tsog na bewu ba dzugi amu minsem be nga bò osusua ngaa?"
fr,ewo,"Plus on apprend à connaître Jéhovah, plus on est convaincu qu’il ne permettrait jamais que les morts souffrent. Lire et , et discuter de ces questions :","Ane bia yi ke osu na bia yem Yéhova, éye fe ndi dzaan na a tibili ki bewu ya yi ke osu na ya nang nala. Lang’a , ai yalen minsili mi tsaa mi:"
fr,ewo,"Quand on réfléchit aux qualités dont parlent ces versets, peut-on imaginer que Dieu fasse souffrir ceux qui sont morts ?","Éyòng bia tuene bindi é mefulu me Yéhova me ne é bifus bi, ye bi ne dzam tsog na Yéhova a ne dzam tibili bewu ngaa?"
fr,ewo,Trouvez-vous que la vérité sur la mort est réconfortante ? Pourquoi ?,Ye wò yen na é bebela a tii ai awu a ve awono? Asu dzé?
fr,ewo,ON ENTEND PARFOIS : « J’ai peur de ce qui va m’arriver après la mort. »,ABUI BOT DA DZO NA: “Ma mbara é dzom ya yi yèène ai ma amvus awu.”
fr,ewo,"Si quelqu’un vous dit cela, quels versets de la Bible pourriez-vous lui lire pour le rassurer ?","Nge mot a kat wò nala, éfus Bibel éfé o ne nyè dzam lang asu yi na o ve nyè awono?"
fr,ewo,"Quand quelqu’un meurt, sa vie s’arrête. Les morts ne souffrent pas et ne peuvent pas faire de mal aux vivants.",Éyòng mot a wu énying dzié ya tebe hala. Bewu ba wog ki mintié mizing ai be seki dzam bò é ba be vee abé.
fr,ewo,Que se passe-t-il quand on meurt ?,Dzé ya loren amvus awu?
fr,ewo,De quoi la vérité sur la mort nous libère-t-elle ?,A yem é bebela a tii ai awu a vòli bia ai dzé?
fr,ewo,Pourquoi la vérité sur la mort nous rassure-t-elle ?,Asu dzé a yem é bebela a tii ai awu a ve bia awono?
fr,ewo,Que désigne le mot « âme » dans la Bible ?,"A Bibel, ébug “nsisim” ya tilen ya?"
fr,ewo,« Qu’est-ce que l’âme ? » (article jw.org),“Qu’est-ce que l’âme?” (Nlang’en a jw.org)
fr,ewo,Dieu punit-il les méchants dans un enfer de feu ?,Ye Zamba a ndegele bebé bebot a nduen kòm?
fr,ewo,L’enfer existe-t-il vraiment ? (3:07),Ye nduen kòm é ne fò? 3:07
fr,ewo,Faut-il avoir peur des morts ?,Ye bia yeane mbara bewu?
fr,ewo,Les esprits des morts : Peuvent-ils vous aider ou vous nuire ? Existent-ils vraiment ? (brochure),Les esprits des morts: Peuvent-ils vous aider ou vous nuire? Existent-ils vraiment? (nsò kalara)
fr,ewo,Un homme a été réconforté quand il a découvert la vérité sur la mort.,Mot zing a nga bi awono éyòng a nga yem é bebela a tii ai awu.
fr,ewo,"« J’étais impressionné par les réponses claires et logiques de la Bible » ( La Tour de Garde , 1 er février 2015)","“J’étais impressionné par les réponses claires et logiques de la Bible” ( La Tour de Garde, 1 er février 2015)"
fr,ewo,La vérité sur la mort nous libère de coutumes qui déplaisent à Jéhovah.,É bebela a tii ai awu a vòli bia na bi saala metum Yéhova a wog abé
fr,ewo,"Quand on perd quelqu’un, on est envahi par le chagrin. La Bible dit que la mort est une ennemie ( ). Dans la leçon 27 , nous avons vu que Jéhovah va la faire disparaître. Mais va-t-il faire quelque chose pour ceux qui sont déjà morts ? Dans cette leçon, vous en apprendrez plus sur la magnifique promesse de Jéhovah de ramener des milliards de gens à la vie. Eux aussi pourront vivre pour toujours, parce que Jéhovah va les ressusciter ! Mais est-ce vraiment possible ? Et les morts seront-ils ressuscités au ciel ou sur terre ?","Éyòng ndinding waan o he wu, nnem waan o bele mintié ai olun. Asu té ndò Bibel a kat na awu a ne nzinzing waan ( ). Ayègè 27 , bi nga yen na Yéhova a yi dzang’la awu. Ye a yi bò dzom zing asu é ba be nga wu ? A ayègè di, wò yi yen abui mam mefe me bebege abeng ngaaga Yéhova a nga kaa na a yi dugen sò ai minkunda mibot énying. Bò fe be ne nying kòm amu Yéhova a yi bò womolo! Ve, ye nala a ne fò dzam bòben? Ye bewu ba yi womo ba yi nying a si mu ngeki a yob?"
fr,ewo,"Jéhovah a très envie de ramener les morts à la vie. Un homme d’une très grande foi, Job, était convaincu que Dieu ne l’oublierait pas quand il serait mort. Il a dit à Dieu : « Tu appelleras, et je te répondrai [depuis la tombe] » (lire ).","Yéhova a yi na a dugen sò ai bewu énying. Yiob a ne é mot a nga be a bele ngul mbunen, a nga tòbò ndi na Yéhova a seki nyè dzam vuen éyòng a yi wu. A nga dzo ai Zamba na: “Wò yi me loé, ai ma yi wò yalen [a sòng été]” (Lang’a )."
fr,ewo,"Quand Jésus était sur terre, Dieu lui a donné le pouvoir de ressusciter les morts. Jésus a ramené à la vie une petite fille de 12 ans et le fils d’une veuve ( ). Plus tard, Lazare, un de ses amis, est mort. Même si Lazare était mort et enterré depuis quatre jours, Jésus l’a ramené à la vie. Jésus a prié Dieu, puis il a simplement crié vers la tombe : « Lazare, viens dehors ! » Et « l’homme qui avait été mort sortit » , vivant ! ( ). Imaginez la joie de la famille et des amis de Lazare !","Éyòng Yésus a nga be a si mu, Yéhova a nga ve nyè ngul ya womolo bewu. Yésus a nga womo man mininga a toa mimbu 12 ai mòn nkus mininga ( ). Amvus hala, nde mvoé dzié Lazar a nga wu. Tò ane a nga be a wuya melu menyi be dzeb fe nyè, Yésus a nga bare sò ai nyè énying. Yésus a nga kogelen ai Zamba nde a loé nyè a yob été: “Lazar zaa a nseng mu!” Ai “é mot a nga wu nyò a nga kui a nseng” a vee! ( ). Tam tsog mintak nda bot ai bemvoé be Lazar be nga wog!"
fr,ewo,"La Bible promet : « Il va y avoir une résurrection » ( ). Les personnes que Jésus a ressuscitées ont été contentes de revenir à la vie sur terre. Elles n’étaient donc pas allées au ciel après leur mort ( ). De la même façon, Jésus va bientôt ressusciter des milliards de gens sur terre, pour qu’ils vivent éternellement dans un paradis. Il a dit que « tous ceux qui sont dans les tombes » seront ressuscités — même ceux qu’on a oubliés, parce qu’ils se trouvent dans la mémoire de Dieu ( ).","Bibel a kaa na: “awomo da yi bò” ( ). É bot Yésus a nga womo be nga ndziki ke nying a yob ( ). Be nga be mintak ya bare sò nying a si mu. Dzam deda fe, Yésus a mbeme womo bizug bibot asu yi na be nying kòm a si mu, a paradis. A nga dzo na “é ba bese be ne a mesòng” ba yi womo—tò é ba ya be nga maneya vuen, amu be ne a ntsogen Zamba ( )."
fr,ewo,Examinons des preuves bibliques que les morts peuvent être ressuscités. Et parlons de l’espoir et du réconfort que nous donnent les promesses concernant la résurrection.,Bi tam yen a Bibel mendem ma lere na bewu be ne dzam bare sò nying. Bia yi fe yen afiri ai awono mengaaga me bebege akulsòng bewu ma ve bia.
fr,ewo,Voyons plus en détail ce que Jésus a fait pour son ami Lazare. Lire et discuter de ces questions :,Bia zu yen mam mefe Yésus a nga bò asu mvoé dzié Lazar. Lang’a ai yalen minsili mi tsaa mi:
fr,ewo,Qu’est-ce qui prouve que Lazare était vraiment mort ? (voir le ).,Dzé ya lere na Lazar a nga be a wuya fò? (Bebege ).
fr,ewo,"Si, après sa mort, Lazare était monté au ciel, pensez-vous que Jésus l’aurait forcé à revenir sur terre ?","Nge amvus awu dié Lazar a ke a yob, ye wò tsog na Yésus a nga yi nyè bi a ngul asu yi na a bare zu a si?"
fr,ewo,VIDÉO : Jésus ressuscite Lazare (1:16),VIDÉO: Yésus a womo Lazar (1:16)
fr,ewo,Lire et discuter de cette question :,Lang’a ai yalen a nsili hi:
fr,ewo,Où vivront les ressuscités ?,Bizug bibot bia yi man kui a mesòng bia yi nying avé?
fr,ewo,Jésus ne ressuscitera pas seulement ceux qui ont adoré Jéhovah. Lire et discuter de cette question :,Yésus a yi ki womo ve é ba be nga sié Yéhova. Lang’a ai yalen a nsili hi:
fr,ewo,Qui aimeriez-vous voir revenir à la vie ?,Za wò yi na wa bare yen akulsòng?
fr,ewo,Jésus peut ressusciter quelqu’un aussi facilement qu’un père peut réveiller son enfant qui dort.,Tam fas é dzam di: A ne ébugubu asu Yésus na a hele mbim ane ésia a hele mòn woé oyò
fr,ewo,Beaucoup de personnes endeuillées ont été consolées et encouragées par le récit de la résurrection de la fille de Jaïre. Lire cette histoire vraie en .,Nlang ngòn Jairus o nga ve abui bot be nga dzèè mindinding miaba awono. Lang’a nlang té a kalara .
fr,ewo,"Avant de ressusciter la petite fille, Jésus a dit à son père : « N’aie pas peur, aie simplement foi » (voir le ). Comment l’espoir de la résurrection peut-il vous aider...","Osusua yi na a womo man mininga té, Yésus a nga dzo ai Ésia woé na: “Te wò kòn wòng, ve bi afiri” (Bebege ). Akia afé afiri yi na bewu ba yi womo a ne wò dzam vòli éyòng . . ."
fr,ewo,si quelqu’un que vous aimez meurt ?,é mot wò ding a he wu?
fr,ewo,si votre vie est en danger ?,énying dzoé é tele a mbe étié?
fr,ewo,Regarder la VIDÉO et discuter de la question qui suit.,Bebege VIDÉO ai yalen a nsili hi:
fr,ewo,VIDÉO : L’espérance de la résurrection nous donne du courage (3:21),VIDÉO: Ndi ya akulsòng bewu ya ve bia azombo (3:21)
fr,ewo,Comment l’espérance de la résurrection a-t-elle réconforté et encouragé les parents de Phelicity ?,Akia afé afiri yi na bewu ba yi bare sò énying o nga wono bebondé be Phelicity?
fr,ewo,"ON ENTEND PARFOIS : « La résurrection, c’est trop beau pour être vrai. »",ABUI BOT DA DZO NA: “A ne ayié ya yebe na bewu be ne dzam bare sò énying.”
fr,ewo,Qu’en pensez-vous ?,"Mfaa woé, wò yen ya?"
fr,ewo,Avec quel verset pourriez-vous montrer qu’il va y avoir une résurrection ?,O ne belen ai éfus Bibel éfé asu yi na o lere na awomo bewu da yi bò?
fr,ewo,"La Bible promet que des milliards de morts seront ressuscités. Jéhovah veut qu’ils revivent, et il a donné à Jésus le pouvoir de les ramener à la vie.","Bibel a kaa na bakura bebot ba yi womo. Yéhova a yi na be bare sò énying, dzom té nde a nga ve Yésus ngul ya womolo bò."
fr,ewo,Que ressentent Jéhovah et Jésus à l’idée de ramener les morts à la vie ?,Dzé Yéhova ban Yésus ba woren éyòng ba tsog na ba yi womo bewu?
fr,ewo,"Où vivront les milliards de ressuscités, au ciel ou sur terre ? Pourquoi dites-vous cela ?","Bizug bibot bia yi womo bia yi nying avé—ye a yob, ye a si? Asu dzé wò tsog nala?"
fr,ewo,Pourquoi êtes-vous convaincus que les personnes que vous aimez peuvent revivre ?,Asu dzé o bele ndi na mindinding mié mia yi bare nying?
fr,ewo,Des idées pratiques pour faire face au deuil.,Mam mefé o ne dzam bò asu yi na o dang mintié mi awu.
fr,ewo,« Quand on perd quelqu’un qu’on aime » ( Réveillez-vous ! n o 3 2018),“Quand on perd quelqu’un qu’on aime” ( Réveillez-vous! n o 3 2018)
fr,ewo,Les principes bibliques peuvent-ils vraiment aider quelqu’un d’endeuillé ?,Ye minyegelen ya Bibel mi ne dzam vòli é mot a bele awu ngaa?
fr,ewo,Quand quelqu’un qu’on aime meurt (5:06),Éyòng é mot bia ding a he wu 5:06
fr,ewo,Comment les enfants peuvent-ils surmonter la mort d’une personne qu’ils aiment ?,Akia afé bòngò be ne dzam dang mintié mi awu ya é mot be ding’i?
fr,ewo,Certains humains seront-ils ressuscités au ciel ? Qui ne sera pas ressuscité ?,Ye bot bezing ba yi womo asu yi na be ke nying a yob? Beza ba yi ki womo?
fr,ewo,« Qu’est-ce que la résurrection ? » (article jw.org),“Qu’est-ce que la résurrection?” (Nlang’en a jw.org)
fr,ewo,"Tout au long de ses pages, la Bible attire l’attention sur le royaume de Dieu. Grâce à ce royaume, Jéhovah accomplira le projet qu’il avait quand il a créé la terre. Qu’est-ce que le Royaume ? Comment savons-nous qu’il est aujourd’hui en place ? Qu’a-t-il déjà réalisé ? Et que fera-t-il à l’avenir ? Cette leçon et les deux suivantes répondront à ces questions.",Nlo adzo ya Bibel o ne Édzoé Zamba. Yéhova a yi belen ai Édzoé dzié té asu yi na a vengʼen si ése paradis. Dzé é ne Édzoé Zamba? Bia yem ai dzé na Édzoé té é tebeya? Mam mefé Édzoé Zamba é bòya? Ai mefé ya yi bò melu ma zu? Ayègè di ai é ma mebè me tsaa ma yi yalen minsili mité.
fr,ewo,"Le Royaume est un gouvernement établi par Jéhovah. Il a pour roi Jésus Christ, qui gouverne depuis le ciel ( ). La Bible dit que Jésus « régnera [...] pour toujours » ( ). Il exercera son pouvoir royal sur tous les habitants de la terre.","Édzoé Zamba é ne édzoé Yéhova Zamba émen a nga telé. Yésus, Nkukuma, nnye a tòngʼlò Édzoé té a toa a yob ( ). Bibel a dzo na Yésus “a yi dzoé . . . a kòm ya kòm” ( ). Édzoé dzié ya yi yamen a bot bese ya si."
fr,ewo,"Jésus n’est pas le seul dirigeant du Royaume. La Bible dit que « des gens de toute tribu, et langue, et peuple, et nation [...] doivent être rois et gouverner la terre » ( ). Combien sont-ils ? Depuis que Jésus est venu sur terre, ses disciples se comptent par millions. Mais tous ne vont pas au ciel pour régner avec lui. Seulement 144 000 d’entre eux gouverneront aux côtés de Jésus (lire ). Tous les autres seront des sujets terrestres du Royaume ( ).","Yésus a dzoé ki étam. Bibel a dzo na é bot ba sò a zang “ébega ése, ai nkòbò ai bot ai ayòng . . . ba yi dzoé si” ( ). É bot ba yi dzoé ai Yésus be ne tang ya? Ntié ane Yésus a nga sò a si mu, abui bot be vengʼen ya beyègè boé. Bese ba yi ki ke a yob, ve nyiène bot 144 000 mbò ba yi ke dzoé ai nyè a yob (Langʼa ). É ba bese bevòk ba yi nying a si mu ( )."
fr,ewo,"Même quand ils sont pleins de bonne volonté, les dirigeants politiques ne peuvent pas réaliser tous leurs projets. À un moment donné, ils sont remplacés par d’autres dirigeants, qui ne sont pas forcément aussi bien intentionnés. Mais le dirigeant du royaume de Dieu, lui, ne sera jamais remplacé. En effet, Dieu a établi « un royaume qui ne sera jamais détruit » ( ). De plus, Jésus, dont le pouvoir s’étendra à toute la terre, ne fera pas de favoritisme. C’est un dirigeant plein d’amour, bon et juste, et il apprendra aux humains à manifester les mêmes qualités que lui : l’amour, la bonté et la justice (lire ).","Tò éyòng betebe be osu ya bidzoé ya si ba yi na ba bò é mam me ne mbeng, ba kui ki na be bò mò. A ne kui na be fòl bò ai bot befe ya be bele ki mbembe nyien ya bò mbeng ane bò. Veda, Yésus, Nkukuma ya Édzoé Zamba, ba yi ki nyè fòl amos zing. Zamba a nga telé “Édzoé ya yi bò tegè dzang” ( ). Yésus a yi dzoé si ése, ndò fe a yi ki bò éfial mesu. A ne nkukuma a ne ndzalen ai éding, a toa fe mbembe nnem ai susuo, ai a yi vòli bot na bò fe be bi mefulu meté​ (Langʼa )."
fr,ewo,Voyons pourquoi le royaume de Dieu est meilleur que n’importe quel gouvernement humain.,Bi tam yen asu dzé Édzoé Zamba ya lot bidzoé bise ya si.
fr,ewo,Jésus Christ a plus de pouvoir qu’aucun dirigeant actuel ou passé. Lire et discuter de cette question :,Yésus a bele é ngul ya lot minkukuma mise mivòk. Langʼa ai yalen a nsili hi:
fr,ewo,Quelle est la différence entre le pouvoir de Jésus et celui des dirigeants humains ?,Nselna mbé a ne a zang édzoé Yésus ai bidzoé bise bivòk?
fr,ewo,"Les gouvernements changent souvent, et chacun ne dirige qu’une partie du monde. Qu’en est-il du royaume de Dieu ? Lire et discuter de ces questions :","Bidzoé bibot bia kare tséndé abog ase, ai mot ose ya abe bò a tòngʼlò man abora si. Mfaa ya Édzoé Zamba ki? Langʼa ai yalen minsili mi tsaa mi:"
fr,ewo,La domination du royaume de Dieu « sera sans fin ». Pourquoi est-ce un avantage ?,Amu dzé é ne mbeng na Édzoé Zamba é tòbò “a kòm ya kòm”?
fr,ewo,Le royaume de Dieu dirigera le monde entier. Pourquoi est-ce un avantage ?,Amu dzé é ne mbeng na Édzoé Zamba ndzò é dzoé si ése?
fr,ewo,Pourquoi faut-il que le royaume de Dieu remplace les gouvernements humains ? Regarder la VIDÉO et discuter de la question qui suit.,Asu dzé Édzoé Zamba ya yeane fòl bidzoé bibot? Bebege VIDÉO ai yalen a sili hi.
fr,ewo,VIDÉO : Qu’est-ce que le royaume de Dieu ? (extrait) (1:41),VIDÉO: Dzé é ne Édzoé Zamba? ​​ —Étun (1:41)
fr,ewo,Pourquoi peut-on dire que les gouvernements humains n’ont pas répondu aux besoins de leurs citoyens ?,Amu dzé bi ne dzo na bidzoé ya si bi ndziki kui na bi dzala meyangʼen me bot?
fr,ewo,Lire et discuter de cette question :,Langʼa ai yalen minsili mi tsaa mi:
fr,ewo,"À votre avis, pourquoi est-il nécessaire que le royaume de Dieu remplace les gouvernements humains ?","Mfaa woé, ye wò yen na Édzoé Zamba ya yeane fòl bidzoé bibot? Asu dzé?"
fr,ewo,"Jésus, le Roi du Royaume, a vécu sur terre en tant qu’homme. Il peut donc nous comprendre et « compatir à nos faiblesses » ( ). Quant aux 144 000 que Jéhovah choisit pour régner avec Jésus, ce sont des hommes et des femmes « de toute tribu, et langue, et peuple, et nation » ( ).","Yésus, Nkukuma ya Édzoé Zamba a nga nying a si mu a toa mot, a “wog bia mintié a yem fe mindzug bia toben ai miè” ( ). É bot 144 000 Yéhova a nga tòb, fam ai bininga ya be nga bi ngul mbunen, ba yi dzoé ai Yésus bese “ba sò ébega ése, ai nkòbò ai bot ai ayòng”​ ( )."
fr,ewo,Qu’est-ce que cela vous fait de savoir que Jésus et les 144 000 peuvent comprendre nos sentiments et nos problèmes ?,Dzé wò woren éyòng wò yem na Yésus ai bot 144 000 ya ba yi bi dzoé ba yem mindzug bi bele ai é dzom bia woren? Asu dzé?
fr,ewo,Les gouvernements établissent des lois pour le bien de leurs citoyens. Le royaume de Dieu établit lui aussi des lois pour ses sujets. Lire et discuter de ces questions :,"Éyòng bidzoé bia telé memvéndé, ba telé mò asu nfi é bot be ne édzoé dzaba a si. Édzoé Zamba fe ya telé memvéndé asu é bot a tòngʼlò. Langʼa ai yalen minsili mi tsaa mi:"
fr,ewo,"D’après vous, à quoi ressemblera le monde quand tous les humains suivront les lois de Dieu * ?","Mfaa woé, si ya yi tòbò ya éyòng bot bese ba yi baala memvéndé me Zamba? *"
fr,ewo,Trouvez-vous raisonnable que Jéhovah demande aux citoyens du Royaume de respecter de telles règles ? Pourquoi ?,"Wò yen ya, ye a ne mbeng na Yéhova a sili é ba bese ba yi nying Édzoé dzié a si na be baala memvéndé moé? Asu dzé?"
fr,ewo,Qu’est-ce qui montre que ceux qui ne suivent pas ces règles de conduite peuvent changer ? (voir le ).,Dzé ya lere na é ba ba tong ki memvéndé me Zamba be ne dzam tséndé? (Bebege ).
fr,ewo,ON POURRAIT VOUS DEMANDER : « Qu’est-ce que le royaume de Dieu ? »,MOT A NE WÒ DZAM SILI NA: “Dzé é ne Édzoé Zamba?”
fr,ewo,Que répondriez-vous ?,Wò yi yalen ya?
fr,ewo,Le royaume de Dieu est un vrai gouvernement qui se trouve au ciel. Il dirigera bientôt toute la terre.,"Édzoé Zamba é ne mfang édzoé, é nteleya a yob, ya yi tòngʼlò si ése."
fr,ewo,Qui sont les dirigeants du royaume de Dieu ?,Beza be ne bedzoé ya Édzoé Zamba?
fr,ewo,Pourquoi le royaume de Dieu est-il supérieur à tous les gouvernements humains ?,Amu dzé Édzoé Zamba ya lot bidzoé bise ya si?
fr,ewo,Jéhovah demande aux citoyens du Royaume de respecter certaines règles. Pouvez-vous en citer quelques-unes ?,Mam mefé Yéhova a yanga na é ba ba yi nying Édzoé dzié be bò?
fr,ewo,Jésus a-t-il enseigné que le Royaume est en chacun de nous ?,Ye Yésus a nga yegele na Édzoé Zamba é ne a nnem mot ose?
fr,ewo,« Le royaume de Dieu est-il dans votre cœur ? » (article jw.org),“Le royaume de Dieu est-il dans votre cœur?” (Langʼen a jw.org)
fr,ewo,Jusqu’où les Témoins de Jéhovah sont-ils prêts à aller pour rester fidèles au royaume de Dieu ?,Akui nnyié mbé Beboala be Yéhova be ne dzam ke asu yi na be langʼen baaba ai Édzoé Zamba?
fr,ewo,Fidèlement attachés au Royaume (1:43),Be nga ke osu na ba wulu baaba ai Édzoé Zamba 1:43
fr,ewo,Ce que la Bible enseigne au sujet des 144 000 personnes que Jéhovah choisit pour régner avec Jésus.,É mam Bibel a yegele me bebege bot 144 000 Zamba a nga tòb asu yi na be dzoé ai Yésus.
fr,ewo,« Qui va au ciel ? » (article jw.org),“Qui va au ciel?” (Nlangʼen a jw.org)
fr,ewo,Ce qui a convaincu une femme qui luttait contre l’injustice que seul Dieu peut rétablir la justice dans le monde.,Dzé é nga vòli mininga zing na a yebe na Zamba étam nnye a yi man ai nkòt a si mu?
fr,ewo,"« J’ai découvert la solution à l’injustice » ( Réveillez-vous ! , novembre 2011)","“Jʼai découvert la solution à lʼinjustice” ( Réveillez-vous! , novembre 2011)"
fr,ewo,^ Certaines de ces lois seront examinées dans la partie 3 .,^ Bia yi sangʼla memvéndé mevòk a ngab 3.
fr,ewo,Les hommes et les femmes que Jéhovah choisit pour régner avec Jésus sont de toutes origines.,Yéhova a nga tòb fam ai bininga ya meyòng mese ya si asu yi na be dzoé ai Yésus
fr,ewo,Les lois établies par les gouvernements sont pour le bien des citoyens. Les normes élevées du royaume de Dieu sont elles aussi pour notre bien.,"Éyòng bidzoé bia telé memvéndé, ba telé mò asu nfi é bot be ne édzoé dzaba a si. Édzoé Zamba ya telé fe memvéndé ma lot é ma mebot, asu nfi é bot ya tòngʼlò"
fr,ewo,"Le royaume de Dieu a commencé à gouverner au ciel en 1914. Depuis ce moment-là, la domination humaine vit ses derniers jours. Comment le savons-nous ? Grâce à des prophéties bibliques et à ce qu’on observe dans le monde depuis 1914. Examinons tout cela plus en détail.","Édzoé Zamba é nga kèè na ya dzoé a yob a mbu 1914. A tarigi abog té, bidzoé ya si bi nga nyii a melu ya memana maba. Bia yem nala ai dzé? Ai zen ya minkulen medzo ya Bibel ai é mam bia yen a si mu a kèègè a mbu 1914."
fr,ewo,"Le livre de Daniel annonçait que le royaume de Dieu commencerait à gouverner à la fin d’une période appelée « sept temps » ( ). Des siècles plus tard, Jésus a appelé cette même période « le temps accordé aux nations » , et il a dit qu’elle n’était pas encore terminée ( ). Comme nous le verrons, les sept temps ont pris fin en 1914.","Kalara Daniel a nga béndé na Édzoé Zamba ya yi kèè na ya dzoé a memana ya abog Bibel a loé na “mebog zamgba” ( ). Amvus mintet mimbu, Yésus a nga loé abog té na “abog a nga veeben biku,” nde fe a nga lere na abog té a nga be ngene te man éyòng a nga be a si ( ). Bia yi yen na ‘mebog zamgbaʼ meté me nga man a mbu 1914."
fr,ewo,"Les disciples de Jésus lui ont demandé : « Quel sera le signe de ta présence et de la période finale du monde ? » ( ). En réponse, Jésus a annoncé qu’une fois qu’il serait Roi du royaume de Dieu au ciel, il se passerait beaucoup de choses sur terre, comme des guerres, des famines et des tremblements de terre (lire ). La Bible a aussi annoncé que le comportement des gens dans « les derniers jours » rendrait la vie ‘difficile à supporter’ ( ). C’est ce qu’on observe particulièrement depuis 1914.","Beyègè be Yésus be nga sili nyè na: “Dzé ya yi bò ndem ya mesò moé ai amana si?” ( ). Nde Yésus a nga yalen bò na, éyòng a yi tòbò Nkukuma ya Édzoé Zamba a yob, abui mam ma yi loren a si ane bita, zié ai mimfongʼen mi si (Langʼa ). Bibel a nga dzo fe na mimbòen mibot “ya melu ya memana” mia yi bò na ‘énying é bò ndzugʼ ( ). Mam meté mese ma yené a ngeng a kèègè a mbu 1914."
fr,ewo,"Juste après être devenu Roi du Royaume, Jésus a fait la guerre dans le ciel contre Satan et ses démons. Satan a perdu. La Bible dit qu’ « il a été jeté sur la terre, et ses anges ont été jetés avec lui » ( ). Satan sait qu’il va être détruit. Il est donc très en colère et il provoque beaucoup de malheurs et de souffrances sur toute la terre. On comprend pourquoi le monde va si mal ! Mais le royaume de Dieu mettra fin à tout cela.","Man abog amvus yi na Yésus a telébeneya Ndzoé ya Édzoé Zamba, a nga bò Satan ai béngeles boé bita. Satan a nga dzèè bita bité. Bibel a dzo na “a nga woaben a si mu ban béngeles boé fufulu ai nyè” ( ). Satan a wog olun amu a mbe yem na a zu dzang. Asu té nde a bondé abui bebé bemam ai mindzug a si ése. Bia wog hm amu dzé abé la nemen a si! Ve, Édzoé Zamba ya yi man kom mam meté mese."
fr,ewo,Voyons ce qui prouve que le Royaume a commencé à gouverner en 1914 et en quoi cela nous concerne.,Bi tam yen é mam ma lere bia na Édzoé Zamba é nga tebe yob a mbu 1914 ai dzé nala a tilen asu daan.
fr,ewo,Regarder la VIDÉO .,Bebege VIDÉO .
fr,ewo,VIDÉO : Le royaume de Dieu a commencé à gouverner en 1914 (5:02),VIDÉO: Édzoé Zamba é nga tebe a mbu 1914 (5:02)
fr,ewo,"Il y a longtemps, Nabuchodonosor, le roi de Babylone, a fait un rêve qui venait de Dieu. Ce rêve prophétique et l’interprétation que Daniel en a donnée montrent qu’il concerne à la fois Nabuchodonosor et le royaume de Dieu * ( lire ).","Abui mimbu ana, Nébukadnetsar, nkukuma ya Babilon, a nga yem biyeyem bi sò abe Zamba. Biyeyem bité ai ntimen ya Daniel a nga ve ma lere na mam meté me mbe bebege Nébukadnetsar émen ai fe Édzoé Zamba (Langʼa ). *"
fr,ewo,"Lire puis, à l’aide du tableau, répondre aux questions suivantes :","Langʼa , ai belen ai tafélé asu yi na o yalen minsili mi tsaa mi:"
fr,ewo,A) Qu’est-ce que Nabuchodonosor a vu dans son rêve ? (voir les ).,(A) Dzé Nébukadnetsar a nga yen a biyeyem bié? (Bebege ).
fr,ewo,B) Qu’arrive-t-il à l’arbre ? (voir le ).,(B) Dzé ya kui élé Nébukadnetsar a nga yen? (Bebege ).
fr,ewo,C) Que se passe-t-il à la fin des « sept temps » ? (voir le ).,(C) Dzé ya kui a memana ya “mebog zamgba”? (Bebege ).
fr,ewo,LA PROPHÉTIE ( ),NKULEN ADZO ( )
fr,ewo,A) Un arbre immense,(A) Moro élé
fr,ewo,B) « Abattez l’arbre [...] et que sept temps passent »,"(B) “Bâni élé,” ai mi dzogè na “mebog zamgba me lot”"
fr,ewo,C) « Ton pouvoir royal te sera rendu »,(C) “Édzoé dzoé ya yi dugen abe wò”
fr,ewo,Dans le premier accomplissement de cette prophétie...,A ndzalen osu ya nkulen adzo té . . .
fr,ewo,D) Qui l’arbre représente-t-il ? (voir le ).,(D) Élé é ne ndem za? (Bebege ).
fr,ewo,E) Comment son règne a-t-il été interrompu ? ( lire ).,(E) Akia afé édzoé dzié é nga tebe? ​ (Langʼa ).
fr,ewo,F) Qu’est-il arrivé à Nabuchodonosor à la fin des « sept temps » ? ( lire ).,(F) Dzé é nga kui Nébukadnetsar amvus “mebog zamgba”? (Langʼa ).
fr,ewo,"D) Nabuchodonosor, roi de Babylone","(D) Nébukadnetsar, nkukuma ya Babilon"
fr,ewo,"E) Après 606 avant notre ère (av. n. è.), Nabuchodonosor devient fou et il est incapable de gouverner pendant sept ans","(E) Amvus mbu 606 O.A.D., Nébukadnetsar a nga vengʼen akut, tegè fe ai feg ya dzoé a tang mimbu zamgba"
fr,ewo,F) Nabuchodonosor retrouve la raison et recommence à gouverner,(F) Nébukadnetsar a bare bi feg dzié ai a bare kèè na a dzoé
fr,ewo,Dans le deuxième accomplissement de cette prophétie...,A ndzalen bèè ya nkulen adzo té . . .
fr,ewo,G) Qui l’arbre représente-t-il ? ( lire ).,(G) Élé é ne ndem za? ​ (Langʼa ).
fr,ewo,H) Comment cette royauté a-t-elle été interrompue ? Comment savons-nous qu’elle était toujours interrompue quand Jésus était sur terre ? ( lire ).,(H) Akia afé édzoé té é nga tebe? Akia afé bia yem na Édzoé té é nga be nteben tò éyòng Yésus a nga be a si mu? ​ (Langʼa ).
fr,ewo,I) Où et quand cette royauté a-t-elle été rétablie ?,(I) Abog afé ai vom mbé édzoé té é nga bare teleben?
fr,ewo,G) Les rois israélites qui représentent la royauté de Dieu,(G) Minkukuma ya Israel a be nga be bifòlega ya Édzoé Zamba
fr,ewo,"H) Jérusalem est détruite, la lignée des rois israélites est interrompue pendant 2 520 ans","(H) Yérusalem a ne ntsamen, nkas minkukuma ya Israel o nga tebe a tang mimbu 2 520"
fr,ewo,"I) Au ciel, Jésus devient Roi du royaume de Dieu","(I) A yob, Yésus a ne Nkukuma ya Édzoé Zamba"
fr,ewo,"Certaines parties de la Bible nous aident à en comprendre d’autres. Par exemple, le livre de la Révélation dit que trois temps et demi correspondent à 1 260 jours ( ). Sept temps, c’est deux fois plus, donc 2 520 jours. Dans la Bible, un jour représente parfois une année ( ). C’est le cas avec la prophétie des sept temps contenue dans le livre de Daniel : les sept temps représentent 2 520 ans.","Mefola me Bibel mezing ma vòli bia na bi tuene wog é ma mevòk. Mvulna é ne na, kalara Akuli Mam a dzo na ‘mebog melè ai étunʼ ma toben ai melu 1 260 ( ). ‘Mebog zamgbaʼ me nga kui hm melu 2 520. Biyòng bivòk, a Bibel mmos mbòk o ne nguma mbu ( ). Dzam té la yené a nkulen adzo ya kalara Daniel o bebege tang ‘mebog zamgbaʼ: “mebog zamgba” meté me nga ve hm mimbu 2 520."
fr,ewo,Regarder la VIDÉO .,Bebege VIDÉO .
fr,ewo,VIDÉO : Le monde a changé depuis 1914 (1:10),VIDÉO: Si é nga tséndé a kèègè a mbu 1914 (1:10)
fr,ewo,Jésus a annoncé à quoi ressemblerait le monde une fois qu’il serait Roi. Lire et discuter de cette question :,Yésus a nga lere akia si ya yi tòbò éyòng a yi nòng étoa nkukuma. Langʼa ai yalen a nsili hi:
fr,ewo,"Parmi les choses mentionnées dans ces versets, lesquelles voyez-vous s’accomplir ?",Mam mefé me ne é bifus Bibel bi a wò yen ane ma toben?
fr,ewo,L’apôtre Paul a décrit comment seraient les gens dans les derniers jours de la domination humaine. Lire et discuter de cette question :,Apostel Paul a nga lere akia ya bot ba yi nying a memana bidzoé bibot. Langʼa ai yalen a nsili hi:
fr,ewo,Lequel de ces comportements avez-vous déjà observé autour de vous ?,"É mimbòen mise mi, mifé wò yen a ngòra dzoé?"
fr,ewo,Lire et discuter de ces questions :,Langʼa ai yalen minsili mi tsaa mi:
fr,ewo,Quelle œuvre importante montre que le royaume de Dieu a commencé à gouverner ?,Ngul ésié éfé ya lere na Édzoé Zamba é nteleya?
fr,ewo,Comment pouvez-vous participer à cette œuvre ?,Akia afé o ne dzam nòng ngab ésié té?
fr,ewo,"Le royaume de Dieu a commencé à gouverner et, très bientôt, il gouvernera toute la terre. Lire et discuter de cette question :","Édzoé Zamba é nteleya a yob, abog a ntòya babi na é zu dzoé si ése. Langʼa ai yalen a nsili hi:"
fr,ewo,Que devrions-nous tous faire à mesure que nous ‘voyons le jour approcher’ ?,"‘Ane amos té wò subu babi naʼ, dzé mot ose ya abe bia a yeane bò?"
fr,ewo,ON POURRAIT VOUS DEMANDER : « Pourquoi les Témoins de Jéhovah parlent-ils autant de 1914 ? »,MOT A NE WÒ DZAM SILI NA: “Asu dzé Beboala be Yéhova ba dang kòbò adzo ya mbu 1914?”
fr,ewo,Que répondriez-vous ?,Wò yi yalen ya?
fr,ewo,Les prophéties bibliques et ce qui se passe dans le monde indiquent que le royaume de Dieu est en place. Nous montrons que nous en sommes convaincus en prêchant et en assistant aux réunions.,Minkulen medzo ya Bibel ai é mam ma loren a si ése melu me ne ndem yi na Édzoé Zamba é nteleya a yob. Bia lere na bi bele ndi té éyòng bia kat mbembe foé ai éyòng bia tòbò mban a bikoen.
fr,ewo,Que s’est-il passé à la fin des sept temps dont parle la prophétie de Daniel ?,Dzé é nga bòben amvus ‘mebog zamgbaʼ ya kalara Daniel a dzo?
fr,ewo,Pourquoi êtes-vous convaincu que le royaume de Dieu a commencé à gouverner en 1914 ?,Dzé ya lere wò na Édzoé Zamba é nga tebe a yob a mbu 1914?
fr,ewo,Comment pouvez-vous montrer que vous croyez que le Royaume est déjà en place ?,Akia afé o ne lere na wò yebe na Édzoé Zamba é nteleya?
fr,ewo,Des historiens et d’autres spécialistes parlent de ce qui a changé dans le monde depuis 1914.,Abui beyem mam ba lèè é mam me nga tséndé a si ése a kèègè a mbu 1914.
fr,ewo,"« Depuis quand ce déclin brutal ? » ( Réveillez-vous ! , avril 2007)","“Depuis quand ce déclin brutal” ( Réveillez-vous!, avril 2007)"
fr,ewo,La prophétie de a changé la vie d’un homme.,Énying mot zing é nga tséndé éyòng a nga lang nkulen adzo o ne a kalara .
fr,ewo,« J’aimais le baseball plus que tout au monde ! » ( La Tour de Garde n o 3 2017),“Jʼaimais le baseball plus que tout au monde!” ( La Tour de Garde n o 3 2017)
fr,ewo,Comment savons-nous que la prophétie contenue en concerne le royaume de Dieu ?,Bia yem ai dzé na nkulen adzo o ne a kalara wò bebe Édzoé Zamba?
fr,ewo,"« Quand le Royaume de Dieu a-t-il commencé à régner ? (1 re partie) » ( La Tour de Garde , 1 er octobre 2014)","“Quand le Royaume de Dieu a-t-il commencé à régner? (1 re partie)” ( La Tour de Garde, 1 er octobre 2014)"
fr,ewo,Qu’est-ce qui indique que les « sept temps » dont parle ont pris fin en 1914 ?,Dzé ya lere na ‘mebog zamgbaʼ kalara a dzo me nga man a mbu 1914?
fr,ewo,"« Quand le Royaume de Dieu a-t-il commencé à régner ? (2 e partie) » ( La Tour de Garde, 1 er novembre 2014)","“Quand le Royame de Dieu a-t-il commencé à régner? (2 e partie)” ( La Tour de Garde, 1 er octobre 2014)"
fr,ewo,^ Voir les deux derniers articles de la rubrique « À découvrir aussi » de cette leçon.,^ Bebege fe benkum mòmbo bebè be ne a memana ya ngab ‘‘O ne fe bebeʼʼ ya ayègè di.
fr,ewo,"Si vous apprenez quelque chose qui peut aider les autres et leur sauver la vie, qu’aurez-vous envie de faire ?","Nge wò yègè dzom zing é ne dzam vòli é bot bevòk nge a nyii bò, dzé wò yi bò?"
fr,ewo,"Le royaume de Dieu est déjà en place. Bientôt, il va changer beaucoup de choses sur terre. Voyons ce qu’il va apporter de bon.",Édzoé Zamba é nteleya. Édzoé té é mbeme sò tséndé abui mam a si mu. Bia zu yen abeng mam Édzoé té ya yi bò.
fr,ewo,"Jésus, le Roi du royaume de Dieu, va supprimer les gens et les gouvernements méchants lors de la guerre d’Armaguédon ( ). À ce moment-là, cette promesse de la Bible se réalisera pleinement : « Encore un peu de temps, et les méchants ne seront plus » ( ). Au moyen du Royaume, Jésus remplira la terre de paix et de justice (lire ).","Yésus, Nkukuma ya Édzoé Zamba a yi man dzangʼla bebé bebot ai bidzoé biaba a bita ba loé na Armagédòn ( ). Abog té ndò nkulen adzo ya Bibel hi wa yi dzaleben: “Ve man éban; ndò fe bikokòt bia yi bò mòmò” ( ). Ai zen ya Édzoé Zamba, Yésus a yi dzala si ai mvòè ai susuo (Langʼa )."
fr,ewo,"Quand le royaume de Dieu gouvernera, « les justes posséderont la terre et ils y vivront éternellement » ( ). Imaginez ! Tout le monde sera juste et droit ; tout le monde aimera Jéhovah et son prochain. Personne ne tombera malade, et nous vivrons pour toujours.","Éyòng Édzoé Zamba ya yi tòngʼlò mam mese ya si, “besusuo bebot ba yi nòng si, be ntoa été a nguma étoa” ( ). Tam tsog na mot ose a yi tòbò susuo; mot ose a yi ding Yéhova ai fe é bot bevòk. Mot zing a yi ki kòn, ai bia yi nying kòm ése."
fr,ewo,"Après la destruction des méchants, Jésus gouvernera encore pendant 1 000 ans. Pendant cette période, avec ses 144 000 codirigeants, il aidera les humains à devenir parfaits. À la fin des 1 000 ans, la terre sera devenue un magnifique paradis rempli d’humains heureux parce qu’ils obéissent aux lois de Jéhovah. Jésus remettra alors le Royaume à son Père, et le ‘nom de Jéhovah sera sanctifié’ comme jamais auparavant ( ). Il sera prouvé que Jéhovah est un bon dirigeant qui prend soin de ses sujets. Ensuite, Jéhovah supprimera Satan, les démons et tous ceux qui choisissent de se rebeller contre sa domination ( ). Les conditions parfaites établies par le royaume de Dieu dureront éternellement.","Amvus yi na bebé bebot be maneya dzang, Yésus a yi ke osu na a dzoé a tang 1 000 mimbu. Abog té ase, nyè ai é bot 144 000 ba yi dzoé ai nyè, ba yi vòli bot na be vengʼen ntut. A memana me toyini mimbu mité, si ése ya yi bò mbembe étòbega, paradis, ndzalen ai é bot ba nying a mintak amu ba tong memvéndé me Yéhova. Éyòng té ndzò, Yésus a yi dugen ve Ésia, Yéhova, Édzoé. Ai ‘dzoé Yéhova da yi fuubenʼ ane a mbeya ki tam bòben ( ). Bot bese ba yi yen a ngeng na Yéhova a ne mbembe ntòngʼlò ai na a yem nòng ngab ai é ba ba yebe Édzoé dzié. Amvus ya été, Yéhova a yi dzangʼla Satan, bebé minsisim ai é bot bese ba yi lumen ai Édzoé dzié abog té ( ). Mimbembe mimam mise Édzoé Zamba ya yi bò mia yi langʼen kòm ése."
fr,ewo,Voyons pourquoi nous pouvons croire que Dieu va se servir du Royaume pour réaliser ce que la Bible promet pour l’avenir.,"Bi tam yen asu dzé bi ne yebe na, Zamba a yi belen ai Édzoé dzié asu yi na a dzala mengaaga mese ya Bibel asu melu ma zu."
fr,ewo,"« L’homme domine l’homme pour son malheur » ( ). Par son royaume, Jéhovah va résoudre tous les problèmes causés par cette situation injuste.","“Mot a dzoé ényò mbòk na a bò nyè abé” ( ). Ai zen ya Édzoé dzié, Yéhova a yi mana mindzug mise mbe mbòen té wa sò ai wò."
fr,ewo,"Lire et , et discuter de ces questions :","Langʼa , ai yalen minsili mi tsaa mi:"
fr,ewo,Que feront Jéhovah et Jésus des gouvernements humains et de ceux qui les soutiennent ?,Dzé Yéhova ban Yésus ba yi bò bidzoé bibot ai é ba ba sug bidzoé bité?
fr,ewo,"D’après ce que vous avez appris sur Jéhovah et Jésus, pourquoi êtes-vous convaincu que leur action sera juste ?",Akia afé é mam o he yègè me bebege Yéhova ban Yésus ma ve wò ndi na mimbòen miaba mia yi bò tetele ai susuo?
fr,ewo,"Jésus va faire beaucoup de bien aux sujets terrestres du royaume de Dieu. Regarder la VIDÉO pour voir que Jésus a déjà montré qu’il a le désir d’aider les gens, mais aussi qu’il en a le pouvoir, grâce à Dieu.",Yésus a yi bò abeng mam asu é ba ba yi wogé ai Édzoé Zamba. Bebege VIDÉO asu yi na o yen ane Yésus a nga lere na a bele nyien ya vòli bot ai fe na Zamba a nga ve nyè ngul ya bò dò.
fr,ewo,VIDÉO : Jésus a montré ce que le Royaume va accomplir (1:13),VIDÉO: Yésus a nga lere é mam Édzoé Zamba ya yi bò (1:13)
fr,ewo,"Quand il était sur terre, Jésus a donné un aperçu de ce que le Royaume accomplira. Dans la liste qui suit, quelles promesses aimeriez-vous particulièrement voir se réaliser ? Pour chacune d’elles, lire les versets donnés en référence .","Éyòng a nga be a si, Yésus a nga lere mendem ya é mam Édzoé Zamba ya yi bò. É mengaaga mese me tsaa ma, mefé wò yi na wò yen ane ma dzaleben? Langʼa bifus bi Bibel bia lere mengaaga meté."
fr,ewo,"SUR TERRE, JÉSUS...",A SI MU YÉSUS A NGA . . .
fr,ewo,"DU CIEL, JÉSUS...",A TOA A YOB YÉSUS A YI . . .
fr,ewo,a maîtrisé les forces de la nature ( ).,telé moro nkulu a mang ( ).
fr,ewo,résoudra tous les problèmes environnementaux ( ).,mana é mam mese ma dzugelen nge a ndamen si ( ).
fr,ewo,a nourri des milliers de personnes ( ).,bò asimba asu yi na a ve bakura bebot bidi ( ).
fr,ewo,éliminera la faim dans le monde ( ).,mana zié a si ése ( ).
fr,ewo,a guéri beaucoup de malades ( ).,sié abui minkokòn ( ).
fr,ewo,donnera une santé parfaite à tous ( ).,ve bot bese mvòè ya minson ( ).
fr,ewo,a ressuscité des morts ( ).,womo bewu ( ).
fr,ewo,réparera les dégâts causés par la mort ( ).,mana awu ai mintié mise awu la sò ai dò ( ).
fr,ewo,"Le Royaume va réaliser ce que Jéhovah avait prévu à l’origine pour les humains. Ils vivront pour toujours dans un paradis. Regarder la VIDÉO pour voir comment Jéhovah utilise son Fils, Jésus, pour accomplir son projet.","Édzoé Zamba ya yi dzala nsongʼen Zamba a bele asu bot. Ba yi nying a ntié kòm a paradis. Bebege VIDÉO asu yi na o yen ane Yéhova a belen ai Mòn woé, Yésus, asu yi na a dzala nsongʼen woé."
fr,ewo,VIDÉO : Un aperçu de notre magnifique avenir (4:38),VIDÉO: É mimbembe mimam mizing mia yi bòben melu ma zu (4:38)
fr,ewo,Lire et discuter de cette question :,Langʼa ai yalen a nsili hi:
fr,ewo,Que ressentez-vous à l’idée que Jéhovah « [comblera] le désir de toute créature vivante » ?,Wò woren dzé éyòng wò tsog na Yéhova a yi “dzali nyien ya vevee dzom ése”?
fr,ewo,"ON ENTEND PARFOIS : « Si on fait tous des efforts, ensemble, on peut résoudre les problèmes du monde. »","ABUI BOT DA DZO NA: “Nge bia bese bia ve mengul, bi ne dzam mana é mam mese ma ndegele bia.”"
fr,ewo,Le royaume de Dieu va résoudre des problèmes que les gouvernements humains ne peuvent pas régler. Lesquels ?,Mindzug mifé Édzoé Zamba ya yi sò mana a bidzoé bibot bi seki dzam mana a si?
fr,ewo,Le royaume de Dieu va atteindre son but. Il transformera toute la terre en un paradis où les adorateurs de Jéhovah vivront pour toujours.,Édzoé Zamba ya yi dzala nsongʼen woé. Ya yi vengʼen si ése paradis é vom ya bebò bisié be Zamba bese ba yi nying a kòm ya kòm ése.
fr,ewo,Comment le royaume de Dieu sanctifiera-t-il le nom de Jéhovah ?,Akia afé Édzoé Zamba ya yi fubu dzoé Yéhova?
fr,ewo,Pourquoi peut-on croire que le royaume de Dieu réalisera les promesses de la Bible ?,Asu dzé bi bele ndi na Édzoé Zamba ya yi dzala mengaaga mese ya Bibel?
fr,ewo,"Parmi tout ce que le Royaume va réaliser, qu’attendez-vous avec impatience ?","A mam mese Édzoé Zamba ya yi bò, afé o nga yiya na a dzaleben?"
fr,ewo,Que désigne le nom Armaguédon ?,Dzé é ne Armagédòn?
fr,ewo,« Qu’est-ce que la bataille d’Armaguédon ? » (article jw.org),“Quʼest-ce que la bataille dʼArmaguédon?” (Nlangʼen a jw.org)
fr,ewo,Les évènements qui se produiront pendant ce que Jésus a appelé « la grande tribulation » ( ).,É mam ma yi bòben éyòng Yésus a yi dzoé a tang mimbu 1 000 ai é ma ya memana me Édzoé té.
fr,ewo,« Qu’est-ce que la grande tribulation ? » (article jw.org),"“Que se passera-t-il lors du jour du jugement?” ( La Tour de Garde, 1 er septembre 2012)"
fr,ewo,Une famille imagine sa vie dans le monde nouveau.,Nda bot zing ya fas énying ba yi bi a paradis.
fr,ewo,Imagine-toi dans le Paradis (1:50),Tsogo ane énying dzoé ya yi tòbò a paradis 1:50
fr,ewo,"Dans l’article « J’étais tourmenté par de nombreuses questions », un ancien révolutionnaire explique où il a trouvé les réponses à ses questions.","A nlangʼen “Jʼétais tourmenté par de nombreuses questions,” yene akia ya é mot a nga be bò édzoé éngana a timi é vom a nga bi biyalen ya minsili mié."
fr,ewo,"« La Bible transforme des vies » ( La Tour de Garde , 1 er janvier 2012)","“La Bible transforme des vies” ( La Tour de Garde, 1 er janvier 2012)"
fr,ewo,"Avez-vous le sentiment d’être plus proche de Dieu depuis que vous étudiez la Bible ? Voulez-vous continuer à renforcer votre amitié avec lui ? Alors rappelez-vous que plus Jéhovah verra votre amour pour lui grandir, plus il vous aimera et plus il prendra soin de vous. Comment pouvez-vous lui montrer que vous l’aimez ?","Ane o nga tari ayègè Bibel doé, ye wò woren fò na Yéhova a ne wò babi? Ye wò yi na wò ke osu na wò wono élat dzoé ai nyè? Baala na, ane éding dzoé asu Yéhova ya yi ke ya nang, éye fe Yéhova a yi ke osu na a ding wò, ai a nòng ndzug ai wò nala. Akia afé hm o ne dzam lere na wò ding nyè?"
fr,ewo,"On montre à Jéhovah qu’on l’aime en lui obéissant (lire ). Jéhovah ne force personne à lui obéir ; il laisse à chacun le choix. En fait, pour lui plaire, il faut lui « obéir de cœur » ( ). Autrement dit, Jéhovah ne veut pas que vous lui obéissiez parce que vous y êtes obligé, mais parce que vous l’aimez. Les parties 3 et 4 de ce livre vous aideront à montrer à Jéhovah que vous l’aimez en faisant ce qui lui plaît et en rejetant ce qui lui déplaît.","Wò lere na wò ding Yéhova éyòng wò bò nyè mewog (Langʼa ). Yéhova a bi ki mot zing a ngul asu yi na a bò nyè mewog. A dzogè mot ose fili yi na a tòb nyè ai na a bò nyè mewog. Asu yi na o tòbò mintak, wò yeane nyè bò “mewog ai nnem woé ose” ( ). Nala a tilen na, Yéhova a yi ki na o bò mewog obila, ve a yi na o bò dò amu wò ding nyè. Ngab lala ai é nyi nyina ya é kalara nyi, ma yi wò vòli na o tuene lere Yéhova éding dzoé éyòng wò yi bò é mam a ding, ai a saala é ma a fem."
fr,ewo,"« Nombreuses sont les épreuves du juste » ( ). Nous luttons tous contre nos imperfections. Nous rencontrons aussi des problèmes économiques, des injustices ou d’autres difficultés. À cause de ces épreuves, ce n’est peut-être pas facile de faire ce que Jéhovah nous demande, et il peut même sembler plus simple de ne pas lui obéir. Mais si malgré tout vous obéissez à Jéhovah, vous lui montrez que vous l’aimez plus que tout. Et vous prouvez que vous lui êtes fidèle. En retour, Jéhovah sera fidèle envers vous. Il ne vous abandonnera jamais (lire ).","“Mindzug besusuo mi ne abui” ( ). Bia bese bia kare lumen ai étié besem dzaan. Bia bese bia lumen ai mebua, bi toben fe ai nkòt, ai abui mindzug mife. Mindzug mité mise mia bò na bi yen ayié ya lere Yéhova na bia ding nyè, a ntoa fe bia ébugubu ya bò Yéhova melò. Ve nge wò ve mengul ya bò Yéhova mewog, wò yi lere na wò ding nyè. Éyòng té fe Yéhova a yi lere na a ding wò. A yi ki wò dzogè amos zing (Langʼa )."
fr,ewo,"Voyons pourquoi notre obéissance est importante pour Jéhovah, et parlons de ce qui peut nous aider à lui rester fidèles.","Bi tam yen asu dzé a ne ai nfi na bi bò Yéhova mewog, bia yi fe yen é dzom é ne bi vòli mfaa té."
fr,ewo,"Le livre de Job nous apprend que Satan a porté une accusation non seulement contre Job, mais aussi contre tous ceux qui veulent servir Jéhovah. Lire et discuter de ces questions :","Kalara Yiob a lere ane Satan a nga sòmen Yiob, ve seki nyè étam, a nga sòmen fe bebò bisié be Yéhova bese. Langʼa ai yalen minsili mi tsaa mi:"
fr,ewo,"D’après Satan, pourquoi Job obéissait-il à Jéhovah ? (voir ).","Mfaa Satan, amu dzé Yiob a nga be bò Yéhova mewog? (Bebege )."
fr,ewo,"Quelle accusation Satan a-t-il portée contre tous les humains, vous y compris ? (voir ).","Sòmen fé Satan a nga sòmen bot bese, a ya bebe fe wò? (Bebege )."
fr,ewo,Lire et discuter de cette question :,Langʼa ai yalen a nsili hi:
fr,ewo,Comment Job a-t-il prouvé qu’il aimait vraiment Jéhovah ?,Akia afé Yiob a nga lere na a ding fò Yéhova? Bia fe bia lere na bia ding Yéhova éyòng bia bò nyè mewog.
fr,ewo,Lire et discuter de ces questions :,Langʼa ai yalen minsili mi tsaa mi:
fr,ewo,Que ressent Jéhovah quand vous agissez avec sagesse et que vous lui obéissez ? Pourquoi ?,"Dzé Yéhova a woren éyòng wò nòng mintsigen mi ne feg, o bò fe nyè mewog? Asu dzé?"
fr,ewo,L’amour pour Jéhovah nous incite à parler de lui aux autres. La fidélité nous incite à le faire même quand ce n’est pas facile. Regarder la VIDÉO et discuter des questions qui suivent.,"Éding bi bele asu Yéhova ya tindi bia na bi kat é bot bevòk za ya a ne. Nge bia baala élat dzaan ai Yéhova, bia yi ke osu ne bia bò dò afiangʼen bò mindzug. Bebege VIDÉO ai yalen minsili mi tsaa mi:"
fr,ewo,VIDÉO : Défends ta foi malgré l’opposition (5:09),VIDÉO: Kamen ai mbunen woé afiangʼen bò melumen (5:09)
fr,ewo,Trouvez-vous parfois difficile de parler de Jéhovah aux autres ?,Ye abog zing a ne wò ayié ya kat é bot bevòk é mam me tii ai Yéhova?
fr,ewo,Qu’est-ce qui a aidé Grayson à surmonter sa peur ?,Dzé é nga vòli Grayson na a dang é wòng a nga be a bele?
fr,ewo,C’est plus facile d’être fidèle à Jéhovah si on aime ce qu’il aime et si on déteste ce qu’il déteste. Lire et discuter de ces questions :,"A ne bia ébugubu ya ke osu na bia wulu baaba ai Yéhova nge bia ding é mam a ding, bi feme fe é ma a fem. Langʼa ai yalen minsili mi tsaa mi:"
fr,ewo,Pourriez-vous citer certaines choses que Jéhovah aime ? Pourriez-vous citer certaines choses qu’il déteste ?,"Éyòng wò tsog é mam mese o yègèya, mefé Yéhova a ding? Ai mam mefé Yéhova a fem?"
fr,ewo,Comment pouvez-vous apprendre à aimer le bien et à haïr le mal ?,Akia afé o ne yègè ding é mam me ne mbeng ai a fem é ma me ne abé?
fr,ewo,Obéir à Jéhovah est toujours la meilleure chose à faire. Lire et discuter de ces questions :,"A bò Yéhova mewog abog ase a ne mbembe dzam énying mot. Langʼa , ai yalen minsili mi tsaa mi:"
fr,ewo,Peut-on être sûr que Jéhovah sait toujours ce qu’il y a de mieux pour nous ? Pourquoi ?,Ye bi ne tòbò ndi na abog ase Yéhova a yem é dzom é ne mbeng asu daan? Asu dzé?
fr,ewo,"Depuis que vous avez commencé à étudier la Bible et à apprendre à connaître le vrai Dieu, Jéhovah, quels bienfaits en avez-vous retirés ?","Ntié ane o nga kèè ai ayègè Bibel doé ai a yègè yem Nya Zamba, bemaa befé o biya?"
fr,ewo,ON ENTEND PARFOIS : « Dieu ne s’intéresse pas vraiment à ce que je fais. »,ABUI BOT DA DZO NA: “Zamba a nòng ki ngab ai mimbòen miama.”
fr,ewo,Quel verset pourriez-vous utiliser pour montrer que nos actions peuvent faire plaisir à Jéhovah ou le rendre triste ?,Éfus Bibel éfé o ne belen ai dzò asu yi na o lere kan mot té na mimbòen miaan mi ne dzam bò na Zamba a tòbò mintak ngeki na a wog olun?
fr,ewo,Vous pouvez montrer que vous aimez Jéhovah en lui obéissant et en lui restant fidèle malgré les difficultés.,"O ne lere na wò ding Yéhova éyòng wò bò nyè mewog, o wulugu fe baaba ai nyè afiangʼen bò mindzug."
fr,ewo,Qu’avez-vous appris de l’exemple de Job ?,Mvulna Yiob é he yegele wò dzé?
fr,ewo,Comment pouvez-vous prouver à Jéhovah que vous l’aimez ?,Akia afé o ne lere Yéhova na wò ding nyè?
fr,ewo,Qu’est-ce qui vous aidera à rester fidèle à Jéhovah ?,Dzé ya yi wò vòli na o ke osu na wò baala élat dzoé ai Yéhova?
fr,ewo,Comment être fidèle à Jéhovah et à l’assemblée ?,Yene akia afé o ne baala élat dzoé ai Yéhova ai akonda dié.
fr,ewo,« Avec qui est fidèle tu te montreras fidèle » (16:49),“Avec qui est fidèle tu te montreras fidèle” 16:49
fr,ewo,Plus de détails sur les accusations que Satan a portées contre les humains.,É mam mefe me tii ai mesòmen Satan a nga sòmen bot.
fr,ewo,"« L’intégrité de Job » ( La Bible : quel est son message ? , partie 6)","“Lʼintégrité de Job” ( La Bible : quel est son message?, partie 6)"
fr,ewo,Comment les enfants eux aussi peuvent-ils montrer qu’ils aiment Jéhovah ?,Akia afé bòngò be ne fe lere na ba ding Yéhova.
fr,ewo,Fais plaisir à Jéhovah (8:16),Vaa Yéhova nnem mintak 8:16
fr,ewo,Comment un jeune peut-il rester fidèle à Dieu même si d’autres font pression sur lui ?,Akia afé énanga é ne ke osu na ya baala élat dzié ai Yéhova tò éyòng é ba bevòk ba tindi nyè na a bò é mam Yéhova a fem?
fr,ewo,Résiste à la pression du groupe ! (3:59),Te wò dzogè na é bot bevòk be teg mbunen woé! 3:59
fr,ewo,Job a prouvé qu’il aimait Jéhovah en lui restant fidèle.,Yiob a nga lere fò na a ding Yéhova amu a nga baala élat dzié ai nyè a ntié énying woé
fr,ewo,Nous prouverons que nous aimons Jéhovah en lui restant fidèles.,Bia yi lere na bia ding Yéhova éyòng bia ke osu na bia baala élat dzaan ai nyè
fr,ewo,"Nous prenons tous des décisions. Certaines, comme le choix d’un conjoint, d’un travail ou d’un logement, peuvent avoir des conséquences importantes sur notre vie. Nos décisions peuvent aussi nous rapprocher ou nous éloigner de Jéhovah. Si nous faisons de bons choix, nous serons heureux et Jéhovah sera fier de nous.","Bia bese bia nòng mintsigen. Dzam bò na bia dzeng alug, ésié ngeki étòbega. Da ya mam meté a ne tséndé énying dzaan, ve mintsigen miaan mi ne fe bò na bi subu Yéhova babi ngeki a tebe oyab ai nyè. Nge bia tòb é mam me ne mbeng bia yi bi mintak, Yéhova fe dzam deda a yi taag ai bia."
fr,ewo,"Avant de prendre une décision, demandez à Jéhovah de vous guider et servez-vous de la Bible pour savoir comment il voit les choses (lire ). Parfois, vous y trouverez une loi précise. Dans ce cas, la meilleure décision à prendre est d’obéir à cette loi.","Osusua yi na wò nòng ntsigen zing, dzaage Yéhova na a lere wò zen, belen ai Bibel asu yi na o yen akia ya émen a yen mam (Langʼa ). Éyòng zing na o ne dzam yen é mvéndé é ne a Bibel a ya kòbò dzam zing a sang sang. Nge a ne nala, mbembe ntsigen a ne na o tong mvéndé té."
fr,ewo,"Et si la Bible ne vous dit pas clairement ce que vous devez faire ? Jéhovah vous guidera quand même « sur le chemin où [vous devez] marcher » ( ). En effet, la Bible contient des principes qui peuvent vous aider. Un principe biblique est une vérité essentielle qui montre ce que Dieu pense ou ressent. Dans les récits bibliques, on découvre souvent son point de vue sur tel ou tel sujet. Et quand on sait ce qu’il pense, on peut alors prendre des décisions qu’il approuve.","Ve, nge Bibel a ngoné ki mvéndé zing a sang sang wò yi bò ya? Yéhova a yi wò lere “é zen wò yeane wulu” ( ). Akia afé? Bibel a bele tin memvéndé a me ne wò vòli. Tin memvéndé ya Bibel é ne meting ma lere é dzam Zamba a tsog ai é di a woren. Minlang ya Bibel mizing mia lere bia akia ya a yen dzam si dzam ka. Ai éyòng bi yemeya ntsogen woé, bi ne nòng é mintsigen mia toben ai nyien woé, ai é mi mia fû nyè nnem."
fr,ewo,"La Bible dit : « L’homme prudent surveille chacun de ses pas » ( ). Cela veut dire qu’avant de prendre une décision, il est important de réfléchir. Tout en pesant le pour et le contre des possibilités qui s’offrent à vous, posez-vous ce genre de questions : « Quels principes bibliques s’appliquent à la situation ? Si je fais ce choix-là, est-ce que j’aurai l’esprit tranquille ? Quel effet ma décision aura-t-elle sur les autres ? Et surtout, est-ce qu’elle va plaire à Jéhovah ? » ( ).","Bibel a dzo na: “É mot a ne feg a bò okala ai é vom a ke” ( ). Nala a tilen na, osusua yi na wò nòng ntsigen zing, nfi o ne na o tare fas nge dzam té a ne bòben nge tegè. Siligi fe wòmen akia minsili di: ‘Meting ya Bibel mefé me tii ai é dzam di? Nge me nòng ntsigen hi, ye man mot wòm ya nnem a yi tòbò amieng? Akia afé ntsigen hi wa yi namba é bot bevòk? Ye ntsigen té wa fû Yéhova nnem?ʼ ( )."
fr,ewo,"Jéhovah a le droit de définir ce qui est bien et ce qui est mal. Si nous apprenons à connaître ses lois et ses principes et que nous tenons à les respecter, nous éduquons notre conscience — notre sentiment intérieur de ce qui est bien ou mal ( ). Une conscience habituée à se tourner vers le bien nous aidera à prendre de bonnes décisions.","Yéhova nnye a tuene yem dzé ya é ne abé ngeki mbeng asu daan. Nge bia yègè na bia yem mebéndé ai meting moé bi baala fe mò, bia yi komoro man mot waan ya nnem asu yi na a yem é mam me ne abé ai é ma me ne mbeng ( ). Ai nala té, man mot waan ya nnem a yi bi vòli na bi nòng abeng mintsigen."
fr,ewo,Voyons plus en détail l’importance des principes bibliques et le rôle de la conscience quand on a une décision à prendre.,Bi tam yen nfi ya tin memvéndé ya Bibel ai ésié man mot waan ya nnem a bò éyòng bia yi na bia nòng ntsigen zing.
fr,ewo,Comment les principes bibliques peuvent-ils nous aider à prendre de bonnes décisions ? Regarder la VIDÉO et discuter des questions qui suivent.,"Akia afé tin memvéndé é ne bi vòli na bi nòng abeng mintsigen? Bebege VIDÉO , ai yalen minsili mi tsaa mi:"
fr,ewo,VIDÉO : Laissez-vous guider par les principes de la Bible (5:54),VIDÉO: Yebege na minyegelen ya Bibel mi tòngʼlò énying dzoé (5:54)
fr,ewo,Qu’est-ce que le libre arbitre ?,Dzé é ne fili ntòben?
fr,ewo,Pourquoi Jéhovah a-t-il donné le libre arbitre aux humains ?,Amu dzé Yéhova a nga ve bot fili ntòben?
fr,ewo,Qu’est-ce que Jéhovah nous a donné pour nous aider à faire bon usage de notre libre arbitre ?,Dzé Yéhova a nga ve bia asu yi na bi yem belen ai fili ntòben dzaan?
fr,ewo,Lire . Ces versets contiennent ce principe biblique : « Faites le meilleur usage possible de votre temps. » Comment pouvez-vous appliquer ce principe...,"Langʼa Éfésis 5:15, 16. Bifus bi bi bele tin memvéndé é ne na: “bia yeane yem belen ai abog daan”. Nde o ne belen tin mvéndé té ya asu yi na: . . ."
fr,ewo,pour lire la Bible régulièrement ?,o lang Bibel mban?
fr,ewo,"pour consacrer du temps à votre conjoint, à vos enfants ou à vos parents ?","o lot abog ai é mot mina ai nyè mi ne nlugen, ai benyò bòn, ngeki bebondé boé?"
fr,ewo,pour assister aux réunions de l’assemblée ?,o tòbò a bikoen ya akonda?
fr,ewo,"En général, il est facile de faire le bon choix quand la Bible donne un commandement précis. Mais que faire quand ce n’est pas le cas ? Regarder la VIDÉO et discuter des questions qui suivent.","A ne ébugubu ya nòng mbembe ntsigen éyòng Bibel a ve mvéndé zing. Ve éyòng a seki nala bi ne bò ya? Bebege VIDÉO , ai yalen minsili mi tsaa mi:"
fr,ewo,VIDÉO : « Gardez une bonne conscience » (5:13),VIDÉO: “Baala mbembe man mot ya nnem” (5:13)
fr,ewo,Qu’a fait Emma pour éduquer sa conscience et prendre une décision que Jéhovah approuve ?,"Emma a nga bò dzé asu yi na a yegele man mot woé ya nnem, ai asu yi na a nòng ntsigen o ne mbeng a mis me Yéhova?"
fr,ewo,Pourquoi ne faut-il pas demander aux autres de prendre des décisions à notre place ? Lire et discuter de ces questions :,Asu dzé bia yeane ki dzogè na bot befe be nòng mintsigen afola daan? Langʼa ai yalen minsili mi tsaa mi:
fr,ewo,"Même s’il est plus simple de demander aux autres ce qu’ils feraient dans notre situation, que devrions-nous être capables de distinguer par nous-mêmes ?","Tò ane a ne ébugubu na o sili é bot bevòk é dzam be ne bò nge mbò be tele étié dzoé, dzé wò yeane yem yen ai wòmen?"
fr,ewo,Quels outils de recherche peuvent nous aider à éduquer notre conscience pour prendre de bonnes décisions ?,Éye bi ne dzam bò mindzengʼen avé asu yi na bi yem komoro man mot waan ya nnem mbol yi na bi nòng mimbembe mintsigen?
fr,ewo,On ne prend pas tous les mêmes décisions. Comment montrer que l’on tient compte de la conscience des autres ? Voyons deux exemples :,"Bia bese bia nòng ki mintsigen akia deda. Nde, akia afé bi ne lere na bia nòng ngab ai man mot ya nnem é bot bevòk asu yi na te bia bò bò ékòli obak? Bia zu yen memvulna mebè:"
fr,ewo,Situation 1 : Une sœur aime bien être en pantalon dans ses activités quotidiennes ou quand elle se retrouve avec des amis. Cette façon de s’habiller dérange les sœurs de sa nouvelle assemblée.,Étié 1: Kal dzaan zing a ding mbòt pantalon éyòng a bò bisié bié ai éyòng a ne ai bemvoé boé. Mbòt woé té wa ndegele babenyang boé ya mkpamen akonda dié.
fr,ewo,"Lire et , et discuter de ces questions :","Langʼa , ai yalen minsili mi tsaa mi:"
fr,ewo,"Si elle se laisse guider par ces versets, que va peut-être décider la sœur ? Si un jour vous vous trouvez en présence de quelqu’un qui trouve incorrect de faire quelque chose que votre conscience à vous vous permet de faire, que déciderez-vous ?","Nge a dzogè na bifus ya Bibel bi tòngʼlò nyè, ntsigen mbé a yi yeane nòng? Nge wò toben amos zing ai é mot a wog é mam wò bò ndzug, tò ane man mot ya nnem woé a boala ki wò na wò bò abé, wò yi nòng ntsigen mbé?"
fr,ewo,"Situation 2 : Bien que la Bible n’interdise pas de boire de l’alcool, un frère a pris la décision personnelle de s’en abstenir. Lors d’une soirée à laquelle il est invité, il voit d’autres Témoins consommer de l’alcool.","Étié 2: Tò ane Bibel a kili ki nnyuen meyòk, madzang zing a nòng ya ntsigen na a nyu ki fe meyòk. Éyòng té ba banda nyè ngogè zing, a nga yen babedzang bezing be nyaa meyòk."
fr,ewo,"Lire et , et discuter de ces questions :","Langʼa , ai yalen minsili mi tsaa mi:"
fr,ewo,"S’il se laisse guider par ces versets, quelle sera sans doute l’attitude du frère ? Si un jour vous voyez quelqu’un faire quelque chose que votre conscience à vous vous interdit de faire, comment réagirez-vous ?","Nge a dzogè na bifus bi Bibel bi tòngʼlò nyè, madzang té a ne dzam bò ya? Nge amos zing wò yen ane mot a bò é dzom man mot ya nnem woé a yebe ki, wò yi bò ya?"
fr,ewo,1. Demandez à Jéhovah de vous guider ( ).,1. Dzaage Yéhova na a lere wò zen ( ).
fr,ewo,2. Faites des recherches dans la Bible et dans nos publications pour savoir quels principes s’appliquent à votre situation. Vous pouvez aussi demander l’aide de chrétiens expérimentés.,2. Bò mindzengʼen a Bibel ai a bekalara baan asu yi na o yem é tin memvéndé ya bebe étié dzoé. O ne fe dzam sili é babedzang be ne éwolo mfaa ya nsisim mvòlen.
fr,ewo,3. Réfléchissez aux conséquences de votre décision sur votre conscience et sur la conscience des autres.,3. Tsogo é dzam ntsigen wò nòng wò yi bò asu doé ai asu é bot bevòk.
fr,ewo,"ON ENTEND PARFOIS : « Ce que pensent les autres, ça m’est bien égal. On a le droit de faire ce qu’on veut ! »",ABUI BOT DA DZO NA: “Ma bisi ki é dzam é bot bevòk ba yi tsog. Mot ose a yeane bò é dzam a yi?”
fr,ewo,Pourquoi faut-il tenir compte du point de vue de Dieu et des sentiments des autres ?,"Asu dzé a ne ai nfi na bi fas akia ya Zamba a yen mam, bi tsog fe é dzom é bot bevòk ba yi woren?"
fr,ewo,"Pour prendre de bonnes décisions, il faut savoir comment Jéhovah voit les choses et réfléchir à l’effet positif ou négatif que nos actions auront sur les autres.","Mbol yi na o nòng abeng mintsigen, da sili na o tuene yem akia ya Yéhova a yen mam, o fasa fe é dzom (mbeng nge abé) é bot bevòk ba yi woren ai mimbòen mié."
fr,ewo,Comment pouvez-vous prendre des décisions qui plairont à Jéhovah ?,Akia afé o ne nòng mintsigen mia fû Yéhova nnem?
fr,ewo,Comment pouvez-vous éduquer votre conscience ?,Akia afé o ne yegele man mot woé ya nnem?
fr,ewo,Comment pouvez-vous montrer que vous tenez compte de la conscience des autres ?,Akia afé o ne lere na wò nòng ngab ai man mot ya nnem é bot bevòk?
fr,ewo,Comment prendre des décisions qui vous rapprocheront de Dieu ?,Akia afé o ne nòng mintsigen mia bò na o subu Zamba babi?
fr,ewo,"« Prenons des décisions qui honorent Dieu » ( La Tour de Garde , 15 avril 2011)","“Prenons des décisions qui honorent Dieu” ( La Tour de Garde, 15 avril 2011)"
fr,ewo,Jéhovah nous conseille de différentes façons. Lesquelles ?,Yéhova a leb bia ai abui mezen. Mefé?
fr,ewo,Jéhovah guide son peuple (9:50),Yéhova a tòngʼlò ayòng dié 9:50
fr,ewo,Ce qui a aidé un jeune homme à prendre une décision difficile.,É dzom é nga vòli ndomen zing na a nòng ntsigen o nga be ayié ya nòng.
fr,ewo,Jéhovah garantit tout ce qui est bon (5:46),Yéhova a yi bi ve é mam mese me ne mbeng 5:46
fr,ewo,"Comment prendre des décisions qui plaisent à Jéhovah, même quand la Bible ne donne pas d’instructions précises ?","Akia afé bi ne nòng ntsigen wò nyeb Yéhova a nnem, tò nde Bibel a kòbò ki dzam ya été a sang."
fr,ewo,"« Vous faut-il un commandement pour tout ? » ( La Tour de Garde , 1 er décembre 2003)","“Vous faut-il un commandement pour tout?” ( La Tour de Garde, 1 er décembre 2003)"
fr,ewo,"Comme une carte, notre conscience nous aide à prendre de bonnes décisions.","Ane carte, man mot waan ya nnem a vòli bia na bi nòng mimbembe mintsigen"
fr,ewo,Nous aimons que nos amis soient honnêtes. Jéhovah aussi veut que ses amis le soient. Mais ce n’est pas facile d’être honnête dans un monde où beaucoup de gens ne le sont pas. Quels avantages y a-t-il à être honnête en toutes choses ?,"Bia wog mbeng éyòng bemvoé baan be ne susuo. Yéhova fe a yi na bemvoé boé be tòbò susuo nala. Ve a seki ébugubu na mot a tòbò susuo émò dzi, amu abui bot ba dang ding nkòt. Nde, amu dzé bia yeane tòbò susuo a dzam ase?"
fr,ewo,"Quand nous sommes honnêtes, nous montrons à Jéhovah que nous l’aimons et le respectons. N’oublions pas que Jéhovah voit tout ce que nous pensons et faisons ( ). Quand nous choisissons d’être honnêtes, il le remarque et cela le rend heureux. Sa Parole déclare : « Jéhovah déteste la personne pleine de détours, mais il se fait l’ami intime des hommes droits » ( ).","Éyòng bi ne susuo, bia lere Yéhova na bia ding nyè. Te bia vuene na: Yéhova a yem é dzam ase bia tsog ai é di ase bia bò ( ). Éyòng bia tòb na bia bò susuo, Yéhova a yen ai nala a ve nyè mintak a nnem. Bibel a dzo na: “ékokòt mot é ne nyié abe Yéhova, ve betetele bebot be ne afiri dié” ( )."
fr,ewo,"Jéhovah nous demande : « Dites-vous la vérité l’un à l’autre » ( ). Qu’est-ce que cela signifie ? Quand nous parlons avec notre famille, nos collègues, nos frères et sœurs chrétiens ou les autorités, nous ne mentons pas et nous ne donnons pas de fausses informations. Une personne honnête ne vole pas et n’escroque pas les autres (lire et ). Et elle paie tout ce qu’elle doit à l’État ( ). En résumé, ‘nous nous conduisons bien en toutes choses’ ( ).","Yéhova a ve bia abéndé na: “Kareni bebela mina mina” ( ). Nde hm, nala a tilen ya? Yéhova a yi na bi kat bebela, na bi tòbò susuo éyòng bia lèè ai bot ya nda bot dzaan. Susuo mot ya dzib ki nge a dug é bot bevòk (Langʼa ). A yaane betoya be ngòmena ( ). Bia ve mengul asu yi na “bi nying mbeng a mam mese” ( )."
fr,ewo,"Si nous avons la réputation d’être honnêtes, les autres nous feront confiance. Nous contribuons à l’ambiance familiale et rassurante qui règne dans l’assemblée. Nous avons la conscience nette. Notre honnêteté peut aussi « rehausser [...] la beauté de l’enseignement de notre Sauveur, Dieu » , et donner envie à des gens qui ne font pas partie de l’assemblée de pratiquer eux aussi le vrai culte ( ).","Nge bot ba yem na o ne susuo, ba yi bi afiri ai wò. Nala a yi bò na énying dzaan ai babedzang ya akonda é bò hm ane énying nda bot. Nala a yi fe bò na nnem o bombo bia amieng. Susuo waan a ne dzam “dzamen ayegele Zamba, nkoré waan,” a ve fe é bot bevòk ngong ya ve Zamba mfang ékang ( )."
fr,ewo,"Parlons des effets de notre honnêteté sur Jéhovah et sur nous-mêmes, et voyons comment être honnête dans différents domaines.","Bi tam yen akia ya susuo waan a namba Yéhova ai biabeben, bia yi fe yen abui mezen bi ne bò susuo."
fr,ewo,"Lire et , et discuter de ces questions :","Langʼa , ai yalen minsili mi tsaa mi:"
fr,ewo,"À votre avis, pourquoi n’est-il pas sage de croire qu’on peut cacher la vérité ?","Mfaa woé, amu dzé a seki mbeng ya tsog na bi ne sòli é dzam a ne bebela?"
fr,ewo,"À votre avis, que ressent Jéhovah quand on choisit de dire la vérité même quand ce n’est pas facile ?","Wò yen ya, dzé Yéhova a woren éyòng bia tòb na bia kat bebela tò éyòng nala a seki ébugubu?"
fr,ewo,Beaucoup de gens pensent que l’honnêteté n’est pas toujours avantageuse. Mais voyons pourquoi nous devons être honnêtes tout le temps. Regarder la VIDÉO .,Abui da tsog na a lere susuo abog ase a seki ai nfi. Ve bi tam yen asu dzé bia yeane bò susuo abog ase. Bebege VIDÉO .
fr,ewo,VIDÉO : Ce qui favorise la joie : Une bonne conscience (2:32),VIDÉO: É mam ma sò ai mintak: Mbembe man mot ya nnem (2:32)
fr,ewo,Lire et discuter des façons d’être honnête...,Langʼa ai yene akia afé o ne tòbò susuo . . .
fr,ewo,"avec sa famille,",a nda bot.
fr,ewo,"au travail ou à l’école,",a nda bisié.
fr,ewo,dans d’autres situations.,a bitié bife.
fr,ewo,"Sur le moment, on peut avoir l’impression qu’être honnête nous cause des problèmes. Mais au bout du compte, c’est toujours la meilleure chose à faire. Lire et discuter de cette question :",Bi ne dzam tsog na a bò susuo wa yi bi sò ai mindzug. Ve a memana bia yi yen na a ne mbeng ya bò dò. Langʼa ai yalen a nsili hi:
fr,ewo,Comment l’honnêteté améliore-t-elle votre vie ?,Akia afé a lere susuo a ne dzam tséndé énying dzoé?
fr,ewo,"ON ENTEND PARFOIS : « Un petit mensonge, ce n’est pas très grave. »",ABUI BOT DA DZO NA: “A kat ban minnal wa dang ki abé.”
fr,ewo,"À votre avis, pourquoi Jéhovah déteste-t-il tous les mensonges ?",Mfaa woé asu dzé Zamba a fem minnal mekia mese?
fr,ewo,Jéhovah veut que ses amis soient honnêtes dans tout ce qu’ils disent et dans tout ce qu’ils font.,Yéhova a yi na bemvoé boé be lere susuo waba a mimbòen ai a minkòbò miaba mise.
fr,ewo,Citez quelques façons d’être honnête.,Langʼa mezen mezing ma sili na bi tòbò susuo
fr,ewo,Pourquoi n’est-il pas sage de croire qu’on peut cacher la vérité ?,Amu dzé a ne abé ya tsog na bi ne sòli bebela?
fr,ewo,Pourquoi voulez-vous être honnête tout le temps ?,Amu dzé a ne mbeng na o bò susuo abog ase?
fr,ewo,Comment des parents peuvent-ils apprendre à leurs enfants à être honnêtes ?,Akia afé bebondé be ne yegele bòn baba na be bò é mam me ne susuo?
fr,ewo,Sois véridique (1:44),Kara bebela 1:44
fr,ewo,Quels avantages y a-t-il à tenir ses promesses ?,Nfi mbé o ne nòng éyòng wò dzala meting moé?
fr,ewo,Tenir ses promesses procure des bienfaits (9:09),A dzali anyu doé a sò ai abui bemaa 9:09
fr,ewo,De bonnes raisons de payer nos impôts même si nous estimons qu’ils sont mal utilisés.,Abeng bamu ya yaane toya tò éyòng bia tsog na ba belen ai mòni té abé.
fr,ewo,"« Faut-il payer ses impôts ? » ( La Tour de Garde , 1 er septembre 2011)","“Faut-il payer ses impôts?” ( La Tour de Garde, 1 er septembre 2011)"
fr,ewo,Ce qui a incité un homme malhonnête à changer et à gagner sa vie honnêtement.,"É dzam a nga bò na mbe mot a tséndé, a vengʼen é mot a ne susuo?"
fr,ewo,"« J’ai découvert la miséricorde et le pardon de Jéhovah » ( La Tour de Garde , 1 er mai 2015)","“Jʼai découvert la miséricorde et le pardon de Jéhovah” ( La Tour de Garde, 1 er mai 2015)"
fr,ewo,"Quand un enfant dit la vérité, il fait plaisir à ses parents. Quand nous disons la vérité, nous faisons plaisir à Jéhovah.",Éyòng mòngò a kat bebela a ve bebondé boé nnem mintak. Éyòng bia kat bebela bia ve Yéhova nnem mintak
fr,ewo,Vous êtes-vous déjà inquiété au sujet du travail ou de l’argent ? Ce n’est pas toujours facile de gagner sa vie tout en rendant à Jéhovah le culte qu’il mérite. Mais les conseils de la Bible peuvent nous aider.,Dzam bò na wò kare sangʼen asu é dzam la bebe ésié ngeki mòni. A seki ébugubu na o dzeng na wò nying mbeng o vaa fe Yéhova ékang a yi. Ve melebega me ne a Bibel me ne bi vòli.
fr,ewo,"Dieu veut que nous prenions plaisir à travailler. La Bible dit qu’ « il n’y a rien de mieux pour un homme que [...] de trouver du plaisir dans son dur travail » ( ). Jéhovah travaille dur. En étant travailleurs comme lui, nous lui faisons plaisir et nous éprouvons un sentiment de satisfaction.","Zamba a yi na bi nòng nfi ya ésié bia bò. Bibel a dzo a na “tegè ai dzam da dang mbeng asu mot aloro na . . . a yen mintak a ésié dzié.” Yéhova a sié abui. Éyòng wò sié ane nyè, a ne mintak ai wò, wòmen o ntoa fe mintak."
fr,ewo,"Le travail est important, mais il ne devrait jamais être plus important que le culte que nous rendons à Jéhovah ( ). Dieu promet que si nous le faisons passer, lui, en premier dans notre vie, il nous donnera ce qu’il nous faut pour vivre.","Tò ane ésié é ne nfi, ya dang ki ai nfi aloro ékang bia ve Yéhova ( ). Zamba a ve bia ngaaga na a yi bi ve é mam bia yangʼen ai mò nge bia telé nyè osu énying dzaan."
fr,ewo,"La Bible dit que « l’argent est une protection » mais que ce n’est pas la source du vrai bonheur ( ). Elle nous conseille de ne pas aimer l’argent mais de nous ‘contenter de ce que nous avons’ (lire ). En suivant ce conseil, nous nous évitons les déceptions que connaissent ceux qui en veulent toujours plus. Nous ne nous endettons pas non plus inutilement ( ). Et nous ne tombons pas dans le piège des jeux d’argent ou des projets d’enrichissement rapide.","Bibel a dzo na “mòni a kala mot,” ve a seki nyè ve mfang mintak ( ). A leb fe bia na te bia ding mòni, ve na “bi taag ai abim bi bele” (Langʼa ). Éyòng bia tong melebega meté, bia saala mindzug é ba ba yi na ba bi abui mòni ba toben ai miè. Nde fe bia yi ki nyii a bikola ( ). Bia yi ki ku olam ya dò abia ngeki é hi ya dzeng na bi vol big."
fr,ewo,"Jéhovah est un Dieu généreux, et nous l’imiterons en étant « généreux, prêts à partager » ( ). Nous pouvons faire un bon usage de notre argent en faisant des offrandes pour l’assemblée et en aidant ceux qui en ont besoin, particulièrement nos frères et sœurs chrétiens. Ce qui compte pour Jéhovah, ce n’est pas combien nous donnons, mais ce qui nous incite à donner. Si nous donnons de tout cœur, nous serons heureux et nous ferons plaisir à Jéhovah (lire ).","Mbol Yéhova a ne Zamba akab, bia vu nyè éyòng bia fe bi ne “akab” ( ). Bi ne belen ai mòni waan asu yi na bi bò mimveen akonda, ai asu yi na bi vòli é babedzang be ne a meyangʼen. É dzom Yéhova a bebe é seki abim bia ve, ve é dzam da tindi bia na bi ve. Nge bia ve ai nnem waan ose bia yi tòbò mintak, Yéhova fe a yi tòbò mintak ai bia (Langʼa )."
fr,ewo,Voyons les bienfaits qu’il y a à laisser le travail à sa place et à cultiver le contentement.,Bi tam yen bemaa bi bele éyòng bia telé ésié afola da yeane ai éyòng bia yem taag ai abim bi bele.
fr,ewo,Notre amitié avec Jéhovah devrait influencer notre état d’esprit vis-à-vis du travail. Regarder la VIDÉO et discuter des questions qui suivent.,Amvoé doé ai Yéhova da yi bò na o yen ésié ane émen a yen dzò. Bebege VIDÉO ai yalen minsili mi tsaa mi:
fr,ewo,VIDÉO : Travaillez de toute votre âme pour Jéhovah (4:39),VIDÉO: Siéni ai nnem wân ose asu Yéhova (4:39)
fr,ewo,Qu’avez-vous remarqué à propos de l’état d’esprit et de la conduite de Jason sur son lieu de travail ?,O he yen dzé é bebege étié nnem ai akol dulu Jason a nda ésié dzié?
fr,ewo,Que fait-il pour laisser le travail à sa place ?,Dzé a bò asu yi na a telé ésié afola da yeane?
fr,ewo,Lire et discuter de cette question :,Langʼa ai yalen a nsili hi:
fr,ewo,Pourquoi notre état d’esprit vis-à-vis du travail est-il important ?,Amu dzé étié nnem dzaan é bebege ésié é ne ai nfi?
fr,ewo,"Le travail est important, mais il ne devrait jamais être plus important que le culte que nous rendons à Jéhovah.","Ésié é ne ai nfi, ve ya yeane ki bò nfi abui aloro ékang bia ve Yéhova"
fr,ewo,Beaucoup de gens essayent d’amasser le plus d’argent possible. Mais la Bible nous encourage à avoir un autre état d’esprit. Lire et discuter de cette question :,Abui bot da dzeng na be bi abui bemòni. Ve Bibel a kat bia na bi bi étié nnem ya yeane asu mòni. Langʼa ai yalen a nsili hi:
fr,ewo,Qu’est-ce que la Bible nous conseille de faire ?,Dzé Bibel a leb bia na bi bò?
fr,ewo,Quelqu’un qui a très peu d’argent peut être heureux. Regarder la VIDÉO et discuter de la question qui suit.,Tò é mot a bele ki abui mòni a ne tòbò mintak. Bebege VIDÉO ai yalen minsili mi tsaa mi:
fr,ewo,VIDÉO : « Contentons-nous des choses présentes » (3:20),VIDÉO: “Taag ai abim biem o bele” (3:20)
fr,ewo,Qu’est-ce qui rend ces familles heureuses même si elles sont pauvres ?,Dzé ya bò na é menda mebot ma me tòbò mintak afiangʼen bò mebua?
fr,ewo,Quelqu’un qui a beaucoup d’argent peut en vouloir toujours plus. Jésus a expliqué que cet état d’esprit est dangereux. Lire et discuter de cette question :,Da kare kui na é mot a bele abui bemòni a ke osu na a yi abui. Yésus a nga timi na akia étié nnem té a ne abé. Langʼa ai yalen a nsili hi:
fr,ewo,Qu’avez-vous appris de l’histoire racontée par Jésus ? (voir le ).,Ayegele afé o ne nòng a nlang Yésus a nga lèè? (Bebege .
fr,ewo,Lire et comparer et . Puis discuter de ces questions :,Langʼa o veg fe . Amvus ya été yalen minsili mi tsaa mi:
fr,ewo,"Pour vous, qu’est-ce qui est le plus important : être ami avec Jéhovah ou avoir beaucoup d’argent ? Pourquoi ?","Mfaa woé, dzé ya dang nfi: a bò amvoé ai Yéhova ngeki a bi abui mòni? Amu dzé?"
fr,ewo,Quels problèmes risque-t-on d’avoir si on veut toujours plus d’argent ?,Ndzug mbé bi ne toben ai wò nge bia yi ve na bia bi abui mòni?
fr,ewo,Les problèmes de travail ou d’argent peuvent révéler si nous avons vraiment confiance en Jéhovah. Regarder la VIDÉO pour voir comment nous pouvons surmonter ce genre d’épreuves. Puis discuter des questions qui suivent.,Meyangʼen me ésié ai é ma me mòni me ne lere nge bi bele fò afiri ai Yéhova. Bi tam bebe VIDÉO asu yi na bi yen akia ya bi ne dang kan mindzug mité.
fr,ewo,VIDÉO : Jéhovah pourvoira à nos besoins (6:31),VIDÉO: Yéhova a yi dzali meyangʼen maan (6:21)
fr,ewo,Quelles difficultés le frère a-t-il rencontrées ?,Mindzug mifé madzang a nga toben ai miè?
fr,ewo,Qu’a-t-il fait pour les surmonter ?,Nde a nga bò ya asu yi na a dang miè?
fr,ewo,Lire et discuter de cette question :,Langʼa ai yalen a nsili hi:
fr,ewo,Que promet de faire Jéhovah pour ceux qui lui donnent la priorité dans leur vie ?,Ngaaga fé Yéhova a ve é ba ba telé nyè osu a binying biaba?
fr,ewo,ON ENTEND PARFOIS : « Je dois beaucoup travailler pour nourrir ma famille. Je ne peux pas assister à toutes les réunions de l’assemblée. »,ABUI BOT DA DZO NA: “Ma yeane sié abui asu yi na me tòng nda bot dzama. Me seki dzam tòbò a bikoen bise.”
fr,ewo,Quel verset vous convainc que donner la priorité au culte de Jéhovah est toujours la meilleure décision ?,"Éfus Bibel éfé ya lere wò na, a telé ékang Yéhova osu énying dzaan a ne mbembe ntsigen?"
fr,ewo,"Le travail et l’argent sont nécessaires, mais ils ne devraient jamais nous empêcher de servir Jéhovah.","Ésié ai mòni bi ne ai nfi, ve bia yeane ki kamen ai bia na bi bò Yéhova ésié akia ya da sili."
fr,ewo,Qu’est-ce qui peut vous aider à garder un point de vue équilibré sur le travail ?,Dzé é ne wò vòli na o yem telé ésié dzoé étié ya yeane?
fr,ewo,Quels bienfaits le contentement peut-il vous apporter ?,Bemaa befé o ne bi éyòng wò yem taag ai abim o bele?
fr,ewo,Comment pouvez-vous montrer que vous avez confiance dans la promesse de Jéhovah de prendre soin de ses adorateurs ?,Akia afé o ne lere ndi dzoé é ngaaga Yéhova a ve bia na a yi nòng ngab ai bebò bisié boé?
fr,ewo,La Bible dit-elle que l’argent est mauvais en soi ?,Ye Bibel a dzo na mòni a ne abé?
fr,ewo,« L’argent est-il la racine de tous les maux ? » (article jw.org),“Lʼargent est-il la racine de tous les maux?” (Nlangʼen a jw.org)
fr,ewo,Les dons qui plaisent à Dieu.,Mimveen mia fû Zamba nnem.
fr,ewo,« Donner : qu’en dit la Bible ? » (article jw.org),“Donner: quʼen dit la Bible?” (Nlangʼen a jw.org)
fr,ewo,Les jeux d’argent sont-ils inoffensifs ?,Ye a dò abia o seki abé?
fr,ewo,"« D’après la Bible : Les jeux d’argent » ( Réveillez-vous ! , mars 2015)",“Dʼaprès la Bible: les jeux dʼargent” ( Réveillez-vous! mars 2015)
fr,ewo,Ce qui a poussé un cambrioleur qui s’adonnait au jeu à changer de vie.,É dzam a nga bò na nwuwub o nga be o dò abia o tséndé.
fr,ewo,"« Les courses de chevaux étaient ma passion » ( La Tour de Garde , 1 er novembre 2011)","“Les courses de chevaux étaient ma passion” ( La Tour de Garde, 1 er novembre 2011)"
fr,ewo,"La vie peut être pleine de bons moments. Et même si nous avons des problèmes, nous pouvons toujours apprécier certains aspects de la vie. Comment pouvons-nous montrer que nous accordons de la valeur à la vie ? Et quelle est la raison la plus importante qui nous pousse à le faire ?",Mebog mezing énying dzaan é ne dzam tòbò ndzalen ai mimbembe mimam. Tò bi bele mindzug bi ne dzam bi mintak a mam mezing ya énying. Akia afé bi ne lere na énying é ne édima a mis maan? Ai mfang amu mbé wa tindi bia na bi bò dò?
fr,ewo,"La vie devrait avoir de la valeur à nos yeux parce que c’est un cadeau de Jéhovah, notre Père plein d’amour. Il est « la source de la vie », il a créé toute forme de vie ( ). « C’est lui qui donne à tous la vie et le souffle et toutes choses » ( ). Jéhovah nous donne ce qu’il nous faut pour vivre. Mais il ne fait pas que cela, il fait aussi en sorte que nous prenions plaisir à vivre (lire ).","Énying ya yeane tòbò édima a mis maan amu é ne éfaa Yéhova, Ndinding Ésia waan. A ne “Étam ya énying”​​​—a nga kom kan énying ése ( ). “Émen nnye a ve bot bese énying, ai nhebe ai mam mese.” ( ) Yéhova a ve bia é dzom ése ya sili asu yi na bi nying, a bò fe na bi fon ai énying (Langʼa )."
fr,ewo,"Dès notre conception, notre vie est importante pour Jéhovah. Inspiré par Dieu, David, un de ses adorateurs, s’est adressé à lui en disant : « Tes yeux m’ont vu alors que je n’étais qu’un embryon » ( ). Notre vie a une grande valeur pour Jéhovah (lire ). Il a beaucoup de peine quand quelqu’un met volontairement fin à sa vie * ou à celle d’une autre personne ( ). Jéhovah a aussi beaucoup de peine quand nous mettons inutilement notre vie en danger ou quand nous ne prenons pas de précautions pour protéger la vie des autres. Quand nous prenons soin de notre vie et que nous respectons celle des autres, nous montrons que nous apprécions la vie, ce cadeau de Jéhovah.","A tarigi abog bi nga komben abum étéré, énying dzaan é ne nfi a mis me Yéhova. David, mbò ésié Zamba a nga kòbò bibug bi sò abe Zamba, a nga dzo ai nyè na: “Mis moé me nga yen metari ya ékomega dzama” ( ). Énying dzaan é ne édima abui a mis me Yéhova (Langʼa ). A wog mintié éyòng mot a vang tsig énying dzié a zang, ngeki éyòng a tsig édzi é mot mbòk * ( ). Yéhova a wog mintié abui éyòng bia kala ki énying dzaan ngeki éyòng bia nòng ki okala asu yi na bi kala énying é bot bevòk. Éyòng bia nòng ndzug ai énying dzaan, bi baala fe édzi é bot bevòk bia lere na bia ding énying: éfaa ya sò abe Yéhova."
fr,ewo,Examinons quelques façons de montrer que nous apprécions le don de la vie.,Bi tam yen akia ya bi ne lere na bia ding énying.
fr,ewo,"Quand un chrétien se voue à Jéhovah, il lui offre toute sa vie. C’est comme s’il lui offrait son corps en sacrifice, il doit donc en prendre soin. Lire et discuter de ces questions :","Éyòng kristen ya ve émen nguma abe Yéhova, nala a tilen na a ve nyè énying dzié. É ne ane a tuni nyè nyòl dzié, a yeane hm nòng ndzug ai dzò. Langʼa ai yalen minsili mi tsaa mi:"
fr,ewo,Qu’est-ce qui devrait vous motiver à prendre soin de votre santé ?,Dzé ya yeane wò tindi na o ve mengul asu yi na o bi mvòè ya minson?
fr,ewo,De quelles façons pouvez-vous prendre soin de votre santé ?,Mekia mefé o ne ve mengul asu yi na o bi mvòè ya minson?
fr,ewo,"La Bible encourage à éviter toute action qui pourrait blesser ou tuer quelqu’un, nous y compris. Regarder la VIDÉO pour voir ce que vous pouvez faire pour contribuer à la sécurité de tous.",Bibel a yegele bia na bia yeane saala é dzom ése é ne bali ai a woé mot zing ngeki biabeben. Bebege VIDÉO asu yi na o yen é dzom o ne bò mbol yi na o yem nòng okala ai énying dzoé ai fe édzi é bot bevòk.
fr,ewo,VIDÉO : Soyons attentifs à la sécurité (8:34),VIDÉO: Bò okala a mam mese wò bò (8:34)
fr,ewo,Lire et discuter des façons d’être attentif à la sécurité...,Langʼa ai kara é mam o ne bò asu yi na o yem nòng okala . . .
fr,ewo,"sur son lieu de travail,","a nda bisié dzoé,"
fr,ewo,"quand on fait du sport,","éyòng wò bò bivoé,"
fr,ewo,quand on est en voiture.,éyòng o ne a metua.
fr,ewo,"En termes poétiques, David parle de l’intérêt que Jéhovah porte à la vie et au développement d’un enfant à naître. Lire et discuter de cette question :",David a nga lere a minkòbò mié é mvam Yéhova a bele asu énying ai nnangʼen é mòn a yi biali. Langʼa ai yalen a nsili hi:
fr,ewo,"Pour Jéhovah, la vie d’une personne commence-t-elle à sa conception ou à sa naissance ?","Asu Yéhova, ye énying mot ya tari éyòng a komben abum ngeki éyòng a bialiya?"
fr,ewo,Les lois que Jéhovah avait données au peuple d’Israël protégeaient les mères et leurs enfants à naître. Lire et discuter de ces questions :,Memvéndé Yéhova a nga ve ayòng Israel me nga be me kalega bennyia ai é bòn baba be yige biali. Langʼa ai yalen minsili mi tsaa mi:
fr,ewo,Comment Jéhovah considérait-il une personne qui mettait fin accidentellement à la vie d’un enfant à naître ?,Akia afé Yéhova a nga be a yene é mot a ndziki vang na a woé é mòn a yige biali?
fr,ewo,Qu’aurait-il ressenti si quelqu’un l’avait fait intentionnellement * ?,Dzé a nga be dzam woren asu é mot a vang dò bò? *
fr,ewo,Que pensez-vous du point de vue de Dieu ?,Mfaa woé wò yen ntsogen Zamba té ya?
fr,ewo,Regarder la VIDÉO .,Bebege VIDÉO .
fr,ewo,"VIDÉO : Comme Dieu, accordons de la valeur à la vie (5:00)",VIDÉO: Semegé énying ane Yéhova a semé dzò (5:00)
fr,ewo,"Dans certains cas, même une femme qui accorde de la valeur à la vie peut penser que l’avortement est la seule solution. Lire et discuter de ces questions :","Mebog mezing, tò é mininga a yem na énying é ne édima a ne dzam tsog na a vaa abum ngò o ne mbembe ntsogen. Langʼa ai yalen minsili mi tsaa mi:"
fr,ewo,"Si une femme subit des pressions pour avorter, vers qui peut-elle se tourner pour trouver de l’aide ? Pourquoi ?","Nge ba tindi mininga zing na a vaa abum, a yeane dzeng nvòlen abe za? Asu dzé?"
fr,ewo,"ON ENTEND PARFOIS : « Une femme a le droit d’avorter, elle fait ce qu’elle veut de son corps. »","ABUI BOT DA DZO NA: “Mininga a bele ngul na a vaa abum, a belen ai nyòl dzié akia a yi.”"
fr,ewo,Qu’est-ce qui vous convainc que Jéhovah accorde autant de valeur à la vie d’un enfant à naître qu’à celle de sa mère ?,Dzé ya lere wò na énying é mòn a yi biali ai énying nnyia bise bi ne édima a mis me Yéhova?
fr,ewo,"La Bible nous enseigne que la vie est un cadeau de Jéhovah. Nous devons aimer, respecter et protéger notre vie et celle des autres.","Bibel a yegele bia na énying é ne éfaa Yéhova. Bia yeane ding, bi semé, bi baala fe énying dzaan ai édzi é bot bevòk."
fr,ewo,Pourquoi Jéhovah accorde-t-il de la valeur à la vie humaine ?,Asu dzé énying mot é ne édima a mis me Yéhova?
fr,ewo,Que ressent Jéhovah quand quelqu’un met volontairement fin à la vie d’une autre personne ?,Dzé Yéhova a woren éyòng mot a vang tsig é mot mbòk énying a zang?
fr,ewo,Pourquoi êtes-vous reconnaissant à Jéhovah pour ce cadeau qu’est la vie ?,Asu dzé wò ve Yéhova ngang asu énying a nga ve wò?
fr,ewo,Comment peut-on remercier Jéhovah de nous avoir donné la vie ?,Akia afé bi ne ve Yéhova ngang asu énying a nga ve bia?
fr,ewo,Cantique 141 : Le miracle de la vie (2:41),Dzia 141​—Le miracle de la vie 2:41
fr,ewo,La réponse à la question : une femme qui a avorté peut-elle être pardonnée par Dieu ?,"Éyalen ya nsili, ye Zamba a ne dzam dzu é mininga a nga vaa abum?"
fr,ewo,« L’avortement : qu’en dit la Bible ? » (article jw.org),“Lʼavortement: quʼen dit la Bible?” (Nlangʼen a jw.org)
fr,ewo,Comment le point de vue de Dieu sur la vie peut-il nous aider à bien choisir nos divertissements ?,Akia afé ntsogen Zamba a bele o bebege énying o ne bi dzam vòli na bi tuene tòb mimvomen miaan.
fr,ewo,"« “Sports de l’extrême” : doit-on faire abstraction des risques ? » ( Réveillez-vous ! , 8 octobre 2000)","“‘Sports de lʼextrêmeʼ ​ —doit-on faire abstraction des risques?” ( Réveillez-vous!, 8 octobre 2000)"
fr,ewo,Comment la Bible peut-elle aider une personne qui a des pensées suicidaires ?,Akia afé Bibel a ne dzam vòli é mot a yi na a woé émen?
fr,ewo,« Je veux mourir — Est-ce que la Bible peut m’aider si j’ai des idées suicidaires ? » (article jw.org),“Je veux mourir​—Est-ce que la Bible peut mʼaider si jʼai des idées suicidaires?” (Nlangʼen a jw.org)
fr,ewo,"^ Jéhovah se soucie profondément de ceux qui ont le cœur brisé ( ). Il comprend les sentiments douloureux qui peuvent amener certains à avoir des pensées suicidaires et il veut aider ces personnes. Pour voir comment son aide peut avoir un effet positif, lire l’article « Je veux mourir — Est-ce que la Bible peut m’aider si j’ai des idées suicidaires ? » mentionné dans la rubrique « À découvrir aussi » de cette leçon.","^ Yéhova a mvamen abui ai é bot be ne nnem ndzugen ( ). A wog é mintié mia tindi bot bezing na be bi ntsogen ya woé bòbeben ai a yi na a vòli bot beté. Asu yi na o yen akia ya o ne dzam vòli mot na a bi mimbembe mintsogen, bebege nlangʼen a jw.org o ne nlo adzo na “Je veux mourir​—Est-ce que la Bible peut mʼaider si jʼai des idées suicidaires?” wò yi dzò kòb a ngab ayègè di o ne na “O ne fe bebe”."
fr,ewo,"^ Les personnes qui ont avorté ne devraient pas se sentir écrasées par la culpabilité. Elles peuvent être pardonnées par Jéhovah. Pour plus d’informations, voir l’article « L’avortement : qu’en dit la Bible ? » mentionné dans la rubrique « À découvrir aussi » de cette leçon.","^ Nge mot a nga vaa abum osusua yi na a yem Yéhova, nnem woé wò yeane ki nyè dang ve bidzo. Yéhova a ne nyè dzam dzu. Nge wò yi na o yem abui mam mefe me bebege mvaan abum, langʼa é vom o ne na “Lʼavortement: quʼen dit la Bible?” Éfas nlangʼen té é ne a ngab ayègè di é ne nlo adzo na “O ne fe bebe”."
fr,ewo,"Le sang est indispensable. Sans lui, personne ne pourrait vivre. Dieu est notre Créateur, il a donc le droit de nous dire comment utiliser le sang. Que dit-il à propos du sang ? Peut-on en manger ou être transfusé ? Et comment prendre de bonnes décisions à ce sujet ?","Meki me ne ai nfi abui. Tegè ai mò, mot zing a seki dzam nying. Mbol Zamba nnye a nga kom bia, nnye fe étam a yeane bi kat akia ya bi ne belen ai mò. Nde hm, dzé a yegele bia é bebege meki? Ye bi ne mò dzam di ngeki a nòng mò a minsis? Ai akia afé bi ne dzam nòng mimbembe mintsigen mi bebege meki?"
fr,ewo,"Jéhovah a dit à ses adorateurs de l’époque biblique : « La vie de toute sorte de chair est son sang » ( ). Pour Jéhovah, le sang représente la vie. Or la vie est sacrée parce que c’est un cadeau de Dieu. Le sang lui aussi est donc sacré.","Yéhova a nga kat bebò bisié boé ya osusua na: “énying ya minson mise é ne a meki moé” ( ). A mis me Yéhova, meki me ne énying. A toa fe na, énying é ne édima amu é ne bia éfaa ya sò abe Yéhova. Meki fe me ntoa hm édima."
fr,ewo,Jéhovah a ordonné à ses adorateurs de l’époque préchrétienne de ne pas manger de sang (lire et ). Il a redonné ce commandement aux chrétiens lorsque le collège central leur a demandé de ‘s’abstenir du sang’ (lire ).,Yéhova a nga béndé bebò bisié boé ya osusua abog daan na te ba di meki (Langʼa ). A nga dugen telé bekristen mvéndé té éyòng Tin ékoen é nga béndé na ‘be saala mekiʼ (Langʼa ).
fr,ewo,"Que signifie s’abstenir du sang ? Si un médecin vous demande de vous abstenir d’alcool, vous n’allez pas en boire. Mais est-ce que vous allez manger de la nourriture qui en contient ou vous en injecter dans les veines ? Non, bien sûr. De la même façon, quand Dieu nous demande de nous abstenir de sang, cela signifie que nous ne devons pas en boire, ni manger de la viande qui n’a pas été saignée ou d’aliment dans lequel du sang a été ajouté.","Dzé ya tilen na a saala meki? Nge dòbera a kat wò na o saala meyòk, wò yi ki mò bare nyu se nala? Ve, ye wò yi di é bidi bi ne mbamen ai meyòk ngeki na o yebe na be furi wò mò a minsis? Tegè ai dzom! Dzam deda fe, éyòng Zamba a nga béndé bia na bi saala meki, nala a tilen na bia yeane ki mò nyu nge a di é tsit be ndziki tsig éngòng ngeki na a di é bidi be he bamen ai meki."
fr,ewo,"Que dire de l’utilisation du sang dans le domaine médical ? Certains traitements sont clairement contraires à la loi de Dieu. Il s’agit notamment de la transfusion de sang total ou d’un de ses composants principaux : les globules rouges, les globules blancs, les plaquettes et le plasma. Mais d’autres traitements ne sont pas clairement contraires à la loi de Dieu. Par exemple, des traitements utilisent des fractions d’un des composants principaux du sang. Et des techniques utilisent le sang du patient lui-même. Dans ces cas-là, c’est à chacun de décider ce qu’il fera * ( ).","Dzé bi ne dzam dzo é bebege ébelen meki a dòbera? Mebala mezing ma toben ki ai mvéndé Zamba. Ane éyòng ba furi mot meki a nyòl ngeki ngab dzia ya meki ane beglobule rouge, beglobule blanc, beplaquette ai plasma. Ve mvéndé Zamba ya kili ki mebala mezing a sang sang. Mvulna é ne na, mebala mezing me bele ban bifas ya ba sò a mengab meki. Mevòk ki ma belen ai meki me nkokòn oben. A mezen meté mese, mot ose a yeane nòng ntsigen asu é dzam a yi bò * ( )."
fr,ewo,Voyons comment prendre des décisions concernant l’utilisation du sang dans le domaine médical.,Bi tam yen akia bi ne nòng mintsigen mi bebege akia ya bedòbera ba belen ai meki.
fr,ewo,Comment prendre des décisions qui sont en accord avec le point de vue de Dieu sur le sang ? Regarder la VIDÉO et discuter de l’importance d’appliquer les conseils qui suivent.,"Akia afé bi ne dzam nòng mintsigen mia toben ai akia ya Zamba a yen meki? Bebege VIDÉO , o kat fe nfi ya tong melebega me tsaa ma:"
fr,ewo,VIDÉO : Comment faire des choix médicaux concernant le sang ? (5:47),VIDÉO: Akia afé bi ne nòng mintsigen asu é dzam la bebe meki (5:47)
fr,ewo,Priez pour recevoir de la sagesse ( ).,Kogelen asu yi na o bi feg ( ).
fr,ewo,Recherchez les principes bibliques qui s’appliquent à votre situation ( ).,Dzengʼe é tin memvéndé ya toben ai étié dzoé ( ).
fr,ewo,Renseignez-vous sur les traitements disponibles là où vous vivez.,Dzengʼe na o yem mebala me ne é vom wò nying.
fr,ewo,Identifiez quels traitements sont inacceptables pour vous.,Tòbò mebala o seki dzam yebe.
fr,ewo,Assurez-vous de prendre une décision en accord avec votre conscience * ( ).,Nòngʼò abog ya fas ntsigen wa toben ai man mot ya nnem woé * ( ).
fr,ewo,"Rappelez-vous que personne — pas même votre conjoint, un ancien ou votre enseignant de la Bible — ne devrait vous dire quelles décisions prendre sur des questions de conscience ( ).","Baala na mot zing mfe​—tò é mot mina ai nyè mi ne nlugen, mvendé zing, ngeki é mot mina ai nyè mia yègè Bibel​—a seki nòng ntsigen wa namba man mot woé ya nnem afola doé ( )."
fr,ewo,Mettez par écrit vos décisions.,Manega tili mintsigen mié.
fr,ewo,On peut obéir à la loi de Dieu sur le sang tout en recevant des soins de qualité. Regarder la VIDÉO .,O ne dzam tong mvéndé Zamba a ya bebe meki ve o nòng fe mimfang mebala. Bebege VIDÉO .
fr,ewo,VIDÉO : Interview du professeur Massimo Franchi (1:36),VIDÉO: Minsili be nga sili nyem mam Massimo Franchi (1:36)
fr,ewo,Lire et discuter de cette question :,Langʼa ai yalen a nsili hi:
fr,ewo,Pourquoi devrions-nous coopérer et être aimables avec les professionnels de la santé ?,"Asu dzé bia yeane tòbò osesa, bi tuene fe timi bedòbera étié dzaan?"
fr,ewo,À chaque chrétien de décider,Kristen ése ya yi nòng ntsigen ai émen
fr,ewo,Fractions de plasma,Ban bifas ba sò a plasma
fr,ewo,B. Globules blancs.,B. Beglobule blanc
fr,ewo,Fractions de globules blancs,Ban bifas ba sò a beglobule blanc
fr,ewo,Fractions de plaquettes,Ban bifas ba sò a beplaquette
fr,ewo,D. Globules rouges.,D. Beglobule rouge
fr,ewo,Fractions de globules rouges,Ban bifas ba sò a beglobule rouge
fr,ewo,"Le sang se compose de quatre composants principaux : les globules rouges, les globules blancs, les plaquettes et le plasma. Ces composants contiennent des composants plus petits qu’on appelle « fractions du sang * ». Certaines fractions sont utilisées pour lutter contre des maladies ou stopper les saignements.","Meki me ne ngab ényi​—beglobule rouge, beglobule blanc, beplaquette ai plasma. Mengab meki meté me bele ban mengab befe a ba loé na “fractions du sang (bifas mengab ya meki)” * . Ba belen ai bifas bivòk asu yi na ba sié mekòn mezing ngeki a tsig meki éyòng ma kui abui."
fr,ewo,"Quand il s’agit des fractions du sang, chaque chrétien doit prendre une décision personnelle basée sur sa conscience éduquée par la Bible. Certains décideront peut-être de refuser un traitement ou une technique qui utilise une ou des fractions du sang, alors que d’autres accepteront l’utilisation des fractions.","Éyòng é ne na dòbera a dzo na a ve nkokòn bifas mengab ya meki, kristen ése ya yeane nòng ntsigen ya wa toben ai ayegele Bibel a nga ve man mot woé ya nnem. Bekristen bezing be ne dzam teb na be siében akia té, é ba bevòk ki be yebe, mot ose a bò dò ai feg nnem dzié."
fr,ewo,"Avant de prendre une décision à propos des fractions, demandez-vous :","Osusua yi na wò nòng ntsigen zing o bebege ébelen bifas mengab ya meki, siligi wòmen na:"
fr,ewo,Comment vais-je expliquer à un médecin pourquoi je refuse ou pourquoi j’accepte l’utilisation d’une ou de plusieurs fractions du sang ?,Akia afé ma yi timi dòbera na a tuene yem asu dzé ma yebe ngeki asu dzé ma ben bifas mengab ya meki?
fr,ewo,ON POURRAIT VOUS DEMANDER : « Quel mal y a-t-il à accepter les transfusions de sang ? »,MOT A NE WÒ DZAM SILI NA: “Dzé é ne abé ya nòng meki?”
fr,ewo,Que répondriez-vous ?,Wò yi yalen ya?
fr,ewo,Jéhovah ne veut pas que nous fassions un mauvais usage du sang.,Yéhova a yi ki na bi belen ai meki akia a ne abé.
fr,ewo,Pourquoi le sang est-il sacré pour Jéhovah ?,Asu dzé meki me ne é dzom é ne édima a mis me Yéhova?
fr,ewo,Comment savons-nous que le commandement de Dieu de s’abstenir du sang concerne aussi les transfusions ?,Bia yem ai dzé na é mvéndé Zamba ya dzo na bi saala meki ya bebe fe éyòng dòbera a dzo na a furi wò mò a nsis?
fr,ewo,Qu’est-ce qui vous aidera à prendre de bonnes décisions concernant l’usage médical du sang ?,Dzé ya yi wò vòli na o nòng mimbembe mintsigen mi bebege akia ya bedòbera ba belen ai meki?
fr,ewo,Ce qui devrait influencer vos décisions concernant l’emploi médical de votre sang.,É mam ma yi wò vòli na o nòng mimbembe mintsigen mi bebege akia ya bedòbera ba belen ai meki.
fr,ewo,"« Questions des lecteurs » ( La Tour de Garde , 15 octobre 2000)","“Questions des lecteurs” ( La Tour de Garde, 15 octobre 2000)"
fr,ewo,Ce qu’il faut prendre en compte pour décider d’accepter ou pas les fractions du sang.,É mam wò yeane yem asu yi na o yebe ngeki na o ben nòng bifas mengab ya meki.
fr,ewo,"« Questions des lecteurs » ( La Tour de Garde , 15 juin 2004)","“Questions des lecteurs” ( La Tour de Garde, 15 juin 2004)"
fr,ewo,Qu’est-ce qui a amené un médecin à penser que le point de vue de Jéhovah sur le sang est raisonnable ?,Dzé é nga vòli dòbera zing na a yebe na akia ya Yéhova a yen meki ngò o ne susuo?
fr,ewo,"« J’ai accepté le point de vue de Dieu sur le sang » ( Réveillez-vous ! , 8 décembre 2003)","“Jʼai accepté le point de vue de Dieu sur le sang” ( Réveillez-vous!, 8 décembre 2003)"
fr,ewo,Comment les anciens qui font partie des comités de liaison hospitaliers aident leurs frères et sœurs.,Akia afé é bemvendé be ne a becomité de liaison hospitaliers ba vòli babedzang ai bekal baba.
fr,ewo,Jéhovah soutient ceux qui sont malades (10:23),Yéhova a sug é ba be ne minkokòn 10:23
fr,ewo,"^ Voir la leçon 35 , « Comment prendre de bonnes décisions ».","^ Bebege fe ayègè 35 , “Akia afé bi ne nòng mimbembe mintsigen.”"
fr,ewo,"^ Voir le point 5 , « Les fractions du sang », et la note n o 3 , « Techniques médicales utilisant du sang ».","^ Bebege atòn 5 ya ayègè di, “Bifas ya mengab meki,” ai atòn 3 ya ngab o ne nlo adzo na “É mam wò yeane yem”, “Mezen bedòbera ba belen ai mò asu yi na be sié bot ai meki.”"
fr,ewo,"^ Pour certains médecins, les quatre composants principaux du sang sont des fractions du sang. Il faudra donc peut-être expliquer à votre médecin votre décision personnelle de ne pas accepter de transfusions de sang total ni de globules rouges, de globules blancs, de plaquettes ou de plasma.","^ Bedòbera bezing ba yen na mengab meki menyi ai bifas mengab ya meki bi ne dzam deda. Wò yeane hm tuene timi dòbera woé ntsigen woé a wa bebe nnòngʼen meki. Wò yeane nyè timi amu dzé wò yebe ki na be furi wò meki ngeki ve nyiène beglobule rouge, beglobule blanc, beplaquette ngeki plasma a nyòl."
fr,ewo,"Quand une maman prépare son petit garçon pour l’école, elle veille à ce qu’il soit propre et à ce que ses vêtements soient nets ; elle sait que c’est bon pour sa santé. La propreté de l’enfant indique aussi que ses parents prennent bien soin de lui. De même, notre Père céleste attache beaucoup d’importance à la propreté et à la pureté. En étant propres et purs, nous favorisons notre bien-être physique et moral, et nous faisons honneur à Jéhovah.","Éyòng nnyia a komesen mòn woé asu yi na a ke a zukulu, a bebe nge a ne mfuben ai biyié bié bise; amu a yem na, nala a vòli mòn na a bò mvòè mfaa ya minson. Éyòng mòngò a ne mfuben, nala a lere na bebondé boé ba nòng ndzug ai nyè. Éye fe Ésia waan ya yob a yangʼen na bi tòbò mfuben nala a nyòl ai a nsisim. Éyòng bi ne mfuben a nyòl ai a nsisim nala a vòli bia na bi tòbò mvòè mfaa ya minson ai mfaa ya nsisim, bi nga ve fe Yéhova duma."
fr,ewo,"Jéhovah nous donne cet ordre : « Vous devez être saints » ( ). Être saint, c’est être pur sur le plan moral, mais aussi être propre. Et être propre, c’est se laver, porter des vêtements nets et nettoyer son logement, sa voiture, son jardin, etc. Chacun peut également participer au nettoyage de la salle du Royaume. En étant propres, nous honorons Jéhovah ( ).","Yéhova a ve bia abéndé di na: “mia yeane bò mimfufub” ( ). A tòbò mfufub a tilen na o tòbò mfuben a nyòl ai a nsisim. Ai a tòbò mfuben a nyòl a tilen na o waba, o bòt é biyié bi ne mfuben, o bò fe étòbega dzoé, metua woé, man afub woé ai biem bise bivòk mfuben. Mot ose a ne fe dzam vòli a bò mfuben abaa Édzoé, amu éyòng bi ne mfuben, nala a ve Yéhova duma ( )."
fr,ewo,"La Bible dit clairement : « Purifions-nous de tout ce qui salit la chair et l’esprit » ( ). Cela veut dire que nous devons rejeter tout ce qui peut nous faire du tort sur les plans physique, moral et mental. Pour que nos pensées plaisent à Jéhovah, nous devons à tout prix chasser de notre esprit ce qui ne convient pas ( ). Nous devons aussi surveiller notre façon de parler (lire ).","Bibel a dzo a sang na “mfubugen biabeben mfaa ya mvit ya nyòl ai a nsisim” ( ). Nala a tilen na bia yeane saala é dzom ése é ne bi bò ékòl obak mfaa ya nyòl, a nsisim ai akomoro. Asu yi na mintsogen miaan mi fû Yéhova a nnem, bia yeane ve évak ai ngul ése asu yi na bi tsiren a nlo waan é mam ma yeane ki ( ). Bia yeane fe bò okala ai é mam ma kui bia anyu (Langʼa )."
fr,ewo,"Qu’est-ce qui peut nous rendre impurs ? Certaines substances, comme le tabac ou la drogue, sont clairement nocives. Il faut donc s’en abstenir. Celui qui ne fume pas et qui ne se drogue pas est en meilleure santé et montre du respect pour le don de la vie. Être moralement pur demande aussi de lutter contre l’habitude de se masturber ou de regarder de la pornographie ( ). Il n’est pas facile de se débarrasser de ces pratiques impures, mais nous pouvons compter sur l’aide de Jéhovah (lire ).","Mam mefé me ne bò na bi tòbò mvit? Biem bizing ane taa, nge banga bi ne abé abui. Bia yeane fò biè saala. É mot a nyu ki taa nge banga a ne mvoè mfaa ya minson aloro é nyò a bò dò, a lere fe na énying é ne éfaa é ne édima. A tòbò mfuben a nsisim a tilen fe na a saala mvit mam ya bisok ane a fig nsò woé (masturbation) ngeki mbòen o ne na mot a nòng fulu ya bebe pornographie ( ). A seki ébugubu na bia dzogè mbòen mvit mam meté, ve bi ne dzam bi afiri na Yéhova a yi bi vòli (Langʼa )."
fr,ewo,Voyons pourquoi la propreté honore Jéhovah et comment se débarrasser de pratiques impures.,"Bi tam yen akia afé mfuben wa ve Yéhova duma, ai akia afé bi ne dzam saala mvit mam."
fr,ewo,"Les commandements que Jéhovah a donnés à la nation d’Israël mettent en évidence son point de vue sur la propreté. Lire et , et discuter de ces questions :","Memvéndé Yéhova a nga ve bòn be Israel ma lere akia ya a yen mfuben. Langʼa ai , ai yalen minsili mi tsaa mi:"
fr,ewo,Que nous apprennent ces versets sur la façon dont Jéhovah considère la propreté ?,Dzé bifus bi Bibel bi bia yegele bia é bebege akia ya Yéhova a yen mfuben?
fr,ewo,Quelles mesures d’hygiène sont nécessaires pour être quelqu’un de propre ?,Dzé bia yeane bò asu yi na bi tòbò mfuben?
fr,ewo,"Être propre et nettoyer ses affaires demande du temps et des efforts. Mais c’est à notre portée, quels que soient nos moyens ou l’endroit où nous vivons. Regarder la VIDÉO et discuter de la question qui suit.","Bia yeane nòng abog ai a ve mengul asu yi na bi baala nyòl dzaan ai é biem bia belen ai biè mfuben. Bia bese bi ne kui na bia bò dò, afiangʼen bò na bi ne mebua ngeki é vom bi toa. Bebege VIDÉO , ai yalen a nsili hi:"
fr,ewo,VIDÉO : Dieu aime que l’on soit propre (4:10),VIDÉO: Zamba a ding é bot be ne mfuben (4:10)
fr,ewo,"Si nous sommes propres et ordonnés, que pourront se dire les gens à qui nous prêchons ?","Nge bi ne mfuben, bi yem fe tak é biem bia belen ai biè, dzé é bot bia kat foé be ne dzam tsog?"
fr,ewo,"Quelqu’un qui fume ou qui se drogue sait qu’il est très difficile d’arrêter. Si c’est votre cas, réfléchissez aux répercussions que cette habitude a sur votre vie. Lire et discuter de cette question : Si une personne fume ou se drogue, quel effet cela a-t-il...","É mot a nòng taa nge banga a yem mbeng mbeng na é ne ayié ya kèène ai fulu té. Nge wò fe o tele akia étié té, tsogo akia ya mam meté me ne ndamen énying dzoé. Langʼa ai yalen a nsili hi: Nge mot zing a nòng taa nge banga, akia afé dzam té a ne dzam ndegele . . ."
fr,ewo,sur son amitié avec Jéhovah ?,amvoé dié ai Yéhova.
fr,ewo,sur sa famille et son entourage ?,nda bot dzié ai é bot be toa nyè a ngòra.
fr,ewo,Préparez un plan de bataille * . Regarder la VIDÉO .,Komesen akia ya wò yi lumen ai mbòen té * . Bebege VIDÉO .
fr,ewo,VIDÉO : Comment cultiver la maîtrise de soi ? (2:47),VIDÉO: Akia afé bi ne dzam dzoé biabeben (2:47)
fr,ewo,Lire et discuter de cette question :,Langʼa ai yalen a nsili hi:
fr,ewo,"Quand on mène un combat contre une habitude impure, quel rôle jouent la prière, l’étude de la Bible et les réunions de l’assemblée ?","Éyòng wò lumen ai mvit mam zing, akia afé ngogelen, ayègè Bibel ai bikoen bi ne wò vòli?"
fr,ewo,Lire et discuter de ces questions :,Langʼa ai yalen minsili mi tsaa mi:
fr,ewo,"Pourquoi peut-on dire que la pornographie, le sexting et la masturbation sont des choses impures du point de vue de Jéhovah ?","Asu dzé bi ne dzo na pornographie, sexting, éfigili nsò (masturbation) bi ne é mam me ne mvit a mis me Yéhova?"
fr,ewo,Jéhovah est-il trop exigeant en nous demandant d’être purs sur le plan moral ? Pourquoi ?,"Éyòng Yéhova a dzo ai bia na bi tòbò mfuben mfaa ya nsisim, ye nala a tilen na a sili bia é dzam da lot bia nkong ngaa? Asu dzé?"
fr,ewo,Il est possible de lutter contre des pensées impures. Regarder la VIDÉO .,O ne dzam lumen ai mvit mintsogen. Bebege VIDÉO .
fr,ewo,"VIDÉO : Pour rester purs, passez à l’action (1:51)",VIDÉO: Vaa mengul asu yi na o baala wòmen mfuben (1:51)
fr,ewo,"Pour montrer ce qu’il faut faire pour rester moralement pur, Jésus s’est servi d’un exemple. Lire et discuter de cette question :",Yésus a nga belen ai mvulna zing asu yi na a lere bia é dzom bi ne bò mbol yi na bi tòbò mfuben mfaa ya nsisim. Langʼa ai yalen a nsili hi:
fr,ewo,"Jésus ne voulait pas dire qu’il faut se faire du mal, mais plutôt qu’il faut agir avec détermination. Quelles mesures énergiques peut-on prendre pour chasser des pensées impures de son esprit * ?","Yésus a mbe dzo ki na o bò wòmen é dzam a ne abé, ve na o ve mengul asu yi na o dzogè bebé mimbòen beté. Akia afé o ne ve mengul asu yi na o tsiren mvit mintsogen? *"
fr,ewo,"Si vous menez un combat contre des pensées impures, soyez persuadé que Jéhovah voit vos efforts. Lire et discuter de cette question :","Nge wò lumen ai mvit mintsogen, yem na, Yéhova a yen mengul mese wò ve. Langʼa ai yalen a nsili hi:"
fr,ewo,"Si vous luttez contre une pratique impure, comment ces versets vous encouragent-ils à persévérer dans votre combat ?","Nge wò lumen ai mvit mimbòen mizing, akia afé bifus bi Bibel bi bi ne wò vòli na o ke ai melumen meté osu?"
fr,ewo,"« Comme je n’y arrive pas, autant abandonner ! » C’est ce que se dit parfois celui qui fait une rechute. Mais prenons l’exemple d’un coureur. Ce n’est pas parce qu’il trébuche et qu’il tombe qu’il a forcément perdu la course ou qu’il doit retourner sur la ligne de départ. De même, une rechute ne veut pas dire que vous avez perdu votre combat. Et cela n’annule pas non plus les progrès que vous avez déjà faits. Les rechutes n’ont rien d’anormal. Elles sont même souvent des étapes sur le chemin de la réussite. Alors, n’abandonnez pas ! Avec l’aide de Jéhovah, vous pourrez venir à bout de votre mauvaise habitude.","‘Mbol dzam té da kat ma, mbeng o ne na me dzogèʼ. Éye é mot he a ku a nsem a kare dzo nala. Ve, bi tam nòng mvulna ai é mot a ke mbil. Seki mbol a he kòbela a kuu mbeg ngò bia yi dzo na a dzèèya bivoé bité, ngeki na a yeane dugen ke kèè mbil woé a metari. Dzam deda fe, nge o dugen ku a nsem, bi seki dzam dzo na o kat ya lumen. Ai nala wa tilen ki na mengul mese o veya me maneya fò dzang. A ne dzam kui biyòng bizing na o ku mbeg. Nde hm, te wò ku sòm! Yéhova a yi wò vòli na o kèène ai mbe fulu o bele."
fr,ewo,ON ENTEND PARFOIS : « Je suis tellement accro que je ne peux pas arrêter ! »,"ABUI BOT DA DZO NA: “Me maneya yemen ai fulu té, me seki dzo dzam telé!”"
fr,ewo,"Quel verset citeriez-vous pour montrer qu’avec l’aide de Jéhovah, on peut se débarrasser d’une mauvaise habitude ?",Éfus Bibel éfé wò yi lang a ya lere na Yéhova a yi wò vòli na o kèène ai mbe mbòen zing?
fr,ewo,"En étant propres et en ayant des pensées et une conduite pures, nous honorons Jéhovah.","Éyòng bi ne mfuben mfaa ya nyòl ai mfaa ya nsisim, bia ve Yéhova duma."
fr,ewo,Pourquoi la propreté et la pureté sont-elles si importantes ?,Asu dzé a ne ai nfi na bi tòbò mfuben a nyòl ai a nsisim?
fr,ewo,Qu’implique être propre ?,Dzé ya tilen na a tòbò mfuben?
fr,ewo,Qu’implique avoir des pensées et une conduite pures ?,Dzé ya tilen na a bi mintsogen ai akol dulu a ne mfuben?
fr,ewo,Des mesures d’hygiène faciles à appliquer même si on a des moyens limités.,"É mam bi ne bò asu yi na bi tòbò mfuben, tò bi ne mebua?"
fr,ewo,Santé et hygiène : Le lavage des mains (3:01),Mvòè minson ai mfuben ya nyòl: Nsoben mò 3:01
fr,ewo,Des conseils pratiques pour en finir avec la cigarette.,É mam o ne bò asu yi na o telé nnyuen siga.
fr,ewo,"« Comment arrêter de fumer » ( Réveillez-vous ! , mai 2010)","“Comment arrêter de fumer” ( Réveillez-vous!, mai 2010)"
fr,ewo,Les terribles effets de la pornographie.,Bebé bemam pornographie a sò ai bò.
fr,ewo,"« La pornographie : inoffensive ou dangereuse ? » ( La Tour de Garde , 1 er août 2013)","“La pornographie: inoffensive ou dangereuse?” ( La Tour de Garde, 1 er août 2013)"
fr,ewo,Le combat d’un homme qui était accro à la pornographie.,Nlang mot zing a nga lumen ai pornographie.
fr,ewo,« J’ai échoué bien des fois avant de réussir » ( La Tour de Garde n o 4 2016),“Jʼai échoué bien des fois avant de réussir” ( La Tour de Garde N o 4 2016)
fr,ewo,"^ Dans la rubrique « À découvrir aussi », le dossier « Comment arrêter de fumer » donne des conseils pratiques pour se libérer d’une dépendance.","^ A ngab é ne na “O ne fe bebe”, wò yi yen nlangʼen o ne nlo adzo na “Comment arrêter de fumer”. Été, wò yi yen akia ya o ne telé nnyuen siga, taa, mpkam, nsòn ngeki banga."
fr,ewo,"^ Au sujet de la masturbation, voir le chapitre 25 du livre Les jeunes s’interrogent. Réponses pratiques (volume 1), intitulé « Comment arrêter de me masturber ? ».","^ Asu é dzam da bebe masturbation, bebege ayègè 25 ya kalara Les jeunes sʼinterrogent. Réponses pratiques (Volume 1), o ne nlo adzo na “Comment arrêter de me masturber.”"
fr,ewo,"Avec l’aide de Jéhovah, il est possible de se débarrasser d’une mauvaise habitude.","Ai mvòlen Yéhova, o ne dzam lumen ai mvit mimbòen"
fr,ewo,"Beaucoup de gens éprouvent une certaine gêne à parler de sexualité. La Bible, elle, en parle de manière franche et digne. Ce qu’elle dit à propos de la sexualité est pour notre bien. En effet, Jéhovah est notre Créateur et il sait ce qui est le mieux pour nous. Adopter son point de vue sur la sexualité permet de l’honorer et d’espérer vivre éternellement.","Abui bot ba wog osòn ya kòbò adzo nkeen binòng. Bibel nyè a kòbò dò a sang sang ai dzin ase. É dzom a dzo é bebege adzo ya nkeen binòng é ne asu nfi waan. Yéhova nnye a nga kom bia, a yem fe é dzom é ne mbeng asu daan. Éyòng bia yen mam ane nyè asu é dzam la bebe nkeen binòng, nala té a bò na bi ve nyè duma bi mbele fe afiri ya nying kòm."
fr,ewo,"La sexualité est un cadeau que Jéhovah fait aux personnes mariées. Ce cadeau permet à un homme et une femme d’avoir des enfants, mais aussi d’exprimer l’amour et l’affection qu’ils ont l’un pour l’autre. « Réjouis-toi avec la femme de ta jeunesse » , dit la Bible dans un passage qui parle des relations intimes ( ). Jéhovah veut qu’un mari et une femme soient fidèles l’un à l’autre et qu’ils s’interdisent tout adultère (lire ).","Nkeen binòng o ne éfaa Yéhova a ve belug. Éfaa té ya bò na nnom ban ngal be bié bòn, be lere fe éding be bele a zang dzaba. “Taag ai mininga ya andomen doé” éye Bibel a dzo nala ( ). Yéhova a yi na belug be baala oyili alug waba, be saala fe mbòen bisok ai mot mfe (Langʼa )."
fr,ewo,"La Bible dit que « ceux qui ont une conduite sexuelle immorale [...] n’hériteront pas du royaume de Dieu » ( ). L’expression « conduite sexuelle immorale » est une traduction du mot grec pornéïa . Ce mot désigne 1) les relations sexuelles * entre personnes non mariées, 2) l’homosexualité et 3) la bestialité. Celui qui ‘s’abstient de tout acte sexuel immoral’ en retire des bienfaits et a l’approbation de Jéhovah ( ).","Bibel a dzo na “é ba ba bò mvit mam ya bisok . . . ba yi ki bi ngab Édzoé Zamba” ( ). Mvit mam ya bisok ya sò ai é dzom ba loé na pornéïa a nkòbò greki. Pornéïa a tilen na: (1) nkeen binòng * a zang é bot bebè be seki nlugen, (2) nkeen binòng a zang fam ban fam ngeki a zang mininga ban mininga ai (3) é mot a bò bisok ai tsit. É mot ose ‘a saala mvit mam ya bisokʼ a bi bemaa, a bele fe mvam Yéhova ( )."
fr,ewo,Voyons comment rester pur dans le domaine de la sexualité et les bienfaits que cela apporte.,Bi tam yen akia afé bi ne bò mfuben mfaa ya nkeen binòng ai bemaa ba sò bia été.
fr,ewo,"Joseph, un jeune homme attaché à Dieu, a dû lutter pour rester moralement pur. Lire et discuter de ces questions :","Ndomen mot zing a toa dzoé na Yosep, mbò ésié Yéhova, a nga ve mengul asu yi na a tòbò mfuben mfaa ya nkeen binòng. Langʼa ai yalen minsili mi tsaa mi:"
fr,ewo,Pour quelle raison Joseph a-t-il fui ? (voir le ).,Asu dzé Yosep a nga tub? ( ).
fr,ewo,Pensez-vous que Joseph a pris la bonne décision ? Pourquoi ?,Ye wò tsog na Yosep a nga nòng mbembe ntsigen? Amu dzé?
fr,ewo,Comment les jeunes peuvent-ils imiter Joseph et fuir toute conduite sexuelle immorale ? Regarder la VIDÉO .,Akia afé binanga bi ne vu Yosep ai a saala mvit mam ya bisok? Bebege VIDÉO .
fr,ewo,VIDÉO : Fuyez toute conduite sexuelle immorale (5:06),VIDÉO: Tubu mvit mam ya bisok (5:06)
fr,ewo,Jéhovah demande à tous ses adorateurs de rester purs. Lire et discuter de ces questions :,Yéhova a yi na bebò bisié boé be tòbò mfuben a mezen mese. Langʼa ai yalen minsili mi tsaa mi:
fr,ewo,Quelles situations peuvent amener quelqu’un à commettre un acte sexuel immoral ?,Mam mefé me ne tindi mot na a ku olam mvit mam ya bisok?
fr,ewo,Comment pouvez-vous fuir toute conduite sexuelle immorale ?,Akia afé o ne tub mvit mam ya bisok?
fr,ewo,Résister à la tentation de commettre un acte sexuel immoral demande des efforts. Qu’est-ce qui pourrait rendre cette lutte plus difficile ? Regarder la VIDÉO et discuter de la question qui suit.,Wò yeane ve mengul asu yi na o saala olam ya mbòen mvit mam ya bisok. Dzé é ne bò na dzam té a tòbò ayié? Bebege VIDÉO ai yalen a nsili hi:
fr,ewo,VIDÉO : Dites non à la tentation grâce à la lecture de la Bible (3:02),VIDÉO: Dangʼa mebobela ai zen ya nlangʼen Bibel (3:02)
fr,ewo,Qu’a fait le frère quand il s’est rendu compte que son attitude risquait de le conduire à l’infidélité ?,Dzé madzang a nga bò éyòng a nga yen na mbòen woé o ne nyè tindi na a bò mvit mam ya bisok?
fr,ewo,Même une personne attachée à Dieu doit parfois lutter pour chasser de son esprit des pensées impures. Que faire pour ne pas laisser une pensée immorale s’installer dans notre esprit ? Lire et discuter de ces questions :,Tò é mot a ne mvoé Zamba a yeane ve mengul asu yi na a baala mintsogen mié mfuben. Bi ne bò dzé asu yi na te bia baala mvit mintsogen a nlo waan? Langʼa ai yalen minsili mi mi tsaa mi:
fr,ewo,Quel genre de choses devrait occuper notre esprit ?,Akia mam afé bia yeane kare dang tsog?
fr,ewo,Pourquoi le fait de lire la Bible et d’être bien occupés au service de Jéhovah nous aide-t-il à résister aux tentations ?,Asu dzé nlangʼen Bibel mban ai a bò Yéhova ésié bia vòli bi na te bia ku a mebobela?
fr,ewo,"Jéhovah sait ce qui est le mieux pour nous. Il nous explique ce qu’il faut faire pour rester moralement purs et les bienfaits que cela apporte. Lire ou regarder la VIDÉO , et discuter des questions qui suivent.","Yéhova a yem é dzom é ne mbeng asu daan. A timi bia é dzom bia yeane bò asu yi na bi tòbò mfuben mfaa ya nsisim, ai bemaa nala té wa sò ai bia. Langʼa ngeki na bebege VIDÉO ai yalen minsili mi tsaa mi:"
fr,ewo,VIDÉO : Ne manquons pas de bon sens (9:31),VIDÉO: É mot a bele ki feg (9:31)
fr,ewo,Pourquoi le jeune homme s’est-il retrouvé dans une situation dangereuse ? (voir ).,Dzé é nga bò na énanga mot zing é tebe a mbe étié? (Bebege ).
fr,ewo,"Selon , une conduite sexuelle immorale peut avoir de graves conséquences. Quels problèmes éviterons-nous si nous restons moralement purs ?","Ane kalara a lere, mvit mam ya bisok é ne sò ai abui mindzug. Mindzug mifé bia yi saala nge bia baala étié mfuben dzaan mfaa ya nsisim?"
fr,ewo,Quel rapport y a-t-il entre la pureté morale et l’espoir de vivre pour toujours ?,Élat éfé é ne a zang mfuben ya nsisim ai ndi ya bi énying kòm?
fr,ewo,"Certains pensent que ce que la Bible dit à propos de l’homosexualité manque d’amour. Mais Jéhovah est un Dieu d’amour. Son désir est que tous les humains vivent éternellement. Seulement pour cela, ils doivent suivre ses normes. Lire et discuter de cette question :","Bot bezing ba tsog na, é dzam Bibel a dzo a bebege adzo nkeen binòng a zang fam ban fam ngeki mininga ban mininga a seki ndem éding. Veda Yéhova a ne Zamba éding. Nyien woé o ne na bot bese be bi énying kòm. Asu té nde bia yeane tong mebéndé moé. Langʼa ai yalen a nsili hi:"
fr,ewo,L’homosexualité est-elle le seul comportement que Dieu désapprouve ?,Ye ve nyiène nkeen binòng étam a zang fam ban fam ai mininga ban mininga ngò Zamba a kili?
fr,ewo,"Pour être approuvés par Dieu, nous devons tous faire des changements. Cela en vaut-il la peine ? Lire et discuter de ces questions :","Asu yi na bia bese bi bi mvam Zamba, bia yeane tséndé bebé mefulu baan. Ye nala a ne ai nfi na bi bò dò ngaa? Langʼa ai yalen minsili mi tsaa mi:"
fr,ewo,"À votre avis, les normes morales de Jéhovah sont-elles raisonnables ? Qu’est-ce qui vous fait dire cela ?","Mfaa woé, ye mebéndé me Yéhova me bebege mfuben mfaa ya nsisim me ne susuo ngaa? Asu dzé wò yalen nala?"
fr,ewo,"ON ENTEND PARFOIS : « À partir du moment où deux personnes s’aiment, il n’y a pas de mal à ce qu’elles couchent ensemble. »","ABUI BOT DA DZO NA: “Nge bot bebè ba dingʼen, a seki abé na be fulen énòng.”"
fr,ewo,Que répondriez-vous ?,Wò yi yalen ya?
fr,ewo,La sexualité est un cadeau que Jéhovah fait à un homme et une femme unis par le mariage.,Nkeen ya énòng o ne éfaa Yéhova a ve belug.
fr,ewo,"Selon la Bible, qu’est-ce qu’une conduite sexuelle immorale ?",Dzé Bibel a loé na mvit mam ya bisok?
fr,ewo,Qu’est-ce qui peut nous aider à rejeter tout acte sexuel immoral ?,Dzé é ne bi vòli na bi saala mvit mam ya bisok?
fr,ewo,Quels bienfaits y a-t-il à suivre les normes morales de Jéhovah ?,Bemaa befé bi bele éyòng bia tong mebéndé me Yéhova?
fr,ewo,Les raisons pour lesquelles Dieu veut qu’un homme et une femme qui vivent ensemble soient mariés.,Mam mefé ma lere bia na Zamba a yi na é fam ban mininga ba nying fufulu be tòbò nlugen.
fr,ewo,« Vivre en couple sans être mariés : Qu’en dit la Bible ? » (article jw.org),“Vivre en couple sans être mariés: Quʼen dit la Bible?” (Nlangʼen a jw.org)
fr,ewo,Pourquoi le point de vue de la Bible sur l’homosexualité n’est pas de l’homophobie.,Asu dzé é dzam Bibel a dzo é bebege nkeen binòng a zang fam ban fam ai mininga ban mininga a seki ndem yi na Zamba a sing bò.
fr,ewo,« L’homosexualité : est-ce mal ? » (article jw.org),“Lʼhomosexualité: est-ce mal?” (Nlangʼen a jw.org)
fr,ewo,Pourquoi les lois de Dieu sur la sexualité sont-elles une protection ?,Asu dzé memvéndé me Zamba me bebege nkeen binòng me ne asu nfi waan?
fr,ewo,« Les relations buccogénitales sont-elles vraiment des relations sexuelles ? » (article jw.org),“Les relations buccogénitales sont-elles vraiment des relations sexuelles?” (Nlangʼen a jw.org)
fr,ewo,Ce qui a amené un homosexuel à changer de mode de vie (biographie « Ils ont respecté ma dignité »).,“Ils ont respecté ma dignité”. Yene é dzom é nga bò na é fam zing é karege ke énòng ai befam bevòk é tséndé.
fr,ewo,"« La Bible transforme des vies » ( La Tour de Garde , 1 er avril 2011)","“La Bible transforme des vies” ( La Tour de Garde, 1 er avril 2011)"
fr,ewo,"^ Les rapports buccogénitaux (par la bouche), la sodomie et la masturbation d’un partenaire sont aussi des relations sexuelles.","^ É ba ba nyangʼen minsò ai menyu maba, sodomie ai masturbation (éfigili minsò), mam meté mese me ne mvit mam ya bisok."
fr,ewo,"Comme il l’a fait pour beaucoup d’autres, Jéhovah peut vous aider à changer.",Yéhova a ne wò vòli na o tséndé ane a nga vòli é bot bevòk
fr,ewo,"Dans certaines cultures, les gens pensent que, pour être heureux, il faut être marié. Pourtant, il y a des personnes mariées qui sont malheureuses et des célibataires qui sont heureux. En fait, la Bible dit que le célibat et le mariage sont l’un et l’autre des dons de Dieu.","Abui mevom, bot be bele fulu ya tsog na asu yi na o tòbò mintak, wò yeane tòbò nlugen. Dzam da, belug bezing be ne bingongòl ve minkoé be toa a mintak éteré. Mfaa woé Bibel a lere na, étié nkoé ai alug bise bi ne éfaa Zamba."
fr,ewo,"On lit dans la Bible : « Celui qui se marie fait bien, mais celui qui ne se marie pas fera mieux » (lire ). Pourquoi la Bible dit-elle qu’un célibataire fait « mieux » ? Comme il n’a pas de conjoint, il a en général plus de liberté. Par exemple, il peut plus facilement aller prêcher la bonne nouvelle dans une autre région ou un autre pays. Et surtout, il a souvent plus de temps pour renforcer son amitié avec Jéhovah.","Bia lang a Bibel na: “é mot a lug a bò mbeng, ve ényò a lug ki nnye a dang bò mbeng” (Langʼa ). Asu dzé Bibel a dzo na é mot a ne nkoé nnye “a dang bò mbeng”? Mbol a seki nlugen, a bele abui abog. A ne ébugubu asu dié na a nòng ntsigen ya ke bò ésié ékat foé a nnam mfe ngeki abora si afe. A dang dang fe na, a bele abui abog asu yi na a wono amvoé dié ai Yéhova."
fr,ewo,"Comme le célibat, le mariage a ses avantages. La Bible dit que « deux valent mieux qu’un » ( ). C’est particulièrement le cas lorsque les conjoints appliquent les principes bibliques. Un homme et une femme qui se marient s’engagent à s’aimer et à se respecter. Ils éprouvent donc souvent un sentiment de sécurité plus fort que les couples qui vivent ensemble sans être mariés. Et leur union offre à leurs enfants la possibilité de grandir dans un cadre stable.","Dzam deda ane étié nkoé, alug a bele fe nfi woé. Bibel a dzo na “bot bebè be ne mbeng aloro mbòk” ( ). Nala a dang yené éyòng belug ba baala memvéndé ya Bibel. É fam ai é mininga ba lug, ba nòng ntsigen ya dingʼen ai a bi ésémé a zang dzaba. Minnem mi boo bò a si amieng aloro é ba ba nying fufulu ve tegè ai bò nlugen. Nde fe, élat dzaba ya bò na bòn baba be nying évovoé éteré."
fr,ewo,"Quand Jéhovah a célébré le premier mariage, il a dit : « L’homme quittera son père et sa mère, et il s’attachera à sa femme » ( ). Jéhovah souhaite que mari et femme s’aiment et restent ensemble aussi longtemps qu’ils sont en vie. Il ne permet le divorce que si l’un des conjoints se rend coupable d’adultère. Dans ce cas, Jéhovah donne au conjoint innocent le droit de décider si il ou elle divorcera * ( ). Jéhovah n’autorise pas les chrétiens à être polygames ( ).","Éyòng Yéhova a nga lat alug osu a nga dzo na: “Asu té nde fam ya yi lig ésia ban nnyia a ke lat ai ngal” ( ). Yéhova a yi na fam ai mininga be dingʼen, be baala fe élat dzaba ntié ose be ngene be vee. Yéhova a ne yebe na alug a tsamben nge he nlug mbòk a he bò ngòbinda. Nge nala a kui, Yéhova a ve nlug a ndziki sem ngul yi na a ne tsam alug daba * ( ). Yéhova a yebe ki alug mbama ( )."
fr,ewo,Voyons comment tant les célibataires que les personnes mariées peuvent trouver le bonheur et réjouir Jéhovah.,"Bi tam yen ane minkoé ai belug be ne dzam tòbò mintak, ai a fû Yéhova nnem."
fr,ewo,"Pour Jésus, le célibat était un don ( ). Lire et discuter de cette question :","Asu Yésus, étié nkoé é ne éfaa ( ). Langʼa ai yalen a nsili hi:"
fr,ewo,Comment Jésus a-t-il utilisé le don du célibat pour servir son Père et faire du bien autour de lui ?,Akia afé Yésus a nga belen ai étié nkoé dzié asu yi na a bò Ésia woé ésié a vòligi fe é bot bevòk?
fr,ewo,"Comme Jésus, un chrétien peut trouver de la joie à être célibataire. Regarder la VIDÉO et discuter de la question qui suit.","Ane Yésus, kristen é ne dzam bi mintak étié nkoé dzié. Bebege VIDÉO ai yalen a nsili hi:"
fr,ewo,VIDÉO : Des célibataires fidèles (3:11),VIDÉO: É bekristen be ne minkoé a ba wulu baaba a Yéhova (3:11)
fr,ewo,Dans quelles activités enrichissantes les chrétiens célibataires peuvent-ils s’investir ?,Ye o mbe yeme dò?
fr,ewo,"La Bible ne fixe pas d’âge minimum pour se marier. Elle conseille néanmoins d’avoir passé ce qu’elle appelle « la fleur de la jeunesse », une période de la vie où les désirs sexuels sont forts et risquent de fausser le jugement ( ).",• Bisié bifé bia ve mintak a bekristen be ne minkoé be ne dzam buguben ai biè?
fr,ewo,Le choix d’un conjoint est l’une des décisions les plus importantes de la vie. Lire et discuter de cette question :,A tòb é mot wò yi lug o ne ngul ntsigen dzia wò yi nòng énying dzoé. Langʼa ai yalen a nsili hi:
fr,ewo,Pourquoi un chrétien devrait-il prendre le temps de réfléchir avant de se marier ?,Asu dzé kristen ya yeane nòng abog ya tuene fas osusua yi na a lug?
fr,ewo,"La Bible parle des qualités à rechercher chez un conjoint, le critère principal étant qu’il ou elle aime Jéhovah * . Lire et , et discuter de ces questions :","Bibel a vòli bia na bi yem mimbembe mefulu bia yeane dzeng abe é mot bia yi na bia lug. É fulu osu é toa na, mot té a yeane ding Yéhova nya ndingʼen * . Langʼa , ai yalen minsili mi tsaa mi:"
fr,ewo,Pourquoi devrait-on se marier uniquement avec un adorateur de Jéhovah ?,Asu dzé wò yeane lug ve ai mbò ésié Yéhova?
fr,ewo,"Si un chrétien décide de se marier avec une personne qui n’adore pas Jéhovah, que ressentira Jéhovah ?","Wò yen ya, dzé Yéhova a woren éyòng kristen ya nòng ntsigen na a lug é mot a sié ki nyè?"
fr,ewo,"À une époque en Israël, des hommes divorçaient pour des raisons égoïstes. Lire et discuter de cette question :","A nga kui abog zing ayòng Israel na, befam be tsam melug akia ba ding. Langʼa ai yalen a nsili hi:"
fr,ewo,Pourquoi Jéhovah déteste-t-il que l’on divorce pour des raisons non valables ?,Asu dzé Yéhova a kili na te ba tsam alug asu bamu be seki a Bibel?
fr,ewo,Regarder la VIDÉO et discuter de la question qui suit.,Bebege VIDÉO ai yalen a nsili hi:
fr,ewo,VIDÉO : Le mariage : un lien permanent (4:30),VIDÉO: Alug: élat ya tòbò akelkui awu (4:30)
fr,ewo,"Si vous êtes marié avec quelqu’un qui n’adore pas Jéhovah, que pouvez-vous faire pour réussir votre vie de couple ?","Nge o ne nlugen ai é mot a sié ki Yéhova, dzé o ne dzam bò asu yi na alug doé a wulu mbeng?"
fr,ewo,Se plier aux exigences de Jéhovah concernant le mariage réclame parfois beaucoup d’efforts * . Mais celui qui y obéit peut compter sur la bénédiction de Jéhovah. Regarder la VIDÉO .,"Mbol yi na o tong memvéndé me Yéhova me bebege alug, da sili na o ve mengul * . Ve é mot a tong mò a yi bi bemaa ba sò abe Yéhova. Bebege VIDÉO ."
fr,ewo,VIDÉO : Ils ont conformé leur vie aux exigences de Jéhovah sur le mariage (4:14),VIDÉO: O ne tong memvéndé me Yéhova asu é dzam la bebe alug (4:14)
fr,ewo,Lire et discuter de ces questions :,Langʼa ai yalen minsili mi tsaa mi:
fr,ewo,Les normes de Jéhovah sur le mariage sont-elles raisonnables ? Qu’est-ce qui vous fait dire cela ?,Ye memvéndé me Yéhova me bebege alug me ne susuo? Asu dzé wò dzo nala?
fr,ewo,"Dans la plupart des pays, il existe des lois concernant l’enregistrement des mariages et des divorces. Jéhovah demande aux chrétiens de se soumettre à ces lois. Lire et discuter de cette question :","Abui minnam, memvéndé me ne a ma bebe élat melug ai ntsamen melug. Yéhova a yi na bekristen be baala memvéndé meté. Langʼa ai yalen a nsili hi:"
fr,ewo,"Si vous êtes marié, vous êtes-vous assuré que votre mariage est officiellement enregistré auprès des autorités civiles ?","Nge o ne nlugen, ye ngòmena a yem fò alug doé ngaa?"
fr,ewo,ON POURRAIT VOUS DEMANDER : « Pourquoi est-ce qu’il faut se marier ? On ne peut pas juste vivre ensemble ? »,MOT A NE WÒ DZAM SILI NA: “Asu dzé bia yeane lug? Ye bi seki dzam tòbò nala?”
fr,ewo,Que répondriez-vous ?,Wò yi yalen ya?
fr,ewo,Le célibat et le mariage sont des dons de Jéhovah. L’un et l’autre peuvent être une source de joie si on suit les principes de Jéhovah.,Étié nkoé ai é dzi alug bi ne éfaa ya sò abe Yéhova. Bi ne dzam bi mintak a bitié bité bibè nge bia tong memvéndé me Yéhova.
fr,ewo,Comment un ou une célibataire peut-il tirer profit de sa situation ?,Akia afé é mot a ne nkoé a ne dzam nòng nfi étié dzié?
fr,ewo,Pourquoi la Bible dit-elle de se marier uniquement avec un adorateur de Jéhovah ?,Asu dzé Bibel a dzo na o lug ve nyène ai é mot a sié Yéhova?
fr,ewo,Quel est le seul motif biblique de divorce ?,Bibel a lere na dzé étam é ne bò na mot a tsam alug?
fr,ewo,Ce que veut dire « se marier seulement avec un disciple du Seigneur ».,Dzé ya tilen na a lug ve “abe Nti”?
fr,ewo,"« Questions des lecteurs » ( La Tour de Garde , 1 er juillet 2004)","“Questions des lecteurs” ( La Tour de Garde, 1 er juillet 2004)"
fr,ewo,De bons conseils sur les fréquentations et le mariage dans une vidéo en deux parties.,Bebege abeng melebega Bibel a ve me bebege alug é vidéo é ne mengab mebè nyi.
fr,ewo,Se préparer au mariage (11:53),Se préparer au mariage 17:05
fr,ewo,Comment Jéhovah a récompensé un frère qui a fait des choix courageux.,Yene akia ya Yéhova a nga maa é madzang a nga tòbò azombo.
fr,ewo,J’espérais qu’elle accepterait d’étudier la Bible (1:56),Me mbe firigi na a yi kèène yebe ayègè Bibel 1:56
fr,ewo,À quoi faut-il réfléchir avant d’envisager un divorce ou une séparation ?,Dzé wò yeane tam fas osusua yi na wò tsam alug nge a kèène ai é mot mina ai nyè mi ne nlugen?
fr,ewo,"« Honore “ce que Dieu a uni” » ( La Tour de Garde , décembre 2018)","“Honore ‘ce que Dieu a uniʼ” ( La Tour de Garde, décembre 2018)"
fr,ewo,^ La note n o 4 mentionne les raisons pouvant justifier une séparation même s’il n’y a pas d’adultère.,^ Bebege atòn 4 ya ngab é ne nlo adzo na “É mam wò yeane yem” a da lere bamu be ne bò na belug be tam kèène tò mbòk ya abe bò a ndziki bò ngòbinda.
fr,ewo,"^ Dans les cultures où ce sont les parents qui choisissent le conjoint de leurs enfants, des parents attentionnés se demanderont avant tout si le futur conjoint aime Jéhovah. L’argent ou le statut social ne seront pas leurs préoccupations principales.","^ Bevom bebondé mbò ba yeane tòb é mot a yi lug mòn waba, ba yeane tari dzeng na be yem nge mot té a ding Yéhova. Ba yeane ki dang bebe é mòni ai akuma mot té a bele ngeki nkong woé."
fr,ewo,"^ Si vous vivez avec quelqu’un sans être marié, c’est à vous de décider si vous allez rompre ou vous marier.","^ Nge o toa ai é mot mina ai nyè mi seki nlugen, wò wò yeane nòng ntsigen nge wò yi kèène ai nyè ngeki na mina yi lug."
fr,ewo,"Si on associe deux animaux très différents, tous les deux souffrent. De même, se marier avec quelqu’un qui n’adore pas Jéhovah, c’est s’exposer à bien des problèmes.","Nge ba bamen betsit ba selen mengul, ése ébè ya dzugi. Dzam deda fe nge wò lug ai é mot a sié ki Yéhova, wò yi dzugi"
fr,ewo,L’adultère et le divorce entraînent beaucoup de souffrances.,Ngòbinda ai ntsamen alug bia zu ai abui mindzug
fr,ewo,Tout le monde ne considère pas l’alcool de la même façon. Certains aiment boire un verre de temps en temps avec des amis. D’autres choisissent de ne pas boire du tout. D’autres encore boivent jusqu’à l’ivresse. Que dit la Bible au sujet de l’alcool ?,Mot ose a yen ki adzo ya meyòk akia deda. Bot bevòk ba ding be nyaa man abim meyòk zing ai bemvoé baba. É ba bevòk ba ben fò nyu meyòk. Befe ba nyu nnemena akui ane ba sòag. Dzé Bibel a dzo é bebege dzam ya meyòk?
fr,ewo,"La Bible n’interdit pas de boire. Au contraire, elle dit que parmi les nombreux cadeaux que Dieu a faits aux humains, il y a « le vin qui réjouit le cœur de l’homme » ( ). Elle dit même que certains adorateurs fidèles de Jéhovah consommaient des boissons alcoolisées ( ).","Bibel a kili ki nnyuen meyòk. A dzo ben na, a bifaa bise Zamba a nga ve bòn bebot, “wain a ve nnem mot mintak” ( ). A lere fe bia na bebò bisié be Zamba ya osusua be karege fe nyu meyòk ( )."
fr,ewo,"Jéhovah condamne l’ivresse et l’ivrognerie ( ). Sa Parole déclare : « Ne te trouve pas parmi ceux qui boivent trop de vin » ( ). Donc, si nous décidons de boire — même en privé —, nous ne boirons pas au point de ne plus penser clairement, de ne plus maîtriser nos paroles et nos actions, ou de nuire à notre santé. Et si nous n’arrivons pas à contrôler notre consommation, le mieux serait de choisir de ne plus boire du tout.","Yéhova a kili nsòane meyòk ai nnemena nnyuen ( ). Émen a dzo a Bibel na: “Te wò tòbò a nsamba benyu be wain ( ). Nde hm, nge o tòb na wò nyu meyòk​—tò o ne étam​—wò yeane ki nyu akui ane wò dzèè feg, tegè fe bare fial minkòbò ai mimbòen mié, ngeki na o nga kèène ke kòn. Ai nge wò woren na o seki dzam dzoé wòmen, nfi o ne na o telé nnyuen meyòk."
fr,ewo,"Boire ou non est une décision personnelle. Alors si quelqu’un décide de boire avec modération, nous devons respecter son choix. Si quelqu’un décide de ne pas boire, nous ne devrions pas insister pour qu’il le fasse ( ). Et si le fait de nous voir boire risque de poser problème à quelqu’un, nous nous abstiendrons de boire (lire ). Nous cherchons « non pas [notre] avantage personnel, mais celui de l’autre » (lire ).","A nyu ngeki a kili nnyuen meyòk wa bebe mot émen. Nde hm nge mot zing a nòng ntsigen na a nyu meyòk abim da yeane, bia yeane dò yebe. Nge mot zing a nòng ntsigen na a nyu ki meyòk, bia yeane ki nyè bi obila ( ). Ai nge nnyuen bia nyu meyòk wa bò é bot bevòk ékòl obak, bia yeane telé nnyuen (Langʼa ). Bia yi bò nala amu Bibel a leb bia na “te mot a dzeng he mbeng woé émen, ve mbeng ya abe é mot mbòk” (Langʼa )."
fr,ewo,"Examinons des principes bibliques qui vous aideront à décider si vous boirez ou non, et si oui, en quelle quantité. Voyons aussi ce que vous pouvez faire si vous luttez contre un problème avec l’alcool.","Bi tam yen é tin memvéndé ya Bibel ya yi bi vòli na bi nòng ntsigen ya nyu meyòk nge tegè. Ai nge bia tsig na bia nyu meyòk, abim afé bia yeane mò nyu? Bia yi fe yen é dzom bi ne bò nge bia lumen ai fulu nnemena nnyuen meyòk."
fr,ewo,"Comment Jésus considérait-il l’alcool ? Pour le savoir, parlons du premier miracle qu’il a accompli. Lire et discuter de ces questions :","Akia afé Yésus a nga be yene nnyuen meyòk? Asu yi na bi yem dò, bi tam yen asimba osu a nga bò. Langʼa ai yalen minsili mi tsaa mi:"
fr,ewo,Qu’est-ce que ce miracle nous apprend sur la façon dont Jésus considère l’alcool et ceux qui en consomment ?,Asimba té la lere bia dzé é bebege akia Yésus a yen meyòk ai é ba ba nyu mò?
fr,ewo,"Puisque Jésus n’interdit pas de boire, comment un chrétien devrait-il considérer quelqu’un qui décide de boire ?","Mbol Yésus a kili ki bia na bi nyu meyòk, akia afé kristen ya yeane yen é mot a nòng ntsigen na a nyu meyòk?"
fr,ewo,"La Bible autorise donc un chrétien à boire de l’alcool. Mais dans certains cas, il sera plus sage de ne pas boire. Lire et discuter de la façon d’appliquer le principe qu’il contient aux situations suivantes :","Bibel a lere na kristen é ne dzam nyu meyòk, ve mebog mevòk a yeane mò saala. Langʼa ai yene akia ya o ne dzam tong tin mvéndé té é bitié bi tsaa bi:"
fr,ewo,Vous allez conduire un véhicule ou utiliser une machine.,Wò yi duru metua nge a belen ai nsina.
fr,ewo,Vous êtes enceinte.,O ne abum.
fr,ewo,Un médecin vous a recommandé de ne pas boire.,Dòbera a nga kili wò meyòk.
fr,ewo,Vous avez du mal à maîtriser votre consommation.,O seki dzam dzoé wòmen mfaa ya meyòk.
fr,ewo,La loi ne vous autorise pas à boire de l’alcool.,Mvéndé ya nnam o toa ya kili nnyuen meyòk.
fr,ewo,Vous êtes avec quelqu’un qui a choisi de ne pas boire parce qu’il a eu des problèmes avec l’alcool dans le passé.,O ne nsamba ai é mot a nòng ntsigen na a nyu ki fe meyòk amu a nga toben ai mindzug asu nnemena nnyuen meyòk.
fr,ewo,"Devriez-vous servir de l’alcool à une fête, par exemple à un mariage ? Avant de répondre à cette question, regarder la VIDÉO .","Ye wò yeane ve bot meyòk amos abok, ane abok alug? Osusua yi na wò yalen nsili té, bebege VIDÉO ."
fr,ewo,VIDÉO : Devrais-je servir de l’alcool ? (2:41),VIDÉO: Ye ma yeane ve bot meyòk? (2:41)
fr,ewo,"Lire et . Après avoir lu chaque passage, discuter de cette question :","Langʼa . Amvus nlangʼen, yalen a nsili hi:"
fr,ewo,Comment ce principe peut-il vous aider à prendre une décision qui plaira à Jéhovah ?,Akia afé é tin mvéndé nyi é ne wò vòli na o nòng ntsigen wa yi fû Yéhova nnem?
fr,ewo,"Si vous choisissez de boire, rappelez-vous que, même si Jéhovah nous autorise à boire, il condamne l’abus d’alcool. Pourquoi ? Lire et discuter de cette question :","Nge o nòng ntsigen na wò nyu meyòk, te wò vuen na, tò nde Yéhova a ve bia ngul na bi nyu meyòk, a kili nnemena nnyuen. Asu dzé? Langʼa Oséas 4:11, 18 ai yalen a nsili hi:"
fr,ewo,Que peut-il arriver à quelqu’un qui boit trop ?,Dzé é ne dzam toben ai é mot a nyu nnemena?
fr,ewo,Comment éviter de boire trop ? Il faut être modeste et conscient de ses limites. Lire et discuter de cette question :,Akia afé bi ne saala nnemena nnyuen meyòk? Bia yeane yem minnyié miaan ai a yem dzoé biabeben. Langʼa ai yalen a nsili hi:
fr,ewo,Pourquoi est-il bien de fixer une limite à la quantité d’alcool qu’on s’autorise à boire ?,Asu dzé bia yeane telé nnyié asu abim meyòk bia yeane nyu?
fr,ewo,"Pour voir ce qui a aidé un homme à vaincre sa dépendance à l’alcool, regarder la VIDÉO . Puis discuter des questions qui suivent.","Asu yi na o yem é dzom é nga vòli mot zing na a koro étié olò ya meyòk, bebege VIDÉO . Amvus ya été, yalen minsili mi tsaa mi:"
fr,ewo,VIDÉO : « Je ne supportais plus ma façon de vivre » (6:32),VIDÉO: ‘Me mbe tege fe dzibi é kan énying me nyingʼiʼ (6:32)
fr,ewo,Quel effet l’alcool avait-il sur Dmitry ?,Mindzug mifé Dmitry a nga toben ai miè amu nnemena nnyuen meyòk?
fr,ewo,A-t-il réussi à arrêter de boire du premier coup ?,Ye a nga telé nnemena nnyuen té étié étié?
fr,ewo,Qu’est-ce qui l’a aidé à vaincre définitivement son addiction ?,Dzé é nga vòli nyè na a kèène ai mbe fulu té?
fr,ewo,Lire et discuter de ces questions :,Langʼa ai yalen minsili mi tsaa mi:
fr,ewo,Quelle conséquence grave l’abus d’alcool peut-il avoir ?,Ndzug mbé nnemena nnyuen meyòk o ne dzam sò ai wò?
fr,ewo,Qu’est-ce qui montre que quelqu’un qui abuse de l’alcool peut changer ?,Dzé ya lere na é mot a ne olò ya meyòk a ne dzam tséndé?
fr,ewo,Lire et discuter de cette question :,Langʼa ai yalen a nsili hi:
fr,ewo,L’expression « se couper la main » laisse entendre qu’il faut faire des sacrifices pour plaire à Jéhovah. Que pouvez-vous faire si vous luttez contre un problème avec l’alcool * ?,"Éyòng Yésus a nga dzo na ‘o tsig wòʼ nala wa tilen na, wò yeane kèène ai mam mezing nge a saala mò asu yi na o fû Yéhova nnem. Dzé wò yeane bò nge wò lumen ai fulu nnemena nnyuen meyòk? *"
fr,ewo,Lire et discuter de cette question :,Langʼa ai yalen a nsili hi:
fr,ewo,Quelle influence vos amis peuvent-ils avoir sur votre consommation d’alcool ?,Akia afé bemvoé boé be ne dzam bò na o nnemena nyu meyòk nge tegè?
fr,ewo,ON POURRAIT VOUS DEMANDER : « Est-il mal de boire de l’alcool ? »,MOT A NE WÒ DZAM SILI NA: “Ye nnyuen meyòk o ne abé?”
fr,ewo,Que répondriez-vous ?,Wò yi yalen ya?
fr,ewo,"Jéhovah a prévu que l’alcool nous apporte un certain plaisir, mais il condamne les abus et la dépendance.","Yéhova a yi na meyòk me ve bia mintak a nnem, ve a kili nnemena nnyuen meyòk ai étié olò ya meyòk."
fr,ewo,Que dit la Bible au sujet de l’alcool ?,Dzé Bibel a yegele é bebege adzo meyòk?
fr,ewo,Quels dangers y a-t-il à trop boire ?,Mam mefé nnemena nnyuen meyòk a zu ai mò?
fr,ewo,Comment devrions-nous considérer les décisions des autres à propos de l’alcool ?,Akia afé bia yeane yen mintsigen é bot bevòk ba nòng mi bebege adzo meyòk?
fr,ewo,Comment un adolescent peut-il faire de bons choix en ce qui concerne l’alcool ?,Akia afé énanga é ne dzam nòng mimbembe mintsigen mi bebege meyòk
fr,ewo,"Boire ou pas : dans tous les cas, pense aux dégâts ! (2:31)",Tuene fas osusua yi na wò nyu meyòk 2:31
fr,ewo,Des idées pratiques qui peuvent aider quelqu’un à vaincre ses problèmes avec l’alcool.,Melebega me ne dzam vòli mot na a telé nnyuen meyòk.
fr,ewo,"« Quelle place l’alcool a-t-il dans votre vie ? » ( La Tour de Garde , 1 er janvier 2010)","“Quelle place lʼalcool a t-il dans votre vie?” ( La Tour de Garde, 1 er janvier 2010)"
fr,ewo,Quand et comment les parents devraient-ils parler de l’alcool à leurs enfants ?,Ye kristen ya yeane toben élè meyòk dzié ai é dzi é mot mbòk?
fr,ewo,« Parler d’alcool à son enfant » (article jw.org),"“Questions des lecteurs” ( La Tour de Garde, 15 février 2007)"
fr,ewo,Ce qui a aidé un alcoolique à vaincre sa dépendance (biographie « J’étais une barrique sans fond »).,Dzé é nga vòli é mot a nga be olò ya meyòk na a kèène ai mbe fulu té?
fr,ewo,"« La Bible transforme des vies » ( La Tour de Garde , 1 er mai 2012)","“La Bible transforme des vies” ( La Tour de Garde, 1 er mai 2012)"
fr,ewo,"^ Quelqu’un qui veut vaincre sa dépendance à l’alcool aura peut-être besoin de l’aide d’un professionnel. De plus, de nombreux médecins recommandent à ceux qui ont eu un problème avec l’alcool de ne plus boire du tout.","^ É mot a yi na a kèène ai étié olò ya meyòk a yi yeane yangʼen ai nvòlen bedòbera. Nde fe, bedòbera bezing ba dzo ai é bot be nga bi mindzug mi tii ai meyòk na te ba bare mò namba."
fr,ewo,"C’est à chaque chrétien de décider s’il boira de l’alcool ou non. Et même si parfois il en boit, à d’autres moments il préférera peut-être ne pas en boire.","Kristen ése ndzò ya yeane nòng ntsigen ya nyu meyòk nge tegè. Tò nde a kareya sò a nyu meyòk, mebog mevòk a ne tsig na a nyu ki mò"
fr,ewo,Jéhovah veut que nous profitions de la vie et que nous ayons des moments de fête. Mais toutes les fêtes lui plaisent-elles ? Comment pouvons-nous montrer notre amour pour Jéhovah dans ce domaine ?,"Yéhova a yi na bi taag ai énying, bi bò fe mebok. Ndò hm, ye a wog mebok mese mbeng? Akia afé bi ne dzam lere na bia ding Yéhova éyòng bia dzemé mebok mezing?"
fr,ewo,Vous serez probablement surpris d’apprendre que de nombreuses fêtes sont contraires aux enseignements de la Bible ou ont des origines païennes. Certaines ont un lien avec le spiritisme ou avec l’idée que l’âme est immortelle. D’autres sont basées sur la superstition ou la croyance en la chance ( ). On comprend donc pourquoi Jéhovah donne cet avertissement à ses adorateurs : « Séparez-vous [...] et ne touchez plus la chose impure * » ( ).,"Wò yi yeane kam dzam té éyòng wò yi yen na abui mebok da toben ki ai minyegelen ya Bibel, ngeki na me tii ai metum mebot. Mevòk me tii ai mam me mvigi, abog zing ma yegele na mot a bele dzom zing a nyòl a ya ke osu ya nying amvus awu dié. É ma mevòk ma sò a zeze mintsogen mibot, ngeki ai dzam mvòm ( ). Asu té nde Yéhova a bemé Beboala boé na: “mi kèène ai bò . . . te mina namba é dzom é ne mvit” ( ). *"
fr,ewo,"Jéhovah nous dit qu’il est dangereux de faire « confiance à de simples humains » (lire ). Certaines fêtes honorent des dirigeants politiques ou des soldats. D’autres célèbrent des emblèmes nationaux ou l’indépendance d’un pays ( ). D’autres encore rendent hommage à des mouvements sociaux ou politiques. Que ressentirait Jéhovah si nous accordions un honneur déplacé à une personne ou à une organisation, surtout si celle-ci défend des idées contraires à son projet ?","Yéhova a dzo ai bia na a ne abé ya “ve [bòn be] bot afiri daan” (Langʼa ). Mebok mezing ma lugu betebe be osu ya bidzoé ngeki bezimbi. É ma mevòk ma ngemé mendem ya minnam ngeki fili ya nnam zing ( ). Bot ba dzemé abui mebok mefe asu bikoen bi politik ai mendzogoro ya nnam. Dzé Yéhova a yi woren nge bia ve mot ngeki étogen olugu da yeane ki, a dang dang nge ba ngoné ki nsongʼen ya Yéhova a bele?"
fr,ewo,"La Bible condamne ‘l’ivrognerie, les fêtes débridées et les soûleries’ ( ). Certaines fêtes encouragent les excès ou les actes sexuels immoraux. Pour rester l’ami de Jéhovah, il faut se tenir loin de toutes ces choses impures.","Bibel a kili “nsòan bilam, mebok me bele é mam me ne nyié, mebok menyu” ( ). Mebok mezing ma tindi bot na be bò mam aloro akia ya ba yeane bò ngeki mvit mam ya bisok. Asu yi na o tòbò amvoé ai Yéhova wò yeane saala mvit mimbòen mité."
fr,ewo,Voyons comment faire plaisir à Jéhovah en prenant de bonnes décisions par rapport aux fêtes.,Bi tam yen akia bi ne fû Yéhova nnem éyòng bia nòng mimbembe mintsigen mi bebege mebok.
fr,ewo,Lire et discuter de ces questions :,Langʼa ai yalen minsili mi tsaa mi:
fr,ewo,"Avant de décider si on participera à une fête ou non, que faut-il vérifier ?","Osusua yi na wò nòng ntsigen na wò tòbò abok zing, dzé wò yeane tam fòmbò?"
fr,ewo,Quelles fêtes les gens célèbrent-ils là où vous vivez ?,Mebok mefé bot ba dzemé é vom o toa?
fr,ewo,"À votre avis, ces fêtes plaisent-elles à Jéhovah ?","Wò wò yen ya, ye Yéhova a ding mebok meté?"
fr,ewo,"Par exemple, vous êtes-vous déjà demandé ce que Dieu pense des anniversaires de naissance ? Dans la Bible, on ne trouve aucun récit où un adorateur de Jéhovah fête son anniversaire. Par contre, elle raconte les anniversaires de deux personnes qui n’adoraient pas Jéhovah. Lire et , et discuter de ces questions :","Ye o tameya sili wòmen abog zing na dzé Yéhova a tsog asu mebok me abiali? Bibel a lere ki bia na mbò ésié Yéhova zing a nga dzemé abok abiali dié, veda a lèè bia mebok me abiali me bot bebè ya be nga be lugu ki Yéhova. Langʼa . Amvus ya été, yalen minsili mi tsaa mi:"
fr,ewo,Quel est le point commun entre ces deux anniversaires ?,Éfulen éfé é ne a zang mebok me abiali meté mebè?
fr,ewo,"À votre avis, qu’est-ce que ces récits nous apprennent sur la façon dont Jéhovah considère les anniversaires ?","Mfaa woé, dzé minlang mité mia yegele bia é bebege akia ya Yéhova a yen mebok me abiali?"
fr,ewo,"Mais vous vous demandez peut-être si, pour Jéhovah, il est vraiment grave de participer à un anniversaire ou à une autre fête contraire aux enseignements de la Bible ? Lire . Puis regarder la VIDÉO et discuter des questions qui suivent.","Ve abog zing, wò yeane sili wòmen nge a mis me Yéhova a ne fò abé na o dzemé mebok me abiali ngeki mebok mefe a ma toben ki ai minyegelen ya Bibel. Langʼa . Amvus ya été bebege VIDÉO ai yalen minsili mi tsaa mi:"
fr,ewo,VIDÉO : Des fêtes et des coutumes qui déplaisent à Dieu (5:07),VIDÉO: Mebok ma nyeb ki Zamba a nnem (5:07)
fr,ewo,Pourquoi est-il important de vérifier si une fête plaît à Jéhovah ?,Asu dzé a ne ai nfi na o tari bebe nge abok zing a ne mbeng a mis me Yéhova?
fr,ewo,Comment peut-on le faire ?,Akia afé o ne dò bò?
fr,ewo,"Est-elle basée sur des idées contraires à la Bible ? Pour le savoir, cherchez d’où elle vient.","Ye abok té a tii ai é mam ma toben ki ai minyegelen ya Bibel? Asu yi na o yem dò, dzengʼe na o yem é vom da tié."
fr,ewo,"Accorde-t-elle un honneur déplacé à des humains, à des organisations ou à des emblèmes nationaux ? Nous honorons avant tout Jéhovah, et c’est à lui que nous faisons confiance pour ce qui est de régler les problèmes du monde.","Ye abok té da lugu bot, bitogen bizing ngeki mendem ya nnam? Yéhova étam nnye bia ve duma, nnye étam bia firi na a yi man vaa mindzug mise bia toben ai miè émò dzi."
fr,ewo,Est-elle associée à des comportements contraires aux normes bibliques ? Nous devons rester moralement purs.,"Ye metum, ngeki mimbòen ya abok té ma selen ai mebéndé ya Bibel? Bia yeane tòbò mfuben a nsisim."
fr,ewo,"Il pourrait arriver que votre entourage fasse pression sur vous pour que vous participiez à une fête qui ne plaît pas à Jéhovah. Dans ce cas, faites preuve de patience et de tact quand vous expliquez votre décision. Comment faire ? Pour voir un exemple, regarder la VIDÉO .","A ne dzam kui abog zing na, é bot be ne wò a ngòra be tindi wò na o dzemé abok Yéhova a ding ki. Nge o tele a kan étié té, bò odzibi, o timi bò étié dzoé ai akomoro. O ne hm dò bò ya? Asu yi na o yen mvulna dzia, bebege VIDÉO ."
fr,ewo,VIDÉO : Expliquez vos croyances avec tact (2:01),VIDÉO: Timigi é mam wò yebe évovoé été (2:01)
fr,ewo,Lire et discuter de ces questions :,Langʼa ai yalen minsili mi tsaa mi:
fr,ewo,"D’après ce principe, devriez-vous dire aux membres de votre famille non Témoins de ne pas célébrer telle ou telle fête ?","Ane é tin mvéndé nyi ya dzo, ye wò yeane kat é bivuvumen bié bi seki Beboala be Yéhova na ba yeane ki dzemé abok zing?"
fr,ewo,"Comment pourriez-vous rassurer les membres de votre famille et les aider à comprendre que, même si vous ne célébrez plus certaines fêtes avec eux, vous les aimez toujours ?","Akia afé o ne dzam lere bivuvumen bié na, tò ane wò dzemé ki fe mebok mezing ai bò, o ngene o ding bò?"
fr,ewo,Jéhovah veut que nous passions de bons moments avec notre famille et nos amis. Lire et discuter de cette question :,Yéhova a yi na bi kare lot mbembe abog ai bivuvumen biaan ai fe bemvoé baan. Langʼa ai yalen a nsili hi:
fr,ewo,Comment ce verset montre-t-il que Jéhovah veut que nous soyons heureux ?,Akia afé éfus Bibel dzi ya lere na Yéhova a yi na bi tòbò mintak?
fr,ewo,"Jéhovah veut que ses adorateurs s’amusent et passent de bons moments ensemble. Regarder la VIDÉO , qui montre que cela se voit clairement lors de nos assemblées internationales.",Yéhova a yi na bebò bisié boé be samba be lot fe mbembe abog fufulu. Bebege VIDÉO a ya lere na mintak mité mia kare yené a sang a bitogen biaan bia koen babedzang ya abui minnam.
fr,ewo,VIDÉO : Un accueil mémorable lors des assemblées internationales (5:40),VIDÉO: Be nga yem suen ai babedzang baba a bitogen bia koen bot ya mebug mesi menyi (5:40)
fr,ewo,Lire et discuter de ces questions :,Langʼa ai yalen minsili mi tsaa mi:
fr,ewo,Faut-il absolument participer aux fêtes que tout le monde célèbre pour ‘faire du bien’ aux autres ?,Ye da sili fò na bi dzemé é mebok bot bese ba dzemé asu yi na bi bò é bot bevòk mbeng ngaa?
fr,ewo,"Qu’est-ce qui vous rend le plus heureux : offrir un cadeau parce qu’une fête vous y oblige, ou offrir un cadeau parce que vous en avez envie ?",Dzé ya dang bò na o tòbò mintak​​​—a ve mot éfaa amu é ne mmos abok ngeki a ve mot éfaa amu nnem wa tindi wò na o bò dò?
fr,ewo,"Beaucoup de Témoins prévoient des moments festifs pour leurs enfants et ils n’oublient pas de leur faire des surprises ou des cadeaux. Si vous avez des enfants, comment pourriez-vous leur faire plaisir ?",Abui Beboala be Yéhova ba kare lot mbembe abog ai bòn baba be vaa fe bò bifaa. Nge o bele bòngò akia afé o ne dzam bò na be tòbò mintak?
fr,ewo,"ON ENTEND PARFOIS : « Peu importe l’origine d’une fête, le principal c’est de passer un bon moment avec sa famille et ses amis. »","ABUI BOT DA DZO NA: “Tò nde abok da tié vé, nfi o ne na, o lot mbembe abog ai nda bot dzoé ai fe bemvoé boé.”"
fr,ewo,Que répondriez-vous ?,Wò yi yalen ya?
fr,ewo,Jéhovah veut que nous passions de bons moments avec notre famille et nos amis. Mais il veut aussi que nous rejetions les fêtes qui ne lui plaisent pas.,Yéhova a yi na bi lot mbembe abog ai nda bot dzaan ai fe bemvoé baan. Ve a yi fe na bi saala mebok a ding ki.
fr,ewo,Quelles questions peuvent nous aider à savoir si une fête plaît à Jéhovah ?,Minsili mifé mi ne bi vòli na bi yem nge Yéhova a ding abok zing?
fr,ewo,Comment pouvons-nous aider notre famille et nos amis à comprendre nos décisions à propos de certaines fêtes ?,Akia afé bi ne vòli bivuvumen biaan ai bemvoé baan na be wog mintsigen bi nga nòng mi bebege mebok mezing?
fr,ewo,Comment savez-vous que Jéhovah veut que nous soyons heureux et que nous nous amusions ?,Bia yem ai dzé na Yéhova a yi na bi tòbò mintak ai na bi samba ai énying?
fr,ewo,Des fêtes que les chrétiens ne célèbrent pas.,Mebok mimfang bekristen ba dzemé ki.
fr,ewo,« Pourquoi les Témoins de Jéhovah ne célèbrent-ils pas certaines fêtes ? » (article jw.org),“Pourquoi les Témoins de Jéhovah ne célèbrent-ils pas certaines fêtes?” (Nlangʼen a jw.org)
fr,ewo,Quatre raisons pour lesquelles les anniversaires de naissance ne plaisent pas à Dieu.,Bamu benyi ba lere asu dzé Zamba a ding ki mebok me abiali.
fr,ewo,« Pourquoi les Témoins de Jéhovah ne fêtent pas les anniversaires de naissance ? » (article jw.org),“Pourquoi les Témoins de Jéhovah ne fêtent pas les anniversaires de naissance?” (Nlangʼen a jw.org)
fr,ewo,Comment un enfant qui aime Jéhovah peut lui faire plaisir quand on l’invite à célébrer une fête ?,Yene ane é ban bòngò ba ding Yéhova be ne dzam bò na a tòbò mintak ai bò abog mewòè
fr,ewo,Tu es précieux pour Jéhovah (11:35),O ne édima a mis me Yéhova (11:35)
fr,ewo,Des millions de chrétiens choisissent de ne pas fêter Noël. Comment vivent-ils ce choix ?,Abui bekristen da nòng ntsigen na ba dzemé ki abok Krismet.
fr,ewo,"« Ils ont trouvé mieux » ( La Tour de Garde , 1 er décembre 2012)","“Ils ont trouvé mieux” ( La Tour de Garde, 1 er décembre 2012)"
fr,ewo,^ La note n o 5 explique comment agir dans certaines situations liées aux fêtes.,^ Bebege atòn 5 ya ngab é ne nlo adzo na “É mam wò yeane yem” asu yi na o yem é dzom o ne bò éyòng bot ba dzemé abok zing.
fr,ewo,Jésus a dit que ses disciples ne doivent pas ‘faire partie du monde’ ( ). Cela implique qu’ils restent neutres en matière de politique et dans les guerres. Il faut reconnaître qu’il n’est pas toujours facile d’être neutre. Cela peut nous attirer des critiques ou des moqueries. Comment préserver notre neutralité et rester fidèles à Jéhovah ?,"Yésus a nga dzo ai beyègè boé na ‘ba wogé ki ai siʼ ( ). Nala wa tilen na ba nòng ki ngab a mam me politik nge a bita. A ne été na, a seki ébugubu ya baala étié sesala. Étié té é ne bò na be ve bi bidzo ai a kpele bia. Nde hm, akia afé bi ne baala étié sesala dzaan, bi bò fe Yéhova mewog?"
fr,ewo,"Les Témoins de Jéhovah respectent les gouvernements en place. Comme Jésus l’a demandé, un chrétien doit ‘rendre les choses de César à César’ , autrement dit obéir aux lois du pays, notamment en payant ses impôts ( ). La Bible explique que les gouvernements humains exercent leur autorité uniquement parce que Jéhovah le permet ( ). Leur autorité est donc relative, ou limitée. Nous comptons sur Dieu et sur son royaume céleste pour résoudre les problèmes de l’humanité.","Beboala be Yéhova ba semé bidzoé ya minnam be toa. Ane Yésus a nga dzo, kristen ése ya yeane “dugen Kaiser biem bi Kaiser”, nala a tilen na a baala memvéndé ya nnam ai a yaane betoya ( ). Bibel a lere na bidzoé bi si bi tele amu Yéhova a dzogè biè ( ). Édzoé dzaba é mbele minnyié. Bia firi ve Zamba étam ai Édzoé dzié amu nnye étam a yi mana mindzug mibot mise."
fr,ewo,"Les Témoins de Jéhovah ne se mêlent pas de politique. Ils suivent en cela l’exemple de Jésus. Un jour, après avoir vu un de ses miracles, les gens ont voulu le faire roi, mais il a refusé ( ). Pourquoi ? En une autre occasion, il a expliqué : « Mon royaume ne fait pas partie de ce monde » ( ). Aujourd’hui, la neutralité d’un disciple du Christ peut s’exprimer de plusieurs façons : Il ne participe pas aux guerres (lire ). Il respecte le drapeau et les autres symboles nationaux, mais il n’adopte aucun comportement qui reviendrait à les adorer ( ). Et il ne prend parti ni pour ni contre un candidat ou un camp politique. De ces façons et d’autres, il montre qu’il est fidèle à un seul gouvernement : le royaume de Dieu.","Beboala be Yéhova ba nòng ki ngab a mam me politik mbol ba tong mvulna Yésus. Amos zing, mbol bot be nga yen mesimba Yésus a nga bò, nde be nga yi na ba telé nyè nkukuma, dzam da a nga ben ( ). Asu dzé? Mmos mfe a nga dzo na “Édzoé dzama é seki dzi ya si mu” ( ). É melu ma, nyègè Yésus a ne dzam lere étié sesala dzié mekia mekia. A nòng ki ngab a bita (Langʼa ). A nòng mendem ya nnam ai dzin ane nlinga (drapeau), veda a ve ki biè olugu a yeane ai Zamba ( ). A lugu ki mot ngeki andzogoro politik zing. Ai mezen meté ai mefe fe, a lere na a sug ve nyène Édzoé Zamba."
fr,ewo,Examinons des situations où il peut être difficile de rester neutre et voyons comment prendre des décisions qui plairont à Jéhovah.,"Bi tam yen é mam mezing me ne bò na a ntoa ayié ya lere étié sesala dzaan, bi yene fe akia bi ne nòng mintsigen mia fû Yéhova nnem."
fr,ewo,Jésus et ses premiers disciples nous ont laissé le modèle à suivre. Lire et . Puis regarder la VIDÉO et discuter des questions qui suivent.,"Yésus ai beyègè boé be nga lig bia é mvulna bia yeane tong. Langʼa . Amvus ya été, bebege VIDÉO ai yalen minsili mi tsaa mi:"
fr,ewo,VIDÉO : La neutralité des vrais chrétiens (partie 1) (4:28),VIDÉO: Mimfang bekristen mia baala étié sesala dzaba ( Ngab 1 ) (4:28)
fr,ewo,Pourquoi doit-on respecter les autorités de l’État ?,Asu dzé bia yeane semé bidzoé ya si?
fr,ewo,De quelles façons peut-on montrer qu’on est soumis à ces autorités ?,Ai mezen mefé bi ne lere na bia bò bidzoé bité mewog?
fr,ewo,"En temps de guerre, certains pays disent être neutres, mais en réalité, ils soutiennent les deux camps. Qu’est-ce que la vraie neutralité ? Lire . Puis regarder la VIDÉO et discuter de la question qui suit.","Abog bita, minnam mizing mia dzo na mi tele étié sesala, ve mfaa mbòk mia sug mengam mebè ma lumen. Nde hm, dzé ya tilen na a tebe étié sesala a mfang mfang? Langʼa . Amvus ya été, bebege VIDÉO ai yalen a nsili hi:"
fr,ewo,VIDÉO : La neutralité des vrais chrétiens (partie 2) (3:11),VIDÉO: Mimfang bekristen mia baala étié sesala dzaba ( Ngab 2 ) (3:11)
fr,ewo,Que signifie être neutre ?,Dzé ya tilen na a tebe étié sesala?
fr,ewo,Et si les autorités de l’État imposent de faire quelque chose de contraire aux lois de Dieu ? Lire . Puis regarder la VIDÉO et discuter des questions qui suivent.,"Nge bidzoé ya si bia dzo hm na o bò é dzom ya selen ai memvéndé me Zamba, wò yi bò ya? Langʼa . Amvus ya été, bebege VIDÉO ai yalen minsili mi tsaa mi:"
fr,ewo,VIDÉO : La neutralité des vrais chrétiens (partie 3) (1:18),VIDÉO: Mimfang bekristen mia baala étié sesala dzaba ( Ngab 3 ) (1:18)
fr,ewo,"Si une loi du gouvernement s’oppose à une loi de Dieu, à laquelle faut-il obéir ?","Nge mvéndé zing ya édzoé ya si mu ya lumen ai mvéndé Zamba, fé wò yeane tong?"
fr,ewo,Dans quels cas concrets un chrétien ne pourrait-il pas obéir aux autorités ?,Asu mam mefé kristen é ne dzam bò te tong memvéndé bidzoé ya si?
fr,ewo,Lire . Puis regarder la VIDÉO et discuter des questions qui suivent.,"Langʼa . Amvus ya été, bebege VIDÉO ai yalen minsili mi tsaa mi:"
fr,ewo,VIDÉO : Pourquoi les vrais chrétiens ont besoin de courage pour rester neutres (2:49),VIDÉO: Amu dzé mimfang bekristen mia yangʼen ai azombo​—Asu yi na mi baala étié sesala dzaba (2:49)
fr,ewo,Pourquoi Ayenge a-t-il refusé d’adhérer au parti politique et de prendre part aux cérémonies patriotiques ?,Asu dzé Ayenge a nga ben nyii ékoen politik ngeki a nòng ngab a mebok ma ngoné mam me politik ya nnam?
fr,ewo,Pensez-vous qu’il a pris une bonne décision ?,Ye wò tsog na a nga nòng mbembe ntsigen?
fr,ewo,Dans quelles autres situations peut-il être difficile de rester neutre ? Regarder la VIDÉO et discuter des questions qui suivent.,A mam mefé fe é ne bi bò ayié ya baala étié sesala dzaan? Bebege VIDÉO ai yalen minsili mi tsaa mi:
fr,ewo,VIDÉO : Tirons des leçons de La Tour de Garde : Reste neutre dans un monde divisé (5:16),VIDÉO: Minyegelen bia nòng a Nkum mòmbo: Baala étié sesala dzoé émò é ne mengam mengam dzi (5:16)
fr,ewo,Comment rester neutre quand il y a une compétition sportive internationale ?,Akia afé bi ne tebe étié sesala éyòng minnam mibè mia bò bivoé ane éyòng ba lè ndamba?
fr,ewo,"Comment rester neutres vis-à-vis du gouvernement, que ses décisions nous soient favorables ou non ?",Akia afé bi ne lere étié sesala éyòng bidzoé ya si bia nòng mintsigen mizing?
fr,ewo,Quel effet ce que disent les médias ou les gens que l’on côtoie pourrait-il avoir sur notre neutralité ?,Akia afé mefoé bia wog ngeki é mam bot ya ngòra dzaan ba dzo me ne namba étié sesala dzaan?
fr,ewo,ON POURRAIT VOUS DEMANDER : « Pourquoi est-ce que tu ne chantes pas l’hymne national ? » ou « Pourquoi est-ce que tu ne salues pas le drapeau ? »,MOT A NE WÒ DZAM SILI NA: “Asu dzé wò yia ki dzia ya nnam?” ngeki na “Amu dzé wò sug ki nlinga?”
fr,ewo,Que répondriez-vous ?,Wò yi yalen ya?
fr,ewo,"En pensées, en paroles ou en actions, un chrétien veille à rester politiquement neutre.","A mintsogen, a minkòbò ai a mimbòen kristen ése ya yeane baala étié sesala dzié é mam ma bebe politik."
fr,ewo,Quelle attitude doit-on avoir envers les gouvernements ?,Akia afé bia yeane nying ai bidzoé ya si?
fr,ewo,Pourquoi un chrétien reste-t-il neutre vis-à-vis de la politique ?,Asu dzé kristen ya yeane baala étié sesala dzié é mam ma bebe politik?
fr,ewo,Dans quelles situations est-il parfois difficile de rester neutre ?,Bitié bizing bifé bi ne bò ayié ya baala étié sesala dzaan?
fr,ewo,Les sacrifices qu’un chrétien a été prêt à faire pour rester neutre.,Dzé kristen zing é nga bò asu yi na a baala étié sesala dzié?
fr,ewo,Jéhovah ne nous a jamais déçus (3:14),Yéhova a beya ki bi sama 3:14
fr,ewo,Comment une famille peut se préparer à faire face à certaines situations délicates.,Akia afé nda bot é ne dzam komesen asu é mam be ne toben ai mò?
fr,ewo,Restons neutres lors d’évènements publics (4:25),Baala étié sesala dzoé éyòng wò nòng ngab a bitogen bise ya émò 4:25
fr,ewo,L’histoire d’un homme qui pensait que défendre son pays était le plus grand honneur qui soit.,Nlang é mot a nga be a tsog na éyòng a lumen asu nnam woé a nòng duma?
fr,ewo,« Tout est possible à Dieu » (5:19),“Zamba a ne ngul ya bò mam mese” 5:19
fr,ewo,Comment ‘ne pas faire partie du monde’ dans le cadre du travail ?,Fasa akia afé wò yi baala étié sesala dzoé asu é dzam la bebe asu ésié doé.
fr,ewo,"« Chacun portera sa propre charge » ( La Tour de Garde , 15 mars 2006)","“Chacun portera sa propre charge” ( La Tour de Garde, 15 mars 2006)"
fr,ewo,Dans quelles situations un chrétien doit-il veiller à rester neutre ?,A mam mefé kristen ya yeane baala étié sesala dzié?
fr,ewo,"Se vouer à Jéhovah, c’est lui promettre dans une prière qu’on n’adorera que lui et qu’on fera passer sa volonté en premier dans notre vie ( ). Ensuite, on se fait baptiser pour montrer publiquement qu’on s’est voué à Dieu. La décision de se vouer à Jéhovah est la plus importante qui soit. Qu’est-ce qui peut vous motiver à prendre une telle décision ?","A ve wòmen nguma abe Yéhova wa tilen na, wò kaa nyè a ngogelen na, ve nnye étam wò yi lugu, ai na wò yi fe telé nyien woé osu énying dzoé ( ). Éyòng té wò duben asu yi na o lere é bot bevòk a ngeng na o veya wòmen nguma abe Zamba. Ntsigen wò nòng na wò ve wòmen nguma abe Yéhova o ne nfi abui. Dzé é ne wò tindi na o nòng akia ntsigen té?"
fr,ewo,"C’est l’amour qui pousse quelqu’un à se vouer à Jéhovah ( ). La Bible dit : « Tu dois aimer Jéhovah ton Dieu de tout ton cœur, de toute ton âme, de toute ta pensée et de toute ta force » ( ). Nous montrons que nous aimons Dieu non seulement par nos paroles, mais aussi par nos actions. Tout comme un amour profond pousse un homme et une femme à se marier, de même notre amour pour Jéhovah nous pousse à nous vouer à lui et à nous faire baptiser.","Éding ndzò ya tindi mot na a ve émen nguma abe Yéhova ( ). Bibel a béndé bia na: “Wò yeane ding Yéhova Zamba woé ai nnem woé ose, ai nsisim woé ose ai ngul dzoé ése” ( ). Bia lere na bia ding Zamba seki ve nyène a minkòbò tò a mimbòen miaan fe. Ane ngul éding ya tindi fam ai mininga na be lug, akia deda fe, é ngul éding bi bele asu Yéhova ndzò ya tindi bia na bi ve biabeben nguma abe nyè, bi duben fe."
fr,ewo,"Le baptême vous fera entrer dans la joyeuse famille de Jéhovah. Vous verrez alors son amour pour vous s’exprimer de différentes manières, et vous vous rapprocherez encore plus de lui (lire ). Jéhovah sera votre Père, et vous ferez partie d’une famille mondiale de frères et sœurs qui l’aiment et qui vous aiment, vous (lire ). Comme nous l’avons déjà vu, il y a des étapes à franchir avant le baptême. Vous devez d’abord apprendre à connaître Jéhovah, l’aimer et avoir foi en son Fils. Ensuite, vous devez vouer votre vie à Jéhovah. Quand vous aurez franchi toutes ces étapes et vous serez fait baptiser, vous serez sur le chemin de la vie éternelle. La Parole de Dieu déclare : « Le baptême [...] vous sauve » ( ).","Nduen wa yi bò na o nyii a nda bot Yéhova. Éyòng té fe wò yi yen ane a lere wò éding dzié ai abui mezen, nala a yi hm wò vòli na o tuene nyè subu babi (Langʼa ). Nde fe, Yéhova a yi tòbò Ésia woé, éyòng té fe wò yi tòbò mbòk ya babedzang ai bekal baan ya si ése, a ba ding nyè, be ding fe wò (Langʼa ). Ane bi yeneya, wò yeane bò mam mezing osusua yi na wò duben. Wò yeane tari yègè yem Yéhova, o ding nyè, o bi fe afiri ai Mòn woé. Amvus ya été, o ne ve énying dzoé nguma abe Yéhova. Éyòng o maneya bò mam meté mese, o duben fe, éyòng té hm wò yi tari na wò wulu a zen ya énying kòm. Ébug Zamba ya dzo na: “Nduen . . . wa nyii mina” ( )."
fr,ewo,Voyons pourquoi vous vouer à Jéhovah et vous faire baptiser est important.,Bi tam yen asu dzé a ve wòmen nguma abe Yéhova ai a duben bi ne nfi abui.
fr,ewo,"Dans le passé, certains Israélites pensaient qu’ils pouvaient adorer à la fois Jéhovah et le faux dieu Baal. Mais Jéhovah a envoyé son prophète Élie pour corriger leur point de vue. Lire et discuter de cette question :","A melu ya mvus, bòn be Israel bezing be mbe tsog na be ne kang Yéhova be kang fe évovol zamba Baal. Ve Yéhova a nga lom nkuli medzo woé Élias asu yi na be tséndé nyenen mam waba. Langʼa ai yalen a nsili hi:"
fr,ewo,Quel choix les Israélites devaient-ils faire ?,Ntòben mbé bot ya ayòng Israel be mbe yeane bò?
fr,ewo,"Comme les Israélites, nous devons choisir qui nous servirons. Lire et discuter de ces questions :","Ane bòn be Israel, bia yeane tòb za bia yi sié. Langʼa ai yalen minsili mi tsaa mi:"
fr,ewo,Pourquoi ne pouvons-nous pas adorer à la fois Jéhovah et quelqu’un ou quelque chose d’autre ?,"Asu dzé bia yeane ki kang Yéhova, bi kele fe osu na bia kang mot zing ngeki dzom zing éfe?"
fr,ewo,Comment montrer à Jéhovah que nous choisissons de l’adorer ?,Akia afé bi ne lere Yéhova na nnye étam bia tòb na bia kang?
fr,ewo,Jéhovah nous a donné de nombreux cadeaux très précieux. Que pouvons-nous lui donner en retour ? Regarder la VIDÉO .,Yéhova a nga ve bia abui bifaa a bi ne mbeng. Mfaa waan dzé bi ne nyè dzam ve? Bebege VIDÉO .
fr,ewo,VIDÉO : Offrons des cadeaux à Dieu (3:04),VIDÉO: Bò mimveen asu Zamba (3:04)
fr,ewo,"De quelles façons Jéhovah a-t-il montré qu’il vous aime ? Lire et , et discuter de ces questions :","Akia afé Yéhova a lereya na a ding wò? Langʼa , ai yalen minsili mi tsaa mi:"
fr,ewo,Quels cadeaux de Jéhovah aimez-vous particulièrement ?,Bifaa bi Yéhova bifé wò dang ding abui?
fr,ewo,Que ressentez-vous pour Jéhovah en pensant à ces cadeaux ?,Dzé wò woren asu Yéhova éyòng wò tsog bifaa bité?
fr,ewo,"Quand quelqu’un nous offre un cadeau que nous aimons vraiment, nous voulons lui montrer notre reconnaissance. Lire et discuter de cette question :","Bia ding abui éyòng mot zing a ve bia éfaa, dzom té nde bia ve mot té ngang. Langʼa ai yalen a nsili hi:"
fr,ewo,"Quand vous pensez à tout ce que Jéhovah a fait pour vous, qu’avez-vous envie de lui offrir ?","Éyòng wò tsog é mam mese Yéhova a bòya asu doé, dzé wò yi na wò ve nyè?"
fr,ewo,"Beaucoup de gens pensent que la célébrité, une bonne carrière ou l’argent les rendront heureux. Mais est-ce vrai ? Regarder la VIDÉO et discuter des questions qui suivent.","Abui bot da tsog na duma, mfang asu ésié ngeki mòni mbiè bia ve mintak. Ye a ne fò nala? Bebege VIDÉO ai yalen minsili mi tsaa mi:"
fr,ewo,VIDÉO : Le football était toute ma vie (5:45),VIDÉO: Ndamba a nga be é dzam a mbe dang nfi énying dzama (5:45)
fr,ewo,"Même si Andreï aimait jouer au football, pourquoi a-t-il abandonné cette carrière ?","Tò ane Andrey a nga be dingʼi lè ndamba, asu dzé a nga dzogè asu ésié té?"
fr,ewo,Il a décidé de consacrer sa vie à Jéhovah plutôt qu’au football. Était-ce une bonne décision ? Pourquoi ?,A nga nòng ntsigen na a belen ai énying dzié asu yi na a sié Yéhova aloro na a lè ndamba. Ye wò tsog na a nga nòng mbembe ntsigen? Asu dzé?
fr,ewo,"Avant de devenir chrétien, l’apôtre Paul avait étudié la loi juive avec un enseignant célèbre. Il s’était engagé dans une belle carrière, mais il l’a abandonnée pour devenir chrétien. A-t-il eu des regrets ? Lire et discuter de ces questions :","Osusua yi na a vengʼen kristen, apostel Paul a nga yègè nyebe yuden abe nyegele nnen. A nga be a bele mfang asu ésié, ve a nga dzogè ésié té asu yi na a vengʼen kristen. Ye a nga singi fò ngaa? Langʼa ai yalen minsili mi tsaa mi:"
fr,ewo,Pourquoi Paul a-t-il dit qu’il considérait ce qu’il avait fait avant de devenir chrétien comme « un tas de déchets » ?,Asu dzé Paul a nga be a yene é mam mese a nga bò osusua yi na a vengʼen kristen ane “mbuen”?
fr,ewo,Qu’a-t-il gagné à la place ?,Bemaa befé a nga bi?
fr,ewo,"À votre avis, qu’est-ce qui vous rendra le plus heureux : servir Jéhovah ou faire autre chose de votre vie ?","Mfaa woé, dzé ya yi bò na o buli tòbò mintak: a sié Yéhova ngeki a bò dzom éfe énying dzoé?"
fr,ewo,ON ENTEND PARFOIS : « Pourquoi vouer sa vie à Dieu ? Il vaut mieux profiter à fond de la vie. »,ABUI BOT DA DZO NA: “Ye a ne fò nfi na o ve wòmen nguma abe Yéhova.”
fr,ewo,Qu’est-ce qui devrait vous donner envie de vouer votre vie à Jéhovah ?,Dzé ya yeane wò ve ngong yi na o ve Yéhova énying dzoé?
fr,ewo,L’amour nous pousse à nous vouer à Jéhovah et à nous faire baptiser.,"Éding ndzò ya tindi bia na bi ve biabeben nguma abe Yéhova, bi duben fe."
fr,ewo,Pourquoi Jéhovah mérite-t-il qu’on l’aime et qu’on le serve de tout son cœur ?,"Asu dzé Yéhova a yeane na bi ding nyè, bi sié fe nyè ai nnem waan ose?"
fr,ewo,Comment Jéhovah récompense-t-il ses Témoins baptisés ?,Akia afé Yéhova a maa bebò bisié boé be dubeneya?
fr,ewo,Aimeriez-vous vous vouer à Jéhovah ?,Ye wò tam fò na wò ve wòmen nguma abe Yéhova?
fr,ewo,Pourquoi une chanteuse et un sportif ont-ils choisi de vouer leur vie à Jéhovah ?,Asu dzé é mininga a yia bia ai nlè ndamba be nga tòb na ba ve bòbeben nguma abe Yéhova.
fr,ewo,Les jeunes s’interrogent... Que vais-je faire de ma vie ? - Souvenirs (6:54),Les jeunes sʼinterrogent . . .​—Que vais-je faire de ma vie?​—Souvenirs 6:54
fr,ewo,D’autres raisons de se vouer à Dieu.,Yene é bamu befe bi bele na bia ve biabeben nguma abe Yéhova.
fr,ewo,"« Pourquoi se vouer à Jéhovah ? » ( La Tour de Garde , 15 janvier 2010)","“Pourquoi se vouer à Jéhovah?” ( La Tour de Garde, 15 janvier 2010)"
fr,ewo,Une vidéo musicale qui met en évidence la joie qu’éprouvent ceux qui se vouent à Jéhovah.,Vidéo mezik a lere mintak bot ba kare bi éyòng ba ve bòbeben nguma abe Yéhova.
fr,ewo,Je veux t’offrir ma vie (4:30),Je veux tʼoffrir ma vie 4:30
fr,ewo,"Ce qui a poussé une femme à revoir ses priorités (biographie « Pendant des années, je me suis demandé pourquoi on existe »).","É dzom é nga tindi mininga zing na a yem fial é mam ma dang nfi énying dzié (Biographie “Pendant des années, je me suis demandé pourquoi on existe”)."
fr,ewo,"« La Bible transforme des vies » ( La Tour de Garde , 1 er novembre 2012)","“La Bible transforme des vies” ( La Tour de Garde , 1 er novembre 2012)"
fr,ewo,"En devenant chrétien, Paul a gagné bien plus qu’il n’a perdu.","Éyòng Paul a nga vengʼen kristen, bemaa a nga bi be nga lot é biem a nga dzèè"
fr,ewo,"Grâce à votre cours, vous avez beaucoup appris sur Jéhovah. Et vous avez sans doute fait des changements pour lui plaire. Mais il y a peut-être encore quelque chose qui vous retient de vous vouer à Jéhovah et de vous faire baptiser. Cette leçon parle d’obstacles que beaucoup ont rencontrés et elle explique comment les surmonter.","Ayègè doé a nga vòli wò na o yem abui mam me bebege Yéhova. Tegè selen na, o nga bò mintsenden mia sili asu yi na a tòbò mintak ai wò. Dzam bò na, dzom zing é ngene é kamen ai wò na o ve wòmen abe Yéhova ai na o duben. Ayègè di da yi bi lere mindzug abui bot a nga toben ai miè ai akia afé be nga kui na be dang miè."
fr,ewo,"Pour vous faire baptiser, vous devez avoir une « connaissance exacte de la vérité » ( ). Cela ne signifie pas que vous devez pouvoir répondre à toutes les questions qu’on pourrait vous poser sur la Bible. Même les chrétiens baptisés depuis longtemps continuent d’apprendre ( ). Mais il faut que vous compreniez les enseignements fondamentaux de la Bible. Les anciens de l’assemblée vous aideront à évaluer si vous avez une connaissance suffisante.","Asu yi na o duben, wò yeane “tuene yem bebela” ( ). Nala wa tilen ki na wò yeane bi biyalen ya minsili mise be ne wò sili a Bibel. Tò é bekristen be dubeneya kòm, ba ke osu na ba yègè Bibel ( ). Ve, da sili na o wog tin minyegelen ya Bibel. Bemvendé ya akonda ba yi wò vòli na o yem nge o mbeleya abim nyemen da sili."
fr,ewo,"Avant de vous faire baptiser, vous devez ‘vous repentir et vous retourner’ (lire ). Cela veut dire que vous regrettez sincèrement les péchés que vous avez commis et que vous demandez à Jéhovah de vous pardonner. Cela veut dire aussi que vous rejetez fermement toute mauvaise conduite et que vous êtes déterminé à vivre d’une façon qui plaît à Dieu. De plus, il vous faut aussi participer aux activités de l’assemblée en assistant aux réunions et en prêchant en tant que proclamateur non baptisé.","Osusua yi na wò duben, wò yeane “vengʼen . . . o dugen fe abe Yéhova” (Langʼa ). Nala a tilen na, wò yeane singi minsem mié, o dzaa fe Yéhova na a dzu wò. Nala a tilen fe na, wò yeane ve mengul moé asu yi na o dzogè bebé mimbòen boé bese, o nòng fe ntsigen ya nying akia da fû Zamba nnem. Nde fe wò yeane nòng ngab a mam mese ya akonda ane a tòbò a bikoen ai a bò ésié ékat foé ya Édzoé ane nkat foé a ngene te duben."
fr,ewo,"Certains ont peur de ne pas pouvoir tenir la promesse qu’ils ont faite à Jéhovah. C’est vrai, vous ferez parfois des erreurs ; même les hommes et les femmes fidèles dont parle la Bible en ont fait. Mais Jéhovah ne vous demande pas d’être parfait (lire ). Ce qui compte pour lui, c’est que vous fassiez de votre mieux ! Et il vous aidera. La Bible promet que rien « ne pourra nous séparer de l’amour que Dieu a pour nous » (lire ).","Bot bevòk ba mbara na be bò te kpèène meting ba bò Yéhova. A ne été na, wò yi kare bò bivus. Tò befam ai é bininga be ne a Bibel a be nga bò Yéhova mewog, bò fe be karege bò bivus. Ve Yéhova a yanga ki na bebò bisié boé be tòbò ntut (Langʼa ). Ve, é dzom a yi é ne na o ve évak ya bò mam ai abim ngul o bele! A yi fe wò vòli. Bibel a kaa bia na “dzom zing ya yi ki bò ngul ya kèène bia ai éding Zamba” (Langʼa )."
fr,ewo,Voyons comment vous pouvez surmonter les obstacles au baptême en apprenant à connaître Jéhovah et en acceptant son aide.,"Bi tam yen akia ya bi ne dang é mam me ne bi bò ékòl obak asu nduen, éyòng bia yègè yem za Yéhova a ne, ai fe éyòng bia yebe nvòlen woé."
fr,ewo,À quel point devez-vous connaître Jéhovah avant de vous faire baptiser ? Vous devez le connaître suffisamment pour l’aimer et vouloir lui plaire. Regarder la VIDÉO pour voir comment des étudiants de la Bible du monde entier s’y sont pris. Puis discuter de la question qui suit.,"Akui nnyié mbé wò yeane yègè na o yem Yéhova osusua yi na wò duben? Wò yeane nyè yem akia yi na o ding nyè, o tam fe na wò bò nyien woé. Bebege VIDÉO asu yi na o yen é dzom é ba ya ba yègè Bibel a si ése be nga bò. Amvus ya été yalen a nsili hi :"
fr,ewo,VIDÉO : Le chemin menant au baptême (3:56),VIDÉO: Zen ya nduen (3:56)
fr,ewo,Comment certains frères et sœurs se sont-ils préparés au baptême ?,"Ane vidéo a he lere, akia afé babedzang ai bekal baan bezing be nga komesen asu nduen?"
fr,ewo,Lire et discuter de ces questions :,Langʼa ai yalen minsili mi tsaa mi:
fr,ewo,Avez-vous des doutes à propos de ce que la Bible enseigne ? Ou vous demandez-vous si les Témoins de Jéhovah enseignent la vérité ?,Ye o bele bisuo asu é mam Bibel a yegele? Ngeki na wò sili wòmen nge Beboala be Yéhova ba yegele fò bebela?
fr,ewo,"Si c’est le cas, que pouvez-vous faire ?","Nge a ne nala, dzé o ne dzam bò?"
fr,ewo,"Quand on décide de se vouer à Jéhovah et de se faire baptiser, on rencontre souvent des difficultés. Pour voir un exemple, regarder la VIDÉO . Puis discuter des questions qui suivent.","Éyòng mot a nòng ntsigen na a ve émen abe Yéhova ai na a duben, a kare toben ai mindzug. Asu yi na o yen mvulna dzia, bebege VIDÉO . Amvus ya été, yalen minsili mi tsaa mi:"
fr,ewo,VIDÉO : L’amour pour Jéhovah surmonte tous les obstacles (5:22),VIDÉO: Éding dzaan asu Yéhova ya bò na bi dang kan mindzug mise (5:22)
fr,ewo,Quels obstacles Narangerel a-t-elle dû surmonter pour servir Jéhovah ?,Mindzug mifé Narangerel a nga dang asu yi na a sié Yéhova?
fr,ewo,Comment son amour pour Jéhovah l’a-t-il aidée à ne pas se laisser arrêter par ces obstacles ?,Akia afé éding dzié asu Yéhova é nga bò na te mindzug mité mia tegelen nyè?
fr,ewo,"Lire et , et discuter de cette question :","Langʼa , ai yalen a nsili hi:"
fr,ewo,Qu’est-ce qui nous donne le courage de surmonter les obstacles ?,Dzé ya ve bi azombo asu yi na bi dang mindzug miaan?
fr,ewo,Jéhovah vous aidera à faire ce qui lui plaît. Regarder la VIDÉO et discuter des questions qui suivent.,Yéhova a yi wò vòli na o bò é mam a wog mbeng. Bebege VIDÉO ai yalen minsili mi tsaa mi:
fr,ewo,VIDÉO : Jéhovah t’aidera (2:50),VIDÉO: Yéhova Zamba a yi wò vòli (2:50)
fr,ewo,Qu’est-ce qui retenait l’étudiant de la Bible de se faire baptiser ?,Dzé é nga be é kamen ai nyègè Bibel zing na a duben?
fr,ewo,Qu’est-ce qui l’a aidé à renforcer sa confiance en Jéhovah ?,Dzé é nga vòli na afiri dié abe Yéhova a bò ngul?
fr,ewo,Lire et discuter de cette question :,Langʼa ai yalen a nsili hi:
fr,ewo,Pourquoi pouvez-vous avoir confiance que vous tiendrez la promesse que vous ferez à votre baptême ?,Asu dzé wò yeane bi afiri yi na wò yi dzali é ngaaga wò yi bò Yéhova éyòng wò yi duben?
fr,ewo,"Plus vous réfléchirez à tout l’amour que Jéhovah a pour vous, plus vous lui serez reconnaissant et plus vous aurez envie de le servir pour toujours. Lire et discuter de cette question :","Ane wò yi ke osu na wò tsog éding ése Yéhova a bele asu doé, éye fe wò yi nyè kare ve ngang nala, éyòng té fe wò yi bi ngong na wò sié nyè a kòm ya kòm. Langʼa ai yalen a nsili hi:"
fr,ewo,Quelles bénédictions de Jéhovah aimez-vous particulièrement ?,Bemaa be Yéhova befé wò dang ding abui?
fr,ewo,"Le prophète Jérémie aimait Jéhovah et sa parole, et il était profondément reconnaissant pour l’honneur de porter le nom de Jéhovah. Il a dit : « Ta parole a rempli mon cœur d’allégresse et de joie, car c’est ton nom que je porte, ô Jéhovah Dieu » ( ). Discuter de ces questions :","Nkuli medzo Yérémia a nga be a dingʼi Yéhova ai ébug dzié, a nga be fe a vaa nyè ngang abui asu maa ya bege dzoé dié. A nga dzo na: “Bibug bié bi nga bò ma mintak ai mbeng a nnem wòmò amu me bege dzoé doé, a Yéhova Zamba” ( ). Yalen minsili mi tsaa mi:"
fr,ewo,Pourquoi est-ce un honneur d’être un Témoin de Jéhovah ?,Asu dzé a ne dzam olugu ya bò Mboala Yéhova?
fr,ewo,Voulez-vous vous faire baptiser Témoin de Jéhovah ?,Ye wò yi na o duben ai a bò Mboala Yéhova?
fr,ewo,Est-ce que quelque chose vous en empêche ?,Ye dzom zing ya ndegele wò?
fr,ewo,"D’après vous, que devez-vous faire pour atteindre le but qu’est le baptême ?","Mfaa woé, dzé wò yeane bò asu yi na o duben?"
fr,ewo,"ON ENTEND PARFOIS : « Le baptême, c’est un engagement très important. Je ne suis pas sûr d’être à la hauteur. »",ABUI BOT DA DZO NA: “Nduen o ne ating a ne ai nfi abui. Ma yem ki nge me ne dò bò.”
fr,ewo,Est-ce aussi ce que vous ressentez ?,Ye wò fe wò woren akia deda?
fr,ewo,"Avec l’aide de Jéhovah, vous pouvez surmonter tous les obstacles au baptême.","Ai nvòlen Yéhova, o ne dzam dang mindzug mise mi tii ai nduen."
fr,ewo,Quelle somme de connaissance biblique devez-vous avoir avant de vous faire baptiser ?,Abim nyemen Bibel afé wò yeane bi osusua yi na wò duben?
fr,ewo,Quels changements devez-vous peut-être encore faire avant de vous faire baptiser ?,Mam mefé wò yeane fe dugen tséndé énying osusua yi na wò duben?
fr,ewo,Pourquoi ne devriez-vous pas laisser la peur vous retenir ?,Asu dzé wò yeane ki dzogè na wòng o tegelen wò?
fr,ewo,Qu’est-ce qui doit motiver votre décision de vous faire baptiser ?,Dzé ya yeane wò tindi na o nòng nduen?
fr,ewo,"« Es-tu prêt pour le baptême ? » ( La Tour de Garde , mars 2020)","“Es-tu prêt pour le baptême?” ( La Tour de Garde, mars 2020)"
fr,ewo,Comment surmonter certains obstacles au baptême.,Akia afé bi ne dang mindzug mi tii ai nduen?
fr,ewo,"« Qu’est-ce qui m’empêche de me faire baptiser ? » ( La Tour de Garde , mars 2019)","“Quʼest-ce qui mʼempêche de me faire baptiser?” ( La Tour de Garde, mars 2019)"
fr,ewo,Quels obstacles importants un homme a-t-il surmontés pour se faire baptiser ?,Mindzug mifé mot zing a nga dang asu yi na a duben?
fr,ewo,Pourquoi n’es-tu pas encore baptisé ? (1:10),‘Dzé ya kamen ai wò na o duben?ʼ 1:10
fr,ewo,Ce qui a convaincu un homme qu’il n’avait aucune raison d’hésiter à se faire baptiser.,É dzom é nga bò na mot zing a yen na a yeane ki mbara na a duben.
fr,ewo,Est-ce que je suis vraiment digne de tout cela ? (7:21),Est-ce que je suis vraiment digne de tout cela? 7:21
fr,ewo,"Les amis : on aime passer de bons moments avec eux, et on sait aussi qu’on peut compter sur eux quand ça ne va pas. La Bible parle de l’amitié. Elle nous encourage à bien choisir nos amis. Voyons ce qu’elle nous recommande.","Bia ding bi loro mbembe abog ai bemvoé baan, bia yem fe na bi ne bi afiri ai bò éyòng mindzug mia kui. Bibel a kòbò é mam ma bebe amvoé. A leb bia na bi tuene tòb bemvoé baan. Bi tam yen akia ya a vòli bia."
fr,ewo,"Plus on passe de temps avec quelqu’un, plus on a tendance à lui ressembler, en bien ou en mal. Cela reste vrai même si nos contacts se font via les réseaux sociaux. Comme le dit la Bible, « celui qui marche avec les sages deviendra sage, mais celui qui fréquente les stupides [c’est-à-dire ceux qui n’aiment pas Jéhovah] aura des problèmes » ( ). Des amis qui aiment Jéhovah peuvent nous aider à rester proches de lui et à prendre de bonnes décisions. À l’inverse, des amis qui n’adorent pas Jéhovah risquent de nous éloigner de lui. Donc, bien choisir ses amis est essentiel ! Si nos amis aiment Jéhovah, ils exerceront sur nous une bonne influence, et notre amitié leur sera aussi bénéfique. Pour reprendre une expression biblique, ‘nous nous encouragerons et nous nous affermirons les uns les autres’ ( ).","Ane bia lot abog ai mot, éye fe bia vu nyè nala, tò a mbòen mbeng ngeki abé. Dzam deda fe ai bemvoé bi bele a beréseaux sociaux. Bibel a dzo na: “É mot a wulu ai mimfefeg mibot a ne feg, ve mot ya nsamba mekut a yi toben ai mindzug” ( ). Bemvoé ba ding Yéhova be ne bi vòli na bi tòbò babi ai nyè, bi yem fe nòng mimbembe mintsigen. Ve é bemvoé ba kang ki Yéhova be ne dzam bò na bi ke oyab ai nyè. Asu té nde a ne ai nfi na o tuene tòb bemvoé boé! Nge bemvoé baan ba ding Yéhova, bia yi fulen ai bò a mimbembe mefulu, éyòng té fe amvoé daan da yi tòbò nfi. Bibel a dzo na ‘vòligen mina mina, mi veen fe awonoʼ ( )."
fr,ewo,"Jéhovah ne choisit pas n’importe qui pour ami. « Il se fait l’ami intime des hommes droits » ( ). Que ressentira Jéhovah si nous choisissons pour amis des personnes qui ne le servent pas ? Sans doute une grande déception (lire ). Comme il sera fier, au contraire, de nous compter parmi ses amis si nous rejetons les mauvaises compagnies et si nous nous rapprochons de lui et de ceux qui l’aiment ! ( ).","Yéhova émen a yem tòb bemvoé boé. “Betetele bebot mbò be ne afiri dié” ( ). Dzé Yéhova a yi woren nge bemvoé baan be ne é bot ba kang ki nyè? Tegè selen na a yi wog olun (Langʼa ). A yi tòbò mintak abui na a lang bia a tang bemvoé boé nge bia dzogè bebé biyòng, bi subugu fe nyè babi tò é ba ba ding nyè ( )."
fr,ewo,Voyons plus en détail pourquoi le choix de nos amis est si important et comment nouer de belles amitiés.,"Bia tam yen asu dzé a ne ai nfi na bi yem tòb bemvoé baan, ai akia afé bi ne dzam lat mimbembe memvoé."
fr,ewo,Les personnes qui n’aiment pas Dieu et ses principes justes ne sont pas de bonnes fréquentations pour un chrétien. Regarder la VIDÉO et discuter de la question qui suit.,É bot ba ding ki Zamba ai memvéndé moé be seki mimbembe biyòng asu kristen. Bebege VIDÉO ai yalen a nsili hi:
fr,ewo,VIDÉO : Apprenez à rejeter les mauvaises compagnies (6:17),VIDÉO: Nsaaleni bebé biyòng (6:17)
fr,ewo,"Comment pourrions-nous, sans nous en rendre compte, avoir de « mauvaises fréquentations » ?","Akia afé bi ne bi bebé memvoé, ve tege yem na me ne abé?"
fr,ewo,Lire et discuter de ces questions :,Langʼa ai yalen minsili mi tsaa mi:
fr,ewo,Quel genre de personne pourrait être une mauvaise fréquentation pour vous ? Pourquoi ?,Akia afé o ne baala é tin mvéndé nyi a énying dzoé? Asu dzé?
fr,ewo,Lire et discuter de cette question :,Langʼa ai yalen a nsili hi:
fr,ewo,Qui devriez-vous choisir pour amis ?,Za wò yeane tòb ane mvoé dzoé?
fr,ewo,"La Bible parle de la belle amitié entre David et Jonathan. Pourtant, l’un était berger et l’autre fils de roi, et ils avaient une grande différence d’âge. Lire et discuter de ces questions :","Bibel a lere bia mbembe amvoé a nga be a zang David ban Yonathan. Veda, mbòk a nga be nnòni biyem ényò mbòk ki, mòn nkukuma. Nde fe be nga beki okala. Langʼa ai yalen a nsili hi:"
fr,ewo,Nos amis doivent-ils forcément être du même âge ou du même niveau social que nous ? Pourquoi ?,"Ye bemvoé baan ba yeane fò tòbò ve okala waan, ngeki a bi nkong énying mbòk ai bia? Asu dzé?"
fr,ewo,Lire et discuter de cette question :,Langʼa ai yalen a nsili hi:
fr,ewo,Comment deux amis qui aiment Jéhovah s’encouragent-ils l’un l’autre ?,Akia afé é bemvoé bebè ba ding Yéhova be ne veen bò bò ngul a nyòl?
fr,ewo,"Pour voir comment un jeune frère se lie d’amitié avec quelqu’un de plus âgé que lui, regarder la VIDÉO . Puis discuter des questions qui suivent.","Asu yi na o yen akia ya énanga madzang zing ya lat amvoé ai ényò a ne nya moro abui ai nyè, bebege VIDÉO ai yalen minsili mi tsaa:"
fr,ewo,VIDÉO : Trouver des amis là où on ne s’y attend pas (5:06),VIDÉO: A sòm bemvoé é vom o beki o yanga (5:06)
fr,ewo,Pourquoi les parents d’Akil s’inquiétaient-ils ?,Bebondé be Akil be nga be sangʼen asu dzé?
fr,ewo,Pourquoi a-t-il recherché la compagnie de certains jeunes de son école ?,Asu dzé a nga ke lat éyòng ai binanga ya zukulu woé?
fr,ewo,Qu’est-ce qui l’a aidé à ne plus se sentir seul ?,Dzé é nga vòli nyè na te a bare woren na a ne étam?
fr,ewo,Comment trouver de vrais amis ? Et comment se comporter soi-même en ami ? Regarder la VIDÉO .,Akia afé bi ne dzam lat mimbembe memvoé? Akia afé wòmen o ne dzam lere na o ne mbembe mvoé? Bebege VIDÉO .
fr,ewo,VIDÉO : Qu’est-ce qu’un vrai ami ? (4:14),VIDÉO: Dzé é ne mfang mvoé? (4:14)
fr,ewo,"Lire et , et discuter de ces questions :","Langʼa ai , ai yalen minsili mi tsaa mi:"
fr,ewo,De quelles façons les vrais amis peuvent-ils s’entraider ?,Akia afé mimfang bemvoé be ne vòlen bò bò?
fr,ewo,"Avez-vous noué des amitiés de ce genre ? Sinon, comment pouvez-vous y parvenir ?","Ye o nga lat akia memvoé té? Nge tegè, o ne dò bò akia afé?"
fr,ewo,Lire et discuter de cette question :,Langʼa ai yalen a nsili hi:
fr,ewo,"Pour avoir de vrais amis, il faut être un vrai ami. Comment montre-t-on que l’on est un véritable ami ?","Asu yi na o bi mimfang bemvoé, wòmen wò yeane tari tòbò mfang mvoé. Akia afé mot a lere hm na a ne mfang mvoé?"
fr,ewo,"ON ENTEND PARFOIS : « On n’a pas les mêmes croyances, mais ça ne nous empêche pas d’être amis. »","ABUI BOT DA DZO NA: “Tò ane bi seki nyebe mbòk, nala a kamen ki na bia tòbò amvoé.”"
fr,ewo,Qu’en pensez-vous ?,"Mfaa woé, wò yen ya?"
fr,ewo,"Si nous choisissons bien nos amis, nous en retirerons de nombreuses joies et nous aurons l’approbation de Jéhovah.","Nge bia tuene tòb bemvoé baan, bia yi bi abui mintak ai fe mvam Yéhova."
fr,ewo,Pourquoi le choix de nos amis est-il important pour Jéhovah ?,Asu dzé a yem tòb bemvoé baan o ne nfi abui a mis me Yéhova?
fr,ewo,Quelles amitiés risquent de nous faire du tort ?,Akia bemvoé afé a ne sò ai bia mindzug?
fr,ewo,Comment trouver de vrais amis ?,Akia afé bi ne lat mimfang memvoé?
fr,ewo,Comment des amis véritables nous aident-ils dans les moments difficiles ?,Yene akia afé mimfang bemvoé mia vòli bia abog mindzug.
fr,ewo,"« Noue des amitiés solides avant que la fin arrive » ( La Tour de Garde , novembre 2019)","“Noue des amitiés solides avant que la fin nʼarrive” ( La Tour de Garde, novembre 2019)"
fr,ewo,Le profil-type de l’ami véritable.,Yene é mam o ne bò asu yi na o bi mimfang memvoé.
fr,ewo,"« Comment choisir mes amis ? » ( Les jeunes s’interrogent. Réponses pratiques [volume 1], chapitre 8)","“Comment choisir mes amis?” ( Les jeunes sʼinterrogent. Réponses pratiques [Volume 1], chapitre 8)"
fr,ewo,Ce qu’il faut savoir sur les amitiés en ligne.,É dzom wò yeane yem é bebege bemvoé ya beréseaux sociaux?
fr,ewo,Réseaux sociaux : ne te laisse pas avoir ! (4:12),Bò okala ai beréseaux sociaux 4:12
fr,ewo,L’histoire d’un jeune homme qui a eu le courage de changer d’amis (biographie « J’avais tant besoin d’un père ! »).,“Jʼavais tant besoin dʼun père”. Nlang énanga mot zing é nga bi azombo ya tséndé bemvoé boé.
fr,ewo,"« La Bible transforme des vies » ( La Tour de Garde , 1 er avril 2012)","“La Bible transforme des vies” ( La Tour de Garde, 1 er avril 2012)"
fr,ewo,Un seul ami mal choisi peut nous attirer des ennuis.,Mbe éyòng mbòk mbòk a ne bi sò ai abui mindzug
fr,ewo,"Pour avoir de vrais amis, il faut être un vrai ami.","Asu yi na o bi mimfang bemvoé, wòmen wò yeane tari tòbò mfang mvoé"
fr,ewo,Des jeunes mariés espèrent que le bonheur qu’ils ressentent le jour de leur mariage durera toujours. Et c’est possible ! Des chrétiens qui sont mariés depuis longtemps et qui ont fait de leur mieux pour appliquer les conseils de la Bible le savent.,É bot be ndem lug be bele afiri na mintak ba wog a amos alug daba mia yi langʼen kòm. A ne fe dzam bò nala! É bekristen be lug ya kòm a be nga ve mengul asu yi na be baala melebega ya Bibel ba yem nala.
fr,ewo,"Jéhovah a donné au mari le rôle de chef de famille (lire ). Il veut qu’un mari prenne des décisions qui soient pour le bien de sa famille. La Bible dit aux maris : « Continuez à aimer vos femmes » ( ). Qu’est-ce que cela implique ? Un mari aimant est gentil avec sa femme, tant en privé qu’en public. Il la protège et fait de son mieux pour combler ses besoins physiques et affectifs ( ). Plus important encore, il l’aide à rester proche de Jéhovah ( ). Par exemple, il prie et lit la Bible avec elle. Un mari qui prend tendrement soin de sa femme garde de bonnes relations avec Jéhovah (lire ).","Yéhova a nga telé beyom minlo ya menda mebot maba (Langʼa ). A yi na be nòng mintsigen mi ne asu nfi ya menda mebot maba. Bibel a dzo ai bò na: “Keen osu ya ding beyal bân” ( ). Nala a tilen ya? Ndinding nnom o ne osesa ai mininga woé a nda ai a zang bot. A baala nyè mbeng, a bò fe é dzom ése ya sili asu yi na a dzala meyangʼen moé mese ( ). A dang fe nyè vòli abui na a tòbò babi ai Yéhova ( ). Mvulna dzia é ne na, a kogelen, a lang fe Bibel ai nyè. Nnom a nòng ndzug ai ngal ai ébubut ése a baala mbembe élat ai Yéhova (Langʼa )."
fr,ewo,"La Parole de Dieu dit qu’une femme « doit avoir un profond respect pour son mari » ( ). Qu’est-ce que cela implique ? Elle peut penser aux qualités de son mari et à ses efforts pour prendre soin d’elle et de leurs enfants. Et elle soutient ses décisions, lui parle gentiment et dit du bien de lui, même s’il n’adore pas Jéhovah.","Ébug Zamba ya dzo na mininga “a yeane bi mfang olugu asu nnom woé” ( ). Nala a tilen ya? A ne dzam tsog mimbembe mefulu me nnom ai mengul a ve asu yi na a nòng ndzug ai nda bot dzaba. A sug nnom é mintsigen a nòng, a kòbò ai nyè ai osesa ai mbeng ose tò a kang ki Yéhova."
fr,ewo,"La Bible dit d’un homme et d’une femme qui se marient : « Les deux seront une seule chair » ( ). Cela veut dire qu’ils doivent lutter contre toute tendance à s’éloigner l’un de l’autre. Ils le font en passant régulièrement du temps ensemble, et en se disant avec franchise et amour ce qu’ils pensent et ressentent. Ils ne permettent à rien ni personne, sauf à Jéhovah, d’être plus important que leur conjoint. Et ils font particulièrement attention à ne pas entretenir d’amitié trop étroite avec quelqu’un d’autre.","Bibel a dzo ai é fam ban é mininga ba lug na: “bò bebè be [ntòya] nson mbòk” ( ). Nala a tilen na ba yeane saala é dzom ése é ne dzam bò na be kèène. Asu té ba yeane lot abui abog fufulu, be kòbega a sang sang ai éding ése é dzom ba tsog nge a woren. Ba dzogè ki na mot zing ngeki dzom zing éfe é tòbò nfi abui asu daba aloro Yéhova. Ba bò fe abui okala na te ba lat ngul amvoé ai mot zing mfe aloro abim la yeane."
fr,ewo,Examinons quelques principes bibliques qui peuvent renforcer votre couple.,Bi tam yen é tin memvéndé é ne dzam wono alug doé.
fr,ewo,La Bible dit que « les maris doivent aimer leurs femmes comme leurs propres corps » ( ). Qu’est-ce que cela signifie ? Regarder la VIDÉO et discuter de la question qui suit.,Bibel a dzo na “beyom ba yeane ding beyal baba ane ba ding bòbeben” ( ). Nala a tilen ya? Bebege VIDÉO ai yalen a nsili hi:
fr,ewo,"VIDÉO : Maris, aimez vos femmes comme vous-mêmes (9:53)","VIDÉO: A beyom, dingʼeni beyal bân ane mia ding minabeben (9:53)"
fr,ewo,De quelles façons un mari montre-t-il qu’il aime sa femme et qu’il prend soin d’elle ?,Akia afé nnom a lere ngal na a ding nyè a nòng fe ndzug ai nyè?
fr,ewo,Lire et discuter de cette question :,Langʼa ai yalen a nsili hi:
fr,ewo,Comment un mari manifeste-t-il ces qualités envers sa femme ?,Akia afé nnom a yeane lere ngal mefulu me ne éfus dzi?
fr,ewo,"La Bible encourage une femme à respecter son mari, qu’il adore Jéhovah ou non. Lire et discuter de ces questions :","Bibel a dzo ai mininga na a lugu nnom woé, tò nde nnom woé a kang Yéhova tò a kang ki nyè. Langʼa ai yalen minsili mi tsaa mi:"
fr,ewo,"Si votre mari n’est pas Témoin, vous espérez sans doute qu’un jour il adore Jéhovah. À votre avis, qu’est-ce qui le touchera le plus ? Que vous lui prêchiez sans arrêt, ou que vous ayez une belle conduite et que vous le respectiez ? Pourquoi ?","Nge nnom woé a seki mboala Yéhova, o bele te afiri yi na a yi kang Yéhova amos zing. A ntsogen woé dzé ya yi nyè dang namba nnem? Ye na o kat nyè Ébug Zamba abog ase ngeki na o bi mimbembe mefulu o vaa fe nyè olugu a yeane ai nyè? Asu dzé?"
fr,ewo,"Bien souvent, un mari et sa femme sont d’accord sur les décisions à prendre. Mais parfois, une femme n’est pas d’accord avec son mari. Dans ce cas, après avoir exprimé son point de vue calmement et respectueusement, elle reconnaîtra que c’est à son mari que Jéhovah a confié la responsabilité de décider ce qui est le mieux pour la famille. Elle fera tout pour soutenir sa décision. Elle contribuera ainsi à ce qu’il y ait une bonne ambiance à la maison. Lire et discuter de cette question :","Nnom ban ngal ba yeane kui king asu mintsigen ba nòng. Ve ane dzam kui biyòng bizing na mininga a seki king ai nnom a mam mese. Nge da kui nala, mininga a yeane kat nnom ntsogen woé a évovoé ai olugu ase a tegè vuene na nnom woé nnye Yéhova a nga ve mbege ya nòng mintsigen asu nda bot. A yi bò é dzam ase da sili asu yi na a sug nyè. Nge a bò nala, mvòè ai évovoé bia yi tòbò a nda bot. Langʼa ai yalen a nsili hi:"
fr,ewo,Que ressent Jéhovah quand une femme respecte son mari ?,Dzé Yéhova a woren éyòng mininga a ve nnom woé olugu a yeane ai nyè?
fr,ewo,Aucun mariage n’est parfait. Un mari et sa femme doivent donc travailler ensemble à résoudre leurs problèmes. Regarder la VIDÉO et discuter des questions qui suivent.,Alug zing a seki tegè ai mindzug. Nnom ban ngal ba yeane hm sié fufulu asu yi na be kom é mam ma bebe mindzug ba toben ai miè. Bebege VIDÉO ai yalen minsili mi tsaa mi.
fr,ewo,VIDÉO : Comment resserrer les liens du mariage (5:44),VIDÉO: Akia o ne bò na alug doé a tuene lat (5:44)
fr,ewo,Qu’est-ce qui montre que le mari et la femme s’éloignaient l’un de l’autre ?,Dzé ya lere na nnom ban ngal be nga be tegè fe kui king?
fr,ewo,Qu’ont-ils fait pour renforcer leur couple ?,Dzé be nga bò asu yi na be wono alug daba?
fr,ewo,"Lire et . Après avoir lu chaque verset, discuter de cette question :","Langʼa . Amvus yi na o lang ya éfus ése, yalen a nsili hi:"
fr,ewo,Quel effet l’application de ce conseil aura-t-elle sur un couple ?,Dzé ya yi kui nge belug ba tong melebega meté?
fr,ewo,"La Bible nous demande de nous honorer les uns les autres. Honorer quelqu’un, c’est notamment lui témoigner du respect et de la gentillesse. Lire et discuter de ces questions :",Bibel a lere na bia bese bia yeane veen olugu. A lugu é mot mbòk a tilen na a lere nyè ésemé ai osesa. Langʼa ai yalen minsili mi tsaa mi:
fr,ewo,Un mari ou une femme doit-il attendre de l’autre qu’il l’honore en premier ? Pourquoi ?,"A zang belug bebè, ye mbòk a yeane yanga na ényò mbòk nnye a tòbò é mot osu a semé nyè ngaa? Asu dzé?"
fr,ewo,"ON ENTEND PARFOIS : « Mon conjoint et moi, on n’est plus aussi proches qu’avant. »",ABUI BOT DA DZO NA: “É mot bia ai nyè bi ne nlugen bi seki fe king ane osusua.”
fr,ewo,"Si quelqu’un vous dit cela, comment lui montreriez-vous que la Bible peut aider son couple ?","Nge mot a zu wò kat nala, akia afé wò yi nyè lere na Bibel a ne nyè dzam vòli na a baala alug dié?"
fr,ewo,"Un mari et sa femme peuvent être heureux s’ils s’aiment, se respectent et appliquent les principes de la Bible.","Nnom ban ngal be ne dzam tòbò mintak nge ba dingʼen, be veen olugu, be nying fe ane tin memvéndé ya Bibel ya lere."
fr,ewo,Comment un mari peut-il contribuer au bonheur de son couple ?,Akia afé nnom a ne dzam bò na nda alug dzié é tòbò mvòè?
fr,ewo,Comment une femme peut-elle contribuer au bonheur de son couple ?,Akia afé mininga a ne dzam bò na nda alug dzié é tòbò mvòè?
fr,ewo,"Si vous êtes marié(e), quels principes de la Bible vous aideront à renforcer votre couple ?","Nge o ne nlugen, tin memvéndé ya Bibel fé ya yi wò vòli na o yem wono alug doé?"
fr,ewo,Des idées pratiques qui vous aideront à avoir une vie de famille heureuse.,Mimbòen mia yi mina vòli na mi bi é nda bot ya nying a mintak.
fr,ewo,Le secret des familles heureuses (brochure),Le secret des familles heureuses (nsò kalara)
fr,ewo,Une vidéo musicale qui parle du bonheur qu’on ressent lorsqu’on applique les conseils de Dieu dans son couple.,É vidéo a lere mintak belug ba woren éyòng ba wulu ane tin memvéndé ya Bibel ya lere.
fr,ewo,Quelqu’un comme toi (4:26),Quelquʼun comme toi 4:26
fr,ewo,Que veut dire se soumettre à l’autorité de son mari ?,Dzé ya tilen asu mininga na a suu émen édzoé nnom a si?
fr,ewo,"« Des femmes qui se soumettent à l’autorité » ( La Tour de Garde , 15 mai 2010)","“Des femmes qui se soumettent à lʼautorité” ( La Tour de Garde, 15 mai 2010)"
fr,ewo,"Un couple a surmonté différents problèmes graves, dont le divorce.",Melebega ya Bibel a ma bebe alug.
fr,ewo,Nous avons reconstruit notre mariage grâce à Jéhovah (5:14),Bibel a he nyii nda alug dzaan 7:12
fr,ewo,"Les enfants sont un cadeau de Jéhovah. Jéhovah demande aux parents d’en prendre soin. Pour les aider, il leur donne des conseils. Il dit aussi aux enfants ce qu’ils peuvent faire pour que leur famille soit heureuse.","Bòn be ne éfaa ya sò abe Yéhova. Yéhova a yi na bebondé be nòng ndzug ai bò. Asu yi na be bò ésié té mbeng, Yéhova a ve bebondé melebega. A kat fe bòngò é dzom ba yeane bò asu yi na nda bot dzaba é nying a mintak."
fr,ewo,Jéhovah veut que les parents aiment leurs enfants et passent le plus de temps possible avec eux. Il veut aussi qu’ils protègent leurs enfants et qu’ils se servent des principes bibliques pour les éduquer ( ). Il dit aux pères : « Continuez à les élever conformément aux principes et aux avertissements de Jéhovah » (lire ). Jéhovah se réjouit quand des parents suivent ce conseil et qu’ils ne confient pas à quelqu’un d’autre la responsabilité d’éduquer leurs enfants.,"Yéhova a yi na bebondé be ding bòn baba, be lot fe abui abog ai bò. A yi fe na be tuene baala bòn baba, be belen fe ai ayegele ya Bibel asu yi na be nèè bò ( ). A dzo ai bésia na: “Ve mi yaligi [nèè] bò ai melebega, ai nyegelen Nti” (Langʼa ). Yéhova a ne mintak éyòng bebondé ba tong melebega meté ai éyòng ba ve ki mot mfe mbege ya nèè bòn baba."
fr,ewo,"Jéhovah demande aux enfants : ‘Obéissez à vos parents’ (lire ). Des enfants qui respectent leurs parents et qui leur obéissent font plaisir à Jéhovah et à leurs parents ( ). Jésus a donné un bon exemple quand il était enfant. Même s’il était parfait, il obéissait à ses parents et il les respectait ( ).","Yéhova a dzo ai bòngò na: “Bòen bebondé bân mewog” (Langʼa ). É bòngò ba lugu bebondé baba be wogo fe bò, ba ve Yéhova ai bebondé baba mintak a nnem ( ). Yésus a nga ve mbembe mvulna éyòng a nga be mòngò. Tò nde a nga be tegè ai nsem, a nga be wogo bebondé boé, a lugu fe bò ( )."
fr,ewo,"Si vous êtes parent, vous voulez certainement que vos enfants aiment Jéhovah autant que vous. Comment pouvez-vous les y aider ? Voici ce que recommande la Bible : « Il faudra que tu les inculques [les paroles de Jéhovah] à tes fils et que tu en parles quand tu seras assis dans ta maison et quand tu marcheras sur la route » ( ). « Inculquer » veut dire enseigner en répétant. Vous savez que vous devez souvent répéter une chose à vos enfants pour qu’ils s’en souviennent. Ce verset signifie donc que vous devez régulièrement chercher des occasions de parler de Jéhovah à vos enfants. C’est bien de réserver du temps chaque semaine pour étudier la Bible en famille—ou seul, si vous n’avez pas d’enfant.","Nge o ne mbondé, wò yi fò na bòn boé be ding Yéhova ane wòmen. Akia afé o ne bò vòli? Bibel a dzo na: “Wò yi yegele biè [bibug bi Yéhova] bòn boé, a kòbò bò biè éyòng o toa a nda dzoé, ai éyòng wò wulu a zen” ( ). A yegele a tilen na wò yeane bò yin o bâlen fe é mam wò yi na wò kalen bò. Yeme na, wò yeane kare bâlen bòngò dzom zing abui biyòng asu yi na be kare dò tsog. Éfus Bibel té ya tilen hm na, wò yeane dzeng mezen ya yegele bòn boé é mam ma bebe Yéhova mban. A ne mbeng na o dzeng abog sòndò ase, asu yi na o kare yègè Bibel ai nda bot dzoé, ngeki étam nge o bele ki bòngò."
fr,ewo,Voyons ce que tous les membres de la famille peuvent faire pour être heureux et en sécurité.,Bi tam yen dzé mot ose ya nda bot a yeane bò asu yi na be tòbò a mintak ai évovoé été.
fr,ewo,Éduquer un enfant n’est pas toujours simple. Comment la Bible peut-elle vous aider ? Lire et discuter de ces questions :,"A yegele mòngò wa kare ki bò ébugubu. Nde hm, akia afé Bibel a ne wò dzam vòli? Langʼa ai yalen minsili mi tsaa mi:"
fr,ewo,Comment des parents peuvent-ils montrer qu’ils aiment leurs enfants quand ils parlent avec eux ?,Akia afé bebondé be ne dzam lere na ba ding bòn baba éyòng ba lèè ai bò?
fr,ewo,Pourquoi ne doit-on jamais discipliner * son enfant sous le coup de la colère ?,Asu dzé wò yeane ki ve mòn woé éndegele éyòng wò wog olun? *
fr,ewo,"Pour protéger vos enfants, il est très important que vous parliez de sexualité avec chacun d’eux. Cela vous met peut-être mal à l’aise. Regarder la VIDÉO et discuter des questions qui suivent.","Asu yi na o tuene kala bòn boé, a ne ai nfi abui na, o lèè ai mbòk ose ya abe bò adzo da bebe fam ai mininga. A ne été na dzam té a ne wò dzam ndegele. Bebege VIDÉO ai yalen minsili mi tsaa mi:"
fr,ewo,VIDÉO : Protégeons nos enfants du danger (2:58),VIDÉO: Kalega bòn boé a bebé bemam (2:58)
fr,ewo,Pourquoi certains parents ont-ils du mal à parler de sexualité avec leurs enfants ?,Asu dzé da ndegele bebondé bezing na be lèè ai bòn baba é mam ma bebe fam ai mininga?
fr,ewo,Comment des parents s’y sont-ils pris pour parler de sexualité avec leurs enfants ?,Dzé bebondé bevòk be nga bò asu yi na be kui na be lèè ai bòn baba é mam ma bebe fam ai mininga?
fr,ewo,"Comme des prophéties l’annonçaient, le monde de Satan devient de plus en plus méchant. Lire et discuter de cette question :","Ane minkulen medzo ya Bibel mi nga béndé, émò Satan ya yi ke osu é bò abé abui. Langʼa ai yalen a nsili hi:"
fr,ewo,Parmi les personnes méchantes dont il est question au figurent les prédateurs sexuels. Pourquoi est-il donc important que les parents parlent de sexualité avec leurs enfants et leur expliquent comment se protéger des agresseurs ?,"A tang bebé bebot ya ya dzo ai bò, bi ne lang é ba ba ndamen bòngò ai mvit mam bisok. Amu dzé é ne hm nfi na bebondé be lèè ai bòn baba é mam ma bebe fam ai mininga, be timigi fe bò akia be ne kamen ai bòbeben?"
fr,ewo,Les Témoins de Jéhovah proposent aux parents de nombreux outils qui les aident à parler de sexualité avec leurs enfants et à les protéger des agressions. En voici quelques-uns :,"Beboala be Yéhova ba kuli abui bipkélé asu bebondé a bia vòli bò na be yem lèè ai bòn baba é mam ma bebe fam ai mininga, be yem fe bò kala a bebé bebot. Bivòk ya été bi:"
fr,ewo,Protégez vos enfants (vidéo),Kalega bòn boé (vidéo)
fr,ewo,"Écoute le grand Enseignant, chapitres 10 et 32","Écoute le Grand Enseignant, chapitres 10 et 32"
fr,ewo,« Parler de sexualité à son enfant » ( Réveillez-vous ! n o 5 2016),“Parler de sexualité à son enfant” ( Réveillez-vous! n o 5 2016)
fr,ewo,Les enfants et les adolescents montrent qu’ils respectent leurs parents par la façon dont ils leur parlent. Regarder la VIDÉO et discuter des questions qui suivent.,Bòngò ai binanga ba lere na ba lugu bebondé baba akia ya ba lèè ai bò. Bebege VIDÉO ai yalen minsili mi tsaa mi:
fr,ewo,VIDÉO : Comment communiquer avec mes parents ? (2:19),VIDÉO: Akia afé ma yeane kòbò ai bebondé bama? (2:19)
fr,ewo,Quel intérêt un jeune a-t-il à communiquer respectueusement avec ses parents ?,Nfi mbé énanga mot ya nòng éyòng a lèè ai bebondé boé ai ésémé ése?
fr,ewo,Comment un jeune peut-il montrer qu’il honore ses parents quand il leur parle ?,Akia afé énanga mot é ne lere na ya lugu bebondé boé éyòng a lèè ai bò?
fr,ewo,Lire et discuter de cette question :,Langʼa ai yalen a nsili hi:
fr,ewo,Comment un jeune devrait-il réagir quand ses parents lui donnent un conseil ?,Dzé énanga é ne bò éyòng bebondé boé ba ve nyè melebega mezing?
fr,ewo,Les familles de Témoins de Jéhovah prévoient un moment précis chaque semaine pour leur culte familial. À quoi ressemble ce culte familial ? Regarder la VIDÉO et discuter des questions qui suivent.,Menda mebot Beboala be Yéhova ma telé nguma abog sòndò ase asu ayègè ya nda bot. Ayègè té da fulen ai dzé? Bebege VIDÉO ai yalen minsili mi tsaa mi:
fr,ewo,VIDÉO : Le culte familial : des défis et des joies (8:04),VIDÉO: Ayègè ya nda bot: Mindzug ai bemaa (8:04)
fr,ewo,Comment une famille peut-elle s’y prendre pour tenir régulièrement son culte familial ?,Dzé nda bot é ne dzam bò asu yi na be bò ayègè ya nda bot daba mban?
fr,ewo,Que peut faire un parent pour rendre le culte familial utile et agréable ? (voir l’illustration du début de la leçon).,Dzé mbondé a ne dzam bò asu yi na ayègè ya nda bot dié a tòbò mbeng a bò fe ai nfi? (Bebege fora ya mekèè me ayègè).
fr,ewo,Qu’est-ce qui pourrait vous empêcher d’étudier la Bible en famille ?,Dzé é ne dzam ndegele na ayègè Bibel ya nda bot a bòben?
fr,ewo,Jéhovah voulait que les familles israélites parlent régulièrement de sa Parole. Lire et discuter de cette question :,Yéhova a nga be yi na menda mebot ya ayòng Israel me lèè é mam me bebege Ébug dzié mban. Langʼa ai yalen a nsili hi:
fr,ewo,Comment pouvez-vous appliquer ce principe ?,Akia afé o ne dzam tong é tin mvéndé nyi?
fr,ewo,Préparer les réunions.,Mi ne komezen bikoen fufulu.
fr,ewo,Lire un récit biblique que votre famille aime et en discuter.,Mi ne lang nlang ya Bibel a mot ose ya nda bot a ding ai a fas wa fufulu.
fr,ewo,"Si vous avez de jeunes enfants, télécharger ou imprimer une activité pour les enfants depuis jw.org.","Nge o bele ban bòngò, o ne wari ésié ya bebe bòngò a jw.org."
fr,ewo,"Si vous avez des enfants adolescents, discuter d’un article de jw.org pour les adolescents .","Nge o bele binanga, o ne lèè ai bò fufulu nlangʼen o bebege binanga a jw.org."
fr,ewo,Mettre en scène une histoire biblique.,A voé ane nlang Bibel zing o nga loren.
fr,ewo,Regarder une vidéo sur jw.org et en discuter.,A bebe vidéo a jw.org ai a fas fufulu.
fr,ewo,ON ENTEND PARFOIS : « La Bible est trop compliquée pour les enfants. »,ABUI BOT DA DZO NA: “Bibel a ne ayié ya wog asu bòngò.”
fr,ewo,Que répondriez-vous ?,Akia afé o ne yalen?
fr,ewo,"Jéhovah veut que les parents aiment, éduquent et protègent leurs enfants, que les enfants respectent leurs parents et leur obéissent, et que les familles l’adorent ensemble.","Yéhova a yi na bebondé be ding, be yegele, be baala fe bòn baba, ai na bòngò be lugu bebondé baba be bò fe bò mewog. A yi fe na menda mebot me kang nyè fufulu."
fr,ewo,Comment les parents peuvent-ils éduquer et protéger leurs enfants ?,Akia afé bebondé be ne dzam yegele be baala fe bòn baba?
fr,ewo,Comment les enfants peuvent-ils honorer leurs parents ?,Akia afé bòngò be ne dzam semé bebondé baba?
fr,ewo,Quels bienfaits y a-t-il à réserver chaque semaine du temps au culte familial ?,Bemaa befé nda bot dzoé ya bi éyòng mia bò ayègè ya nda bot mban?
fr,ewo,Comment préparer un enfant à la vie d’adulte ?,Akia afé o ne komesen mòn woé asu énying dzié éyòng a yi kui nya moro?
fr,ewo,« Six valeurs à transmettre aux enfants » ( Réveillez-vous ! n o 2 2019),“Six valeurs à transmettre aux enfants” ( Réveillez-vous! No. 2 2019)
fr,ewo,Des conseils bibliques utiles pour ceux qui prennent soin d’un parent âgé.,Melebega ya Bibel me ne ai nfi asu é ba ba nòng ndzug ai mbondé a yomboya.
fr,ewo,« Prendre soin de ses parents âgés : qu’en dit la Bible ? » (article jw.org),“Prendre soin de ses parents âgés: quʼen dit la Bible?” (Nlangʼen a jw.org)
fr,ewo,L’histoire d’un homme qui ne savait pas comment élever des enfants mais qui a réussi à être un bon père.,"Nlang é mot a nga be yeme ki akia ya a mbe dzam nèè bòn boé, ve a nga kèène tòbò mbembe ésia."
fr,ewo,Jéhovah nous a appris comment élever nos enfants (5:58),Ayegele Yéhova da vòli me nèè nda bot dzama 5:58
fr,ewo,Comment un papa peut-il renforcer sa relation avec son fils ?,Akia ya ésia a ne dzam bi mbembe élat ai ndomen dzié.
fr,ewo,"« Comment un père peut-il rester proche de son fils ? » ( La Tour de Garde , 1 er novembre 2011)","“Comment un père peut-il rester proche de son fils?” ( La Tour de Garde, 1 er novembre 2011)"
fr,ewo,"^ Dans la Bible, discipliner signifie enseigner, guider ou corriger. Cela n’implique jamais la maltraitance ou la cruauté ( ).","^ A Bibel, “a ve mòngò éndegele” a tilen na a yegele, a tòngʼlò, ai a vòli nyè na a tséndé mbe fulu zing. Nala wa tilen ki na a tibili nyè ( )."
fr,ewo,"En dotant l’être humain de la parole, Jéhovah lui a fait un merveilleux cadeau. Il est donc logique qu’il attache de l’importance à la façon dont nous utilisons notre langue (lire ). Voyons comment nous pouvons honorer Jéhovah par notre langage.","Éyòng Yéhova a nga tié bia, a nga ve bia sug ya mbembe éfaa: nkòbò. A ne hm nfi a mis moé na, bi yem belen ai éfaa té (Langʼa ). Bia zu yen ayègè di akia ya bi ne semé Yéhova ai nkòbò waan."
fr,ewo,"La Bible dit : « Continuez à vous encourager et à vous affermir les uns les autres » ( ). Connaissez-vous quelqu’un qui n’a pas le moral en ce moment ? Comment l’encourager ? Vous pouvez lui dire que vous tenez à lui, et lui rappeler ce que vous appréciez chez lui. Pensez-vous à un verset qui ferait du bien à quelqu’un ? Il y en a certainement beaucoup. Enfin, n’oubliez pas que la façon dont on dit les choses est aussi importante, sinon plus, que les mots eux-mêmes. Alors, parlez toujours avec douceur, avec gentillesse ( ).","Bibel a dzo na “Keen osu na mina veen ngul a nyòl, mi longʼen fe mina mina” ( ). Ye wò yem mot zing a bele mindzug? Akia afé o ne nyè ve awono? O ne nyè dzam kat na wò wog nyè mintié, nde fe wò ding nyè asu mefulu moé. Ye wò yem éfus Bibel zing é ne vòli mot? Kan bifus bité bi ne fò abui. Te wò vuene na, king nkòbò dzoé é ne fe ai nfi abog zing aloro bibug wò belen ai biè. Nde hm, bii fulu ya kòbò ai osesa ai ébubut ( )."
fr,ewo,On lit dans la Bible : « Qu’aucune parole pourrie ne sorte de votre bouche » (lire ). Il nous faut donc éviter tout langage vulgaire et toute remarque volontairement blessante. Nous rejetons aussi le bavardage malveillant et la calomnie (lire ).,Bia lang a Bibel na: “Te mbe nkòbò a kui mina a anyu” (Langʼa ). Nala a tilen na bia yeane saala mvit minkòbò ai bibug bia balen. Bia yi fe saala ékokòbò ai minnal (Langʼa ).
fr,ewo,"En général, ce qu’on dit est le reflet de ce qu’on pense et de ce qu’on ressent ( ). D’où l’importance d’arrêter notre esprit sur des choses positives, sur des choses ‘justes, pures, qui méritent d’être aimées et qui sont dignes de louanges’ ( ). Pour y parvenir, il faut bien choisir nos divertissements et nos amis ( ). Il est bon aussi de réfléchir avant de parler et de nous demander quel effet nos paroles auront sur les autres. La Bible dit : « Des paroles irréfléchies sont comme des coups d’épée, alors que la langue des sages apporte la guérison » ( ).","Da kare kui na, é dzom mot a kòbò é ne é dzi a tsog ( ). Asu té ndò a ne ai nfi na, bi kare tsog é mam me ne mbeng, é mam mese me ne susuo, afûm, a ma yeane ai éding, ai é ma ba kam ( ). Asu yi na a bòben nala, bia yeane tuene tòb mimvomen miaan ai bemvoé baan ( ). A ne fe mbeng na bi kare bindi osusua yi na bia kòbò, bi siligi fe biabeben é dzom minkòbò miaan mi ne dzam bò é bot bevòk. Bibel a dzo na: “Bibug bi nyak bi ne ane ba dzi wò mimkpadi mekòng, ve oyem mimfefeg wa sò ai mvòè” ( )."
fr,ewo,Voyons plus en détail comment parler d’une façon qui honore Jéhovah et qui encourage les autres.,"Bi tam yen akia afé bi ne semé Yéhova ai nkòbò waan, bi yem fe wono é bot bevòk."
fr,ewo,Il nous arrive à tous de dire des choses que l’on regrette ensuite ( ). Lire et discuter de ces questions :,Da kare bi kui na bi singi é mam bi nga dzo ( ). Langʼa ai yalen minsili mi tsaa mi:
fr,ewo,"Pour mieux maîtriser votre langue, lesquelles de ces qualités pourriez-vous demander à Jéhovah de vous aider à cultiver ? Dans quelles situations ces qualités vous seraient-elles utiles ? Pourquoi ?","Asu yi na o yem bò okala ai bibug bié, mefulu mefé ya mefulu mese ma o ne dzam dzaa Yéhova na a vòli wò na o bi? Mefulu meté ma yi wò bò nfi a mezen mefé? Ai asu dzé?"
fr,ewo,Lire et discuter de cette question :,Langʼa ai a yalen nsili hi:
fr,ewo,Quel effet vos amis et vos divertissements peuvent-ils avoir sur votre façon de parler ?,Akia afé bemvoé boé ai mimvomen mié mi ne dzam tséndé nkòbò woé?
fr,ewo,Lire et discuter de cette question :,"Langʼa , ai yalen a nsili hi:"
fr,ewo,Dans quels cas est-il préférable de se taire ou d’attendre le bon moment pour parler ?,Mekia mebog mefé me ne mbeng na o tòbò évol ngeki na o yanga mbembe abog asu yi na o kòbò?
fr,ewo,Comment éviter d’avoir des paroles blessantes ou désagréables ? Regarder la VIDÉO et discuter des questions qui suivent.,Akia afé bi ne dzam saala metè ai bibug bia balen? Bebege VIDÉO ai yalen minsili mi tsaa mi:
fr,ewo,VIDÉO : « Des paroles bonnes pour affermir » (4:07),VIDÉO: Belen “ai abeng bibug asu yi na o wono” é bot bevòk (4:07)
fr,ewo,De quoi le frère s’est-il rendu compte ?,Dzé madzang a nga kèène yem?
fr,ewo,Qu’a-t-il fait pour changer ?,A nga bò ya asu yi na a tséndé?
fr,ewo,Lire et discuter de cette question :,Langʼa ai yalen a nsili hi:
fr,ewo,"Quand on est sur le point de parler en mal de quelqu’un, de quoi faut-il se rappeler ?","Éyòng o nteleya na wò kòbò ai é mot mbòk abé, dzé wò yeane tari tsog?"
fr,ewo,Lire et discuter de cette question :,Langʼa ai yalen a nsili hi:
fr,ewo,"Si quelqu’un parle en mal de nous, comment ces versets nous aideront-ils à relativiser les choses ?","Nge mot a kòbò ai bia abé, akia afé bifus bi bi ne bi dzam vòli na te bia baala dò a nnem?"
fr,ewo,"Jéhovah veut que, dans la famille, on se parle avec bonté, avec gentillesse. Regarder la VIDÉO et discuter de la question qui suit.","Yéhova a yi na a nda bot, bot be kòbò ai osesa. Bebege VIDÉO , ai yalen a nsili hi:"
fr,ewo,VIDÉO : L’amour et le respect unissent les familles (3:08),VIDÉO: Éding ai ésémé bia lat menda mebot (3:08)
fr,ewo,Qu’est-ce qui vous aidera à parler gentiment aux membres de votre famille ?,Dzé ya yi wò vòli na o yem kòbò ai bot ya nda bot dzoé ai osesa ose?
fr,ewo,Lire et discuter de cette question :,Langʼa ai yalen a nsili hi:
fr,ewo,Quel genre de paroles peuvent faire du bien à votre famille ?,Akia minkòbò afé mi ne dzam bò na bot ya nda bot dzoé be woren na wò ding bò?
fr,ewo,Jéhovah ne s’est pas retenu d’exprimer ses sentiments pour son Fils. Lire et discuter de cette question :,Yéhova a ndziki wog osòn na a kat mòn woé é dzom a woren asu dié. Langʼa ai yalen a nsili hi:
fr,ewo,Comment pouvez-vous imiter Jéhovah dans la façon dont vous communiquez avec les membres de votre famille ?,Akia afé bi ne dzam vu Yéhova éyòng bia lèè ai bot ya nda bot dzaan?
fr,ewo,"ON ENTEND PARFOIS : « Moi, je dis ce que je pense. Si les autres le prennent mal, c’est leur problème. »","ABUI BOT DA DZO NA: “Me ma kòbò é dzam ma tsog, nge é bot bevòk ba wog olun adzo daba.”"
fr,ewo,Êtes-vous du même avis ? Pourquoi ?,Ye o ne king ai bò? Asu dzé?
fr,ewo,"Les mots ont un pouvoir. Il faut donc réfléchir à ce qu’on dit, mais aussi choisir le moment et la manière de le dire.","Bibug bi ne ngul ya vòli nge a bali é bot bevòk. Da sili hm na, mot a tari tsog é dzom a yi kòbò, a tòb mbembe abog ai akia a yi dò kòbò."
fr,ewo,Citez quelques façons de bien utiliser notre langue.,Mekia mefé bia yeane tuene belen ai oyem waan?
fr,ewo,Quels genres de propos êtes-vous déterminé à rejeter ?,Akia bibug afé wò nòng ntsigen na wò dzogè?
fr,ewo,Qu’est-ce qui vous aidera à toujours avoir des paroles aimables et encourageantes ?,"Dzé ya yi wò vòli na o kare bi bibug bi ne mbeng, bi vaa fe awono?"
fr,ewo,Trois conseils pour être positif.,Melebega me ne wò vòli na o bi mimbembe bibug.
fr,ewo,Progresse dans la langue des sages (8:04),Progresse dans la langue des sages 8:04
fr,ewo,Comment arrêter de dire des gros mots ?,Yene akia afé o ne dzam dzogè metè.
fr,ewo,« Est-ce vraiment mal d’être grossier ? » (article jw.org),“Est-ce vraiment mal dʼêtre grossier?” (nlangʼen a jw.org)
fr,ewo,Des conseils pour dire non au bavardage malveillant.,Melebega asu yi na mot a telé bikokòbò.
fr,ewo,Comment arrêter les bruits qui courent ? (2:36),Akia afé me ne telé andondòng? 2:36
fr,ewo,Comment Jéhovah a aidé un homme à maîtriser son langage.,Yene akia ya Yéhova a nga vòli mot zing na a yem belen ai oyem woé.
fr,ewo,"« J’ai sérieusement réfléchi à ce que je faisais de ma vie » ( La Tour de Garde , 1 er août 2013)","“Jʼai sérieusement réfléchi à ce que je faisais de ma vie” ( La Tour de Garde, 1 er août, 2013)"
fr,ewo,Qu’est-ce qui peut influencer notre façon de parler ?,Mam mefé me ne dzam bò na nkòbò waan o tséndé?
fr,ewo,Guettez les occasions de féliciter.,Dzengʼe mezen ya tamen é bot bevòk
fr,ewo,"Nous avons tous des goûts différents en matière de vêtements ou de coiffure. En suivant quelques principes bibliques simples, nous pouvons exprimer nos préférences personnelles mais aussi plaire à Jéhovah. Examinons quelques-uns de ces principes.",Bia bese bia bòt ki akia deda. Éyòng bia tong tin memvéndé ya Bibel bi ne dzam tòbò fili ya bòt biyié akia ya o ne mbeng bi vaa fe Yéhova duma. Bi tam hm yen metin memvéndé mezing ya étéré.
fr,ewo,"Nous devons choisir « une tenue convenable, avec modestie et bon sens » , et garder une apparence nette qui montre que nous sommes ‘attachés à Dieu’ ( ). Voyons les principes contenus dans ces versets : 1) Notre tenue doit être « convenable ». Comme vous avez pu le constater, parmi le peuple de Jéhovah il y a de nombreux goûts différents, mais nos vêtements et nos coiffures honorent le Dieu que nous adorons. 2) La « modestie » nous retient de nous habiller d’une manière provocante ou qui attire l’attention sur nous. 3) Le « bon sens » nous évite de devenir esclaves de la mode et de tous ses changements. 4) Notre apparence devrait toujours montrer que nous sommes ‘attachés à Dieu’, c’est-à-dire que nous adorons le vrai Dieu ( ).","Bia yeane tòb mbòt “wa yéné mbeng ai dzin” asu yi na bi lere na bia semé “élat dzaan ai Zamba” ( ). Bi tam yen é tin memvéndé Bibel a ngoné é bifus bi: (1) Mbòt waan wa yeane “yéné mbeng.” Éyòng wò yen Beboala be Yéhova a bikoen biaba be bege biyié mekia mekia, ve mimbòt miaba ai nkomen nlo waba bia ve Yéhova é Zamba ba kang duma. (2) “Dzin” da kamen ai bia na bi bòt akia da duru ébiandi ai minyéné. (3) “Feg” ya kamen ai bia na te bia vengʼen belò mimkpamen mimbòt. (4) Mbòt waan wa yeane lere abog ase na bia semé élat dzaan ai Zamba, nala a tilen na bia lere na bia “kang mfang Zamba” ( )."
fr,ewo,"Nous sommes libres de choisir ce que nous portons, mais nous devons penser à l’effet que notre apparence va avoir sur les autres. Nous nous efforçons de ne choquer personne et nous faisons « ce qui plaît à [notre] prochain pour son bien, pour le faire grandir » (lire ).","Tò ane bi ne fili ya tòb mbòt waan, bia yeane fas akia ya mbòt waan wa yéné a mis me é bot bevòk. Bia ve mengul asu yi na te bia bò ékòl obak asu mot zing, bi bò fe é dzam ase da sili asu yi na “bi yéné mbeng abe é mot mbòk asu mbeng woé ai awonogo dié” (Langʼa )."
fr,ewo,"Nous veillons toujours à nous habiller convenablement, mais nous y faisons encore plus attention quand nous assistons aux réunions ou quand nous prêchons. Notre tenue ne devrait pas attirer l’attention plus que notre message. Nous voulons qu’elle rende la vérité attirante et qu’elle ‘rehausse la beauté de l’enseignement de Dieu’ ( ).","Bia dzeng abog ase na bi bòt mbeng, ve bia dang bò okala éyòng bia tòbò a bikoen ai éyòng bia bò ékat foé. Mbòt waan wa yeane ki bò é hi minyéné, wa yeane ki buri é foé ya bia kat bot. Bia yi na mbòt waan o bò na bot be bi ngong ya vogolo mbembe foé ya Édzoé ai na o ‘ngoné nyegelen Zambaʼ ( )."
fr,ewo,Voyons ce que nous pouvons faire pour que notre tenue et notre apparence nous identifient à des chrétiens.,Bi tam yen é dzam bi ne bò asu yi na mbòt ai nkeng waan bi lere na bi ne mimfang bekristen.
fr,ewo,Qu’est-ce qui avant tout nous pousse à faire attention à notre apparence ? Lire et discuter de ces questions :,Dzé fò ya dang bi tindi na bi bòt mbeng? Langʼa ai yalen minsili mi tsaa mi:
fr,ewo,Nous représentons Jéhovah. Quel effet cela devrait-il avoir sur la façon dont nous nous habillons ?,"Mbol bia bò ésié Yéhova, dzé nala a yeane bi tindi na bi bò asu mbòt waan?"
fr,ewo,"À votre avis, est-il important de se soucier de l’apparence que l’on a quand on assiste aux réunions ou quand on prêche ? Pourquoi dites-vous cela ?","Mfaa woé, ye a ne ai nfi na bi tòbò mfuben éyòng bi ne a bikoen ngeki ésié ékat foé? Asu dzé?"
fr,ewo,Regarder la VIDÉO .,Bebege VIDÉO .
fr,ewo,VIDÉO : « Faites tout pour la gloire de Dieu » (10:18),VIDÉO: “Bòen mam mese asu olugu Zamba” (10:18)
fr,ewo,"Peu importe le prix de nos vêtements, ce qui compte c’est qu’ils soient nets et appropriés à l’activité que nous faisons. Lire et . Puis discuter des raisons qui nous poussent à rejeter des vêtements qui sont...","É seki mbòt o ne dia abui ngò wa dang nfi, mbeng o ne ve na o tòbò mfuben, o tobegen fe ai ésié ékat foé bia bò. Langʼa , ai kara é bamu ba tindi bia na bi saala é biyié . . ."
fr,ewo,trop décontractés ou négligés.,"bi seki dzin (bi ne mvit, abé ya yéné)"
fr,ewo,"moulants, suggestifs ou sexy.","bi ne bitun, bi yeme a nyòl ngeki é bi bia lere nsò"
fr,ewo,"La Loi mosaïque ne concerne pas les chrétiens, mais elle révèle le point de vue de Jéhovah. Lire et discuter de cette question :","Tò ane memvéndé me Moses ma bebe ki bekristen, ve ma lere akia ya Yéhova a yen mam. Langʼa ai yalen a nsili hi:"
fr,ewo,"Pourquoi devrions-nous rejeter les vêtements ou les coiffures qui font que les hommes ressemblent à des femmes, ou que les femmes ressemblent à des hommes ?",Asu dzé bia yeane saala mimbòt mia bò na fam é nga fulen ai mininga ngeki na bininga be nga fulen ai befam?
fr,ewo,"Lire et , et discuter de ces questions :","Langʼa , ai yalen minsili mi tsaa mi:"
fr,ewo,Pourquoi devrions-nous veiller à ce que notre apparence ne choque pas nos voisins ou les frères et sœurs de l’assemblée ?,Asu dzé bia yeane bò okala na mbòt waan o tòbò ékòl obak asu é bot ya nseng ngeki babedzang ai bekal baan ya akonda?
fr,ewo,Quels genres de tenues et d’apparences sont courants là où vous vivez ?,Akia afé bot ba bòt é vom o toa?
fr,ewo,"À votre avis, certains de ces styles sont-ils inappropriés pour un chrétien ? Pourquoi ?","Mfaa woé, ye mimbòt mizing ya été mi ne abé asu bekristen? Asu dzé?"
fr,ewo,ON ENTEND PARFOIS : « J’ai le droit de m’habiller comme je veux. »,ABUI BOT DA DZO NA: “Me ne fili ya bòt akia ya ma ding.”
fr,ewo,Qu’en pensez-vous ?,Wò wò tsog ya?
fr,ewo,"Quand nous veillons à avoir une apparence digne, nous honorons Jéhovah et nous montrons que nous respectons les autres.","Éyòng bia dzeng na mbòt waan o bò na bi yéné dzin, bia ve Yéhova duma bi lerege fe na bia lugu é bot bevòk."
fr,ewo,Pourquoi notre tenue et notre aspect général sont-ils importants aux yeux de Jéhovah ?,Asu dzé mbòt waan ai akia ya bia yéné o ne ai nfi a mis me Yéhova?
fr,ewo,Citez quelques principes qui devraient guider les décisions que nous prenons par rapport à notre apparence.,Tin memvéndé fé ya yeane bi tòngʼlò éyòng bia nòng mintsigen mia bebe mbòt waan?
fr,ewo,Quel effet notre apparence peut-elle avoir sur la façon dont les autres considèrent le vrai culte ?,Akia afé é bot bevòk be ne dzam yen mfang ékang éyòng ba yen akia ya bi ne mbòren?
fr,ewo,Quel message nos vêtements envoient-ils ?,Mbòt wòmò wa bò na be yen ma ya?
fr,ewo,« Que révèle ma façon de m’habiller ? » (article jw.org),“Que révèle ma façon de mʼhabiller?” (Nlangʼen a jw.org)
fr,ewo,Pourquoi faut-il bien réfléchir avant de se faire tatouer ?,Asu dzé mot a yeane fas mbeng osusua yi na a bò betatouage.
fr,ewo,« Tatouages : qu’en dit la Bible ? » (article jw.org),“Tatouages : quʼen dit la Bible?” (Nlangʼen a jw.org)
fr,ewo,Des principes bibliques qui nous aident à avoir un point de vue équilibré sur notre apparence.,É tin memvéndé fe ya vòli bia na bi nòng mimbembe mintsigen.
fr,ewo,Pourquoi est-ce que je me préoccupe autant de mon apparence ? (4:29),"“Ton habillement honore-t-il Dieu?” ( La Tour de Garde, septembre 2016)"
fr,ewo,L’histoire d’une femme qui a fini par accepter que les autres puissent faire des choix différents.,Nlang mininga zing a nga kèène yebe na é bot bevòk ba tòb akia mimbòt mia selen ai émié?
fr,ewo,"« Je croyais que la coquetterie était condamnable » ( Réveillez-vous ! , 22 décembre 2003)","“Je croyais que la coquetterie était condamnable” ( Réveillez-vous!, 22 décembre 2003)"
fr,ewo,"Notre apparence peut indiquer si nous respectons les personnes qui détiennent une autorité. Même si Jéhovah voit notre cœur, notre apparence devrait montrer que nous le respectons.","Mbòt waan wa lere nge bia semé betebe be osu ya bidzoé. Tò ane Yéhova a yen nnem waan, akia ya bia yéné da yeane lere na bia ve nyè duma"
fr,ewo,Il existe de nombreux styles qui plaisent à Jéhovah.,Abui mimbòt a ne akia ya Yéhova a ding
fr,ewo,"Jéhovah est « le Dieu heureux » ( ). Il veut que nous soyons heureux, nous aussi, et que nous profitions de la vie. Il est heureux de nous voir prendre du temps pour nous reposer et nous détendre. Dans cette leçon, nous verrons comment nous pouvons utiliser nos moments de détente d’une façon qui nous fait du bien et qui plaît à Jéhovah.","Yéhova “a ne Zamba mintak” ( ). A yi na bi tòbò mintak, bi fon fe ai énying. Yéhova a ne mintak éyòng bia nòng abog ya wòè, bi bò fe mimvomen. Ayègè di, bia yi yen akia afé bi ne yem belen ai abog mimvomen daan asu yi na a tòbò bia ai nfi, a fû fe Yéhova nnem."
fr,ewo,"Qu’aimez-vous faire pour vous détendre ? Certains aiment rester tranquillement chez eux pour lire un livre, écouter de la musique, regarder un film ou surfer sur Internet. D’autres préfèrent pratiquer une activité physique avec des amis, comme la randonnée, la nage ou un sport collectif. Quels que soient nos goûts, nous devons veiller à ce que nos divertissements ‘plaisent au Seigneur’ ( ). C’est important parce que de nombreux divertissements contiennent ou encouragent des choses que Jéhovah déteste, comme la violence, les actes sexuels immoraux ou le spiritisme (lire ). Qu’est-ce qui peut nous aider à bien choisir nos divertissements ?","Dzé wò ding bò éyòng wò lot abog? Bot bezing ba ding be toa amieng a nda dzaba be langʼa kalara​—be vogolo mezik, be bebege befilm ngeki mam ya internet. É ba bevòk ba zombo ke bò bivoé bizing ai bemvoé baba​—ane a ke a dulu, a dzòk a mendim ngeki a lè ndamba. Afiangʼen bò mimvomen bia tòb, bia yeane dzeng na mi bò é mi “mi ne mbeng a mis me Nti” ( ). Nala a ne ai nfi amu abui mimvomen mia lere é mam Yéhova a fem, ane metom, mvit mam ya bisok ngeki mam me mvigi (Langʼa ). Dzé é ne hm bi vòli na bi yem tòb mimvomen miaan?"
fr,ewo,"Si nos amis aiment Jéhovah, ils auront une bonne influence sur nous et ils nous inciteront à choisir de bons divertissements. Comme nous l’avons vu dans la leçon 48, « celui qui marche avec les sages deviendra sage ». Par contre, celui qui passe du temps avec des gens qui n’aiment pas les normes de Dieu « aura des problèmes » ( ).","Nge bemvoé baan ba ding Yéhova, ba yi bi tindi na bi yem tòb mimvomen mi ne mbeng. Ane bi nga yen ayègè 48, “ényò a wulu ai mimfefeg mibot a yi bò feg.” Ve ényò a lot abog dié ai é ba ba ding ki betebega be Yéhova a yi “toben ai abé” ( )."
fr,ewo,"Choisir un divertissement convenable, c’est bien, mais il faut aussi veiller à ne pas y consacrer trop de temps. Sinon, nous n’aurons plus assez de temps pour des activités plus importantes. La Bible nous encourage à faire « le meilleur usage possible de [notre] temps » (lire ).","A tòb é mimvomen mi ne mbeng a mis me Yéhova o ne feg, ve bia yeane fe dzeng na te mia nòng bia abui abog. Nge nala a kui bia, bia yi ki fe dang bi abog ya bò é mam ma dang nfi. Bibel a dzo ai bia na ‘bi yem belen ai abog daanʼ (Langʼa )."
fr,ewo,Voyons comment bien choisir nos divertissements.,Bi tam yen akia ya bi ne tuene tòb mimvomen miaan.
fr,ewo,Pourquoi devrions-nous choisir soigneusement nos divertissements ? Regarder la VIDÉO et discuter des questions qui suivent.,"Asu dzé bia yeane bò okala ai mimvomen bia tòb? Bebege VIDÉO , ai yalen minsili mi tsaa mi:"
fr,ewo,VIDÉO : Comment bien choisir nos divertissements ? (4:39),VIDÉO: Akia mimvomen mifé ma yeane tòb? (4:39)
fr,ewo,Quel point commun y a-t-il entre les combats de gladiateurs et certains divertissements modernes ?,Éfulen éfé é ne a zang mendum begladiateur me bòben osusua a tisòn Roma ai mimvomen ya melu ma?
fr,ewo,Qu’a appris Danny sur les divertissements ?,Ayegele afé Danny a nga nòng a bebege mimvomen?
fr,ewo,Lire et discuter de cette question :,Langʼa ai yalen a nsili hi:
fr,ewo,Quel effet ce verset devrait-il avoir sur vos choix de divertissements ?,Dzé éfus dzi ya yegele wò é bebege mimvomen wò tòb?
fr,ewo,"Quelles choses Jéhovah déteste-t-il ? Lire et . Après avoir lu chaque passage, discuter de cette question :","Mam mefé Yéhova a fem? Langʼa . Amvus nlangʼen bifus bité, yalen a nsili hi:"
fr,ewo,"Parmi les choses mentionnées dans ces versets, lesquelles sont courantes dans les divertissements d’aujourd’hui ?","É mam mese bifus bi bi he dzo, mefé ma bòben a mimvomen ya melu ma?"
fr,ewo,Quoi ? Contient-il des choses que Jéhovah déteste ?,Dzé? Ye mi bele é mam Yéhova a fem?
fr,ewo,Quand ? M’empêche-t-il de passer du temps à des activités plus importantes ?,Abog afé? Ye mia ndegele ma na me bò é mam me ne nfi abui?
fr,ewo,Qui ? M’amène-t-il à fréquenter étroitement ou souvent des gens qui n’aiment pas Jéhovah ?,Ai za? Ye mia tindi ma na me lot abog nge a bò amvoé ai é ba ba ding ki Yéhova ngaa?
fr,ewo,"Pour être en sécurité, il faut rester le plus loin possible du danger. Nous devrions donc rester loin de tout divertissement qui nous semble mauvais.","Asu yi na o tòbò amieng, wò yeane tebe oyab ai é vom o ne abé. Bia yeane hm tebe oyab ai mimvomen mise mi ne abé"
fr,ewo,Regarder la VIDÉO et discuter de la question qui suit.,Bebege VIDÉO ai yalen a nsili hi:
fr,ewo,VIDÉO : Êtes-vous maître de votre temps ? (2:45),VIDÉO: Ye wò yem fò belen ai abog doé? (2:45)
fr,ewo,"Le frère ne regardait rien de malsain, mais quel était son problème ?","Madzang a nga beki a bebege é dzom é ne abé, ve éye adzo a nga be vé?"
fr,ewo,Lire et discuter de cette question :,Langʼa ai yalen a nsili hi:
fr,ewo,Comment ce verset peut-il nous aider à décider combien de temps nous passerons à nous divertir ?,Akia afé éfus dzi é ne bi vòli na bi nòng mbembe ntsigen asu abim abog bi ne dzam lot a mimvomen?
fr,ewo,"Certains divertissements ne plaisent pas à Jéhovah, mais il y en a beaucoup d’autres qui sont très bien. Lire et , et discuter de cette question :","Mimvomen mizing mi ne é mi Yéhova a ding ki, ve mifé mi ne mbeng a mis moé. Langʼa Éklésiast 8:15 ai , ai yalen a nsili hi:"
fr,ewo,Quels divertissements sains aimez-vous ?,Akia abeng mimvomen afé wò ding?
fr,ewo,"ON ENTEND PARFOIS : « Il n’y a rien de mal à avoir des divertissements qui contiennent de la violence, du sexe ou du spiritisme. Le plus important, c’est de ne pas pratiquer ces choses. »","ABUI BOT DA DZO NA: “A seki abé ya yen mimvomen mia ngoné mam metom, mvit mam ya bisok ngeki mam me mvigi, nfi o ne he na te bia bò mam meté.”"
fr,ewo,Qu’en pensez-vous ?,Wò wò tsog ya?
fr,ewo,Jéhovah veut que nous choisissions des divertissements qui nous font du bien et qui sont sains.,"Yéhova a yi na bi tòb é mimvomen mia bò bi mbeng, mi tò fe mfuben a mis moé."
fr,ewo,Quels genres de divertissements un chrétien devrait-il rejeter ?,Akia mimvomen afé kristen ya yeane saala?
fr,ewo,Pourquoi devons-nous faire attention au temps que nous passons à nous divertir ?,Asu dzé bia yeane bò okala ai abim abog bia lot a mimvomen?
fr,ewo,Pourquoi voulez-vous choisir des divertissements qui plaisent à Jéhovah ?,Asu dzé wò yi na wò tòb é mimvomen mia fû Yéhova nnem?
fr,ewo,Qui est responsable du choix de nos divertissements ?,Za a bele mbege ya tòb mimvomen miaan?
fr,ewo,"« Y a-t-il des films, des livres ou des chansons qui sont interdits aux Témoins de Jéhovah ? » (article jw.org)","“Y a t-il des films, des livres ou des chansons qui sont interdits aux Témoins de Jéhovah?” (nlangʼen a jw.org)"
fr,ewo,Des idées pratiques pour bien choisir nos divertissements.,Yene akia ya o ne tòb mimvomen mié ai feg.
fr,ewo,"« Comment se détendre sainement ? » ( La Tour de Garde , 15 octobre 2011)","“Comment se détendre sainement?” ( La Tour de Garde, 15 octobre 2011)"
fr,ewo,L’histoire d’un homme qui a changé sa façon de se divertir (biographie « J’ai même surmonté mes préjugés »).,Nlang é mot a nga tséndé mimvomen mié (biographie “Jʼai même surmonté mes préjugés”).
fr,ewo,"« La Bible transforme des vies » ( La Tour de Garde , 1 er février 2010)","“La Bible transforme des vies” ( La Tour de Garde, 1 er février 2010)"
fr,ewo,Comment une mère de famille réagit-elle face à un film qui a un lien avec le spiritisme ?,Yene akia afé nnyia bòn a bò éyòng a yen na film zing é tii ai mam me mvigi.
fr,ewo,Rejetez les divertissements qui contiennent du spiritisme (2:02),Saala é mimvomen mia ngoné mam me mvigi 2:02
fr,ewo,Il existe de nombreux divertissements sains.,Abui mimvomen a ne mbeng a mis me Zamba
fr,ewo,"Jésus est le Chef de l’assemblée chrétienne ( ). Aujourd’hui, depuis le ciel, Jésus dirige ses disciples sur terre par l’intermédiaire de « l’esclave fidèle et avisé » (lire ). Cet « esclave » est établi par Jésus lui-même ; il a donc une certaine autorité, mais il reste l’esclave de Christ et il sert les frères de Christ. Qui est cet « esclave » ? Et comment prend-il soin de nous ?","Yésus a ne nlo ya akonda bekristen ( ). É melu ma, a toa a yob, veda Yésus a tòngʼlò beyègè boé ya si ése ai zen ya “olò o ne mewog ai feg” (Langʼa ). Yésus émen nnye a nga telé olò té. Tò ane olò té o bele édzoé abim zing, o ne olò “Kristu”, ai wa bò fe bisié asu babenyang be Kristu. Za ben a ne olò té? Ai akia afé a nòng ngab ai bia?"
fr,ewo,"Jéhovah a toujours utilisé un homme ou un petit groupe d’hommes pour guider son peuple ( ). Après la mort de Jésus, c’étaient les apôtres et les anciens de Jérusalem qui dirigeaient l’assemblée ( ). Aujourd’hui aussi, c’est un petit groupe d’anciens, le Collège central des Témoins de Jéhovah, qui fournit la nourriture spirituelle et dirige l’œuvre de prédication. Ce groupe est « l’esclave fidèle et avisé que [Jésus] a établi » ( ). Tous les membres du Collège central sont des chrétiens oints de l’esprit. Ils se réjouissent à l’idée de rejoindre Christ dans son royaume céleste à la fin de leur vie sur terre.","Yéhova a kareya sò a belen ai mot ngeki man andzogoro bot asu yi na a tòngʼlò ayòng dié ( ). Amvus awu Yésus, bapostel ai bemvéndé ya Yérusalem mbò be nga be be tòngʼlò akonda ( ). Melu ma fe, é ne man andzogoro bemvendé​—Tin ékoen Beboala be Yéhova​—ndzò ya ve bidi ya nsisim é tòngʼlò fe ésié ékat foé. Andzogoro té ndò a ne “olò o ne mewog ai feg a Yésus a nga telé” ( ). Bekristen bese ya tin ékoen be ne minwòan ya nsisim. Be ne mintak ya yem na ba yi ke kòb Yésus Kristu a yob a memana me énying dzaba a si mu."
fr,ewo,"Jésus a dit que « l’esclave fidèle et avisé » donnerait à ses disciples « leur nourriture au bon moment » ( ). La nourriture que nous mangeons nous donne de l’énergie et nous aide à rester en bonne santé. De même, la nourriture spirituelle, c’est-à-dire l’enseignement basé sur la Parole de Dieu, nous donne la force dont nous avons besoin pour rester fidèles à Jéhovah et accomplir la mission que Jésus nous a confiée ( ). Nous recevons cette nourriture spirituelle aux réunions et aux assemblées, ainsi que dans les publications et les vidéos basées sur la Bible qui nous aident à comprendre la volonté de Dieu et à renforcer notre amitié avec lui.","Yésus a nga dzo na, olò o ne mewog ai feg wa yi “ve beyègè boé bidi biaba abog da yeane” ( ). É bidi bia di bia ve bia ngul a nyòl, bi vòligi fe na bi saala akòn zing. Dzam deda fe ai bidi ya nsisim​—nala a tilen na ayegele da sò a Bibel​—bia ve bia é ngul ya bia yangʼen ai dzò asu yi na bi bò Yéhova mewog, bi dzala fe asu ésié Yésus a nga ve bia ( ). Bia bi bidi ya nsisim bité a bikoen, a boro bitogen, a bekalara ai a bevidéo ba sangʼla mam ya Bibel, bi vòligi bia na bi tuene wog nyien Zamba ai a lat ngul amvoé ai nyè."
fr,ewo,Voyons pourquoi nous avons besoin de « l’esclave fidèle et avisé ».,Bi tam sò yen asu dzé bia yangʼen ai “olò o ne mewog ai feg”.
fr,ewo,"Sous la direction de Jésus, le Collège central organise les activités des Témoins de Jéhovah. Cela ressemble beaucoup à ce qui se passait chez les premiers chrétiens. Regarder la VIDÉO .",Yésus nnye a tòngʼlò tin ékoen asu yi na é yem bò mbembe ntaan mam asu Beboala be Yéhova. Dzam té da fulen fò ai akia ya bekristen ya ntet mimbu osu be nga be be bò. Bebege VIDÉO .
fr,ewo,VIDÉO : Jéhovah organise son peuple (6:18),VIDÉO: Yéhova a tak bebò bisié boé mbeng (6:18)
fr,ewo,Lire et discuter de cette question :,Langʼa ai yalen a nsili hi:
fr,ewo,Comment ces versets montrent-ils que Jéhovah veut que ses Témoins soient organisés ?,Akia afé bifus bi bia lere na Yéhova a yi na bebò bisié boé be bi abeng ntaan mam?
fr,ewo,La prédication était l’œuvre la plus importante accomplie par les premiers chrétiens. Lire et discuter de ces questions :,Ékat foé ndzò é nga be ésié é dang nfi a bekristen ya ntet mimbu osu be nga be be bò. Langʼa ai yalen minsili mi tsaa mi:
fr,ewo,Qui dirigeait l’œuvre de prédication parmi les premiers chrétiens ?,"Asu bekristen ya ntet mimbu osu, za a nga be a tòngʼlò ésié ékat foé?"
fr,ewo,Comment Pierre et Jean ont-ils réagi aux instructions des autres apôtres ?,Pétrus ban Yohannes be nga bò ya éyòng bapostel bevòk be nga ve betebega?
fr,ewo,La prédication est l’œuvre la plus importante organisée par le Collège central. Regarder la VIDÉO .,"A bisié bise Tin ékoen ya tak, ésié ékat foé ndzò ya dang ai nfi. Bebege VIDÉO ."
fr,ewo,VIDÉO : Concentré sur la prédication (1:24),VIDÉO: Nòng ngab ésié ékat foé ai nnem woé ose (1:24)
fr,ewo,Jésus a dit que la prédication était très importante. Lire et discuter de ces questions :,Yésus a nga dzo na ékat foé ndzò ya dang nfi abui. Langʼa ai yalen minsili mi tsaa mi:
fr,ewo,Pourquoi la prédication est-elle si importante pour le Collège central ?,Asu dzé ékat foé é ne nfi abui asu Tin ékoen?
fr,ewo,Pourquoi faut-il que « l’esclave fidèle et avisé » organise cette œuvre mondiale ?,Amu dzé la yeane na “olò o ne mewog ai feg” ngò o tak ésié ékat foé té a si ése?
fr,ewo,Le Collège central donne des instructions aux chrétiens du monde entier. Comment prend-il ses décisions ? Voyons comment faisait le collège central des premiers chrétiens. Lire et discuter de ces questions :,Tin ékoen ndzò ya ve Beboala be Yéhova ya si ése betebega. Akia afé Tin ékoen ya nòng mintsigen mié? Bi tam yen akia afé Tin ékoen ya ntet mimbu osu é karege bò. Langʼa ai yalen minsili mi tsaa mi:
fr,ewo,À propos de quoi les premiers chrétiens n’étaient-ils pas d’accord ?,Dzam afé a nga bò na bekristen ya ntet mimbu osu be selen meking?
fr,ewo,"Qui Paul, Barnabé et d’autres sont-ils allés voir pour trouver une solution ?","Za Paul, Barnabas ai é bot bevòk be nga ke yen asu yi na be kui king?"
fr,ewo,Lire et discuter de cette question :,"Langʼa , ai yalen a nsili hi:"
fr,ewo,Qu’a fait le collège central pour que Dieu guide sa décision ? (voir les et ).,"Dzé babedzang ya Tin ékoen be nga bò asu yi na Zamba a vòli bò na be nòng mbembe ntsigen? (Bebege , , ai )."
fr,ewo,"Lire et , et discuter de ces questions :","Langʼa ai , ai yalen minsili mi tsaa mi:"
fr,ewo,Comment les premiers chrétiens ont-ils réagi aux instructions du collège central ?,Akia afé bekristen ya ntet mimbu osu be nga nòng ntsigen ya Tin ékoen?
fr,ewo,Comment Jéhovah a-t-il béni leur obéissance ?,Akia afé Yéhova a nga maa mewog maba?
fr,ewo,"Lire et , et discuter de cette question :","Langʼa , ai yalen a nsili hi:"
fr,ewo,"Aujourd’hui, par quoi le Collège central se laisse-t-il guider quand il prend des décisions ?","Melu maan ma, dzé ya tòngʼlò babedzang ya Tin ékoen éyòng ba nòng mintsigen zing?"
fr,ewo,"ON ENTEND PARFOIS : « Écouter le Collège central, ça revient à suivre des hommes. »",ABUI BOT DA DZO NA: “A vogolo Tin ékoen é ne he ane wò tong minguma mibot.”
fr,ewo,Qu’est-ce qui vous prouve que le Collège central est guidé par Jésus ?,Dzé ya lere wò na Yésus nnye a tòngʼlò Tin ékoen?
fr,ewo,Le Collège central est « l’esclave fidèle et avisé » établi par Christ. Il donne des instructions et de la nourriture spirituelle aux chrétiens du monde entier.,Tin ékoen é ne “olò o ne mewog ai feg” ya Kristu a nga telé. Olò té ngò wa ve Beboala be Yéhova ya si ése betebega ai bidi ya nsisim.
fr,ewo,Qui a établi « l’esclave fidèle et avisé » ?,Za a nga telé “olò o ne mewog ai feg”?
fr,ewo,Comment le Collège central prend-il soin de nous ?,Akia afé Tin ékoen ya nòng ngab ai bia?
fr,ewo,Croyez-vous que le Collège central est « l’esclave fidèle et avisé » ?,Ye wò yebe na Tin ékoen ndzò é ne “olò o ne mewog ai feg”?
fr,ewo,Comment le Collège central est organisé.,Yene akia afé babedzang ya Tin ékoen ba tak mam.
fr,ewo,« Qu’est-ce que le Collège central des Témoins de Jéhovah ? » (article jw.org),“Quʼest-ce que le Collège central des Témoins de Jéhovah?” (nlangʼen a jw.org)
fr,ewo,Comment le Collège central s’assure-t-il qu’il transmet une nourriture spirituelle exacte ?,Akia afé babedzang ya Tin ékoen ba bò asu yi na be yem na ba ve bidi bia yeane?
fr,ewo,La production de publications exactes (17:18),La production de publications exactes 17:18
fr,ewo,Ce que ressentent les membres du Collège central à propos de la mission que Jésus leur a confiée.,É dzom babedzang ya Tin ékoen ba woren é bebege ésié ya Yésus a nga lig bò?
fr,ewo,Un honneur inestimable (7:04),Un honneur inestimable 7:04
fr,ewo,Comment nos réunions et nos assemblées prouvent que Jéhovah guide le Collège central.,Akia afé bikoen biaan ai boro bitogen baan bia lere na Yéhova a tòngʼlò Tin ékoen?
fr,ewo,Jéhovah enseigne son peuple (9:39),Jéhovah enseigne son peuple 9:39
fr,ewo,"Le Collège central fournit la nourriture spirituelle, une direction et une aide pratique aux Témoins de Jéhovah du monde entier.","Babedzang ya Tin ékoen ba ve bidi ya nsisim, ba lere zen, ba ve fe Beboala be Yéhova ya si ése nvòlen"
fr,ewo,"Dans le monde, les adorateurs de Jéhovah se comptent par millions et les assemblées, par milliers. Tous ces Témoins se réjouissent de l’enseignement et de la formation qu’ils reçoivent, et ils soutiennent volontiers leur assemblée locale en retour. Ne ressentez-vous pas la même joie dans votre assemblée ?","A si ése, bebò bisié be Yéhova be ne bemilion ai ba kang nyè a mekonda aloro betòzin. Beboala beté bese be ne mintak ai ayegele ba bi, asu té ndò ba sug mekonda maba. Ngaa wò woren mintak mité akonda doé?"
fr,ewo,"Dans l’assemblée, tout le monde peut se rendre utile. Si dans la vôtre, il y a des frères et sœurs âgés ou handicapés, vous pouvez peut-être les aider à assister aux réunions. Ou bien les soutenir autrement, par exemple en leur faisant des courses ou du ménage (lire ). On peut aussi se porter volontaire pour participer au nettoyage ou à la maintenance de la salle du Royaume. Personne ne nous oblige à apporter notre aide ; c’est l’amour pour Dieu et pour nos frères qui nous pousse à ‘nous offrir volontairement’ ( ).","Akonda, mot ose a ne dzam tòbò ai nfi. Nge akonda doé babedzang ai bekal baan bezing be yomboya ngeki na be ne biyem, o ne bò dzam vòli asu yi na be tòbò a bikoen ngeki a sug bò akia afe. Abog zing, o ne bò vòli ke kus biem nge a vòli bò bò mfuben (Langʼa ). O ne fe dzam ve mengul asu yi na o bò mfuben nge a kom abaa Édzoé. Mot zing a bi ki bia ai ngul asu yi na bi sug akonda; éding asu Zamba ai asu babedzang baan ndzò ya tindi bia na ‘ bi ve biabeben ʼ ( )."
fr,ewo,"D’autres possibilités s’offrent à ceux qui sont baptisés. Les frères qui remplissent les conditions bibliques requises peuvent servir l’assemblée comme assistants et, plus tard, comme anciens. Tant les frères que les sœurs peuvent être pionniers et ainsi participer plus pleinement à l’œuvre de prédication. Et certains Témoins se rendent disponibles pour construire des lieux de culte ou s’installent dans une autre région pour soutenir une assemblée qui a besoin d’aide.","Mezen mefe me ne asu é ba be dubeneya. É babedzang ba dzali é mam ma sili a me ne a Bibel, be ne dzam sié akonda ane bediakon, ai amvus ane bemvendé. Tò babedzang, tò bekal be ne nòng ésié mkpaa mefan asu yi na be ke osu na ba sug ékat foé. Beboala be Yéhova bezing ba sug ésié melong ngeki na ba ke tòbò é vom meyangʼen me ne."
fr,ewo,La Bible nous invite à ‘honorer Jéhovah avec ce que nous avons de meilleur’ ( ). C’est une joie de donner de l’argent ou autre chose pour soutenir l’assemblée locale ou l’œuvre mondiale de prédication (lire ). Nos offrandes financent également des opérations de secours. Beaucoup de Témoins mettent régulièrement « quelque chose de côté » pour faire un don (lire ). Ils utilisent pour cela le site donate.jw.org ou les boîtes à offrandes de nos différents lieux de culte. Ce soutien matériel est une façon de montrer à Jéhovah que nous l’aimons.,Bibel a leb bia na “bi lugu Yéhova ai biem biaan bi ne édima” ( ). A ne fò dzam mintak ya ve mòni nge dzom zing éfe asu yi na o sug akonda nge ékat foé ya si ése (Langʼa ). Mimveen miaan mia vòli fe é babedzang ba toben ai mindzug. Abui Beboala ba nyié “dzom zing” a mgbaa asu yi na be bò mimveen (Langʼa ). Ba belen ai sit donate.jw.org nge mengòb mimveen me ne a mebaa me Édzoé maan. Mimveen mité mi ne é zen dzia ya lere Yéhova na bia ding nyè.
fr,ewo,Détaillons quelques manières de soutenir l’assemblée.,Bi tam yen mekia mefe bi ne sug akonda.
fr,ewo,"Jéhovah et Jésus aiment celui qui donne avec joie. Un jour, Jésus a remarqué une femme pauvre qui faisait une offrande. Lire et discuter de ces questions :",Yéhova ban Yésus ba ding é mot a ve ai mintak. Amos zing Yésus a nga yen mbumbua nkus mininga o furigi mòni a minkòb. Langʼa ai yalen minsili mi tsaa mi:
fr,ewo,Faut-il forcément donner beaucoup pour plaire à Jéhovah ?,Ye bi ne obili na bi ve abui asu yi na Yéhova a tòbò mintak?
fr,ewo,Que ressentent Jéhovah et Jésus quand on donne de tout cœur ?,Dzé Yéhova ban Yésus ba woren éyòng bia bò mimveen ai nnem waan ose?
fr,ewo,"Pour en savoir davantage sur l’utilisation des offrandes, regarder la VIDÉO . Puis discuter de la question qui suit.","Asu yi na o yem akia ba belen ai mimveen, bebege VIDÉO ai yalen a nsili hi:"
fr,ewo,VIDÉO : « Un don pour Jéhovah » (4:47),VIDÉO: ‘Mveen asu Yéhovaʼ (4:47)
fr,ewo,Comment nos offrandes profitent-elles à des assemblées du monde entier ?,Akia afé mimveen mia vòli mekonda ya si ése?
fr,ewo,"Par le passé, les adorateurs de Jéhovah ne se contentaient pas de donner de l’argent pour leurs lieux de culte. Ils travaillaient dur pour les entretenir ou les réparer. Lire et discuter de cette question :","Bebò bisié be Yéhova ya osusua be nga beki be vaa ve nyiène mòni asu menda me ékang, be nga be fe be sié abui asu yi na be kom mò. Langʼa ai yalen a nsili hi:"
fr,ewo,Comment chaque Israélite a-t-il pu d’une manière ou d’une autre participer à la réparation du Temple ?,Akia afé man Israel ase a nga be a sugu melong ya tempel?
fr,ewo,"Pour voir comment les Témoins de Jéhovah prennent soin de leurs salles du Royaume, regarder la VIDÉO . Puis discuter des questions qui suivent.","Asu yi na o yen akia ya Beboala be Yéhova ba nòng ndzug ai menda me ékang maba, bebege VIDÉO ai yalen minsili mi tsaa mi:"
fr,ewo,VIDÉO : Entretenons nos lieux de culte (3:31),VIDÉO: Mbaaleni menda me ékang dzaan mfuben (3:31)
fr,ewo,Pourquoi est-il important que la salle du Royaume soit propre et en bon état ?,Asu dzé a ne ai nfi na menda me ékang maan me tòbò mfuben ai mbembe nkomen?
fr,ewo,De quelles façons pouvez-vous apporter votre aide ?,Akia afé o ne dzam ve nvòlen woé?
fr,ewo,La Bible encourage vivement les frères à se mettre au service de l’assemblée. Regarder la VIDÉO et discuter de la question qui suit.,"Bibel a dzo ai bekristen be ne befam na, be sié asu akonda. Bebege VIDÉO ai yalen a nsili o tsaa hi:"
fr,ewo,"VIDÉO : Frères, aspirez à une belle œuvre (5:19)","VIDÉO: A babedzang, nòngʼni ntsigen ya sug akonda (5:19)"
fr,ewo,Comment Ryan en est-il venu à se mettre davantage au service de l’assemblée ?,Akia afé Ryan a nga tari na a sié abui asu akonda?
fr,ewo,La Bible expose les critères qu’un frère doit remplir pour devenir assistant ou ancien. Lire et discuter de ces questions :,Bibel a lere é mam madzang a yeane dzali asu yi na a tòbò diakon ngeki mvendé. Langʼa ai yalen minsili mi tsaa mi:
fr,ewo,Quelles conditions sont requises d’un frère qui voudrait devenir assistant ou ancien ?,Mam mefé ma sili asu yi na é madzang a yi na a tòbò diakon ngeki mvendé a yeane dzali?
fr,ewo,Quelles conditions sont requises de sa famille ? (voir les et ).,Mam mefé ma sili asu bot ya nda bot dzié? ( ai ).
fr,ewo,"Quand les frères s’efforcent de cultiver ces qualités, quel effet bénéfique cela a-t-il sur toute l’assemblée ?","Éyòng babedzang ba ve mengul asu yi na be bi mefulu meté, nfi mbé akonda ase da nòng éteré?"
fr,ewo,"ON POURRAIT VOUS DEMANDER : « Dans votre religion, d’où vient l’argent ? »",MOT A NE WÒ DZAM SILI NA: “É mòni Beboala be Yéhova ba belen ai nyè a sò vé?”
fr,ewo,Que répondriez-vous ?,Wò yi yalen ya?
fr,ewo,"Jéhovah se réjouit de nous voir donner du temps, de l’énergie ou de l’argent pour soutenir l’assemblée.","Yéhova a wog mintak éyòng a yen ane bia ve abog daan, ngul dzaan ai mòni waan asu yi na bi sug akonda."
fr,ewo,Comment pouvons-nous mettre notre temps et notre énergie au service de l’assemblée ?,Akia afé bi ne dzam ve abog daan ai ngul dzaan asu akonda?
fr,ewo,Comment pouvons-nous soutenir l’assemblée matériellement ?,Akia afé bi ne belen ai mòni waan asu yi na bi sug akonda?
fr,ewo,De quelles façons aimeriez-vous apporter votre soutien à l’assemblée ?,Akia afé wò tam na wò sug akonda doé?
fr,ewo,"De nos jours, Dieu exige-t-il la dîme ?","É melu maan ma, ye Zamba a sili mòni ntòlò?"
fr,ewo,« La dîme : Que dit la Bible à ce sujet ? » (article jw.org),“La dîme: Que dit la Bible à ce sujet?” (nlangʼen a jw.org)
fr,ewo,La Bible attribue certains rôles aux hommes baptisés. Une femme baptisée peut-elle remplir ces rôles ?,"Bibel a lere na, befam be dubeneya, be ne dzam bege mimbege akonda. Ve nge da sili na kal dzaan zing é bò bisié babedzang ba yeane bò, dzam té a ne bòben ya?"
fr,ewo,"Le principe de l’autorité dans l’assemblée » ( La Tour de Garde , février 2021)","“Le principe de l’autorité dans l’assemblée” (La Tour de Garde, février 2021 )"
fr,ewo,Les efforts incroyables que font des Témoins pour apporter les publications à leurs frères et sœurs.,Mengul Beboala be Yéhova ba ve asu yi na babenyang ai bekal baba be bi bekalara.
fr,ewo,Ils transportent des publications bibliques au Congo (4:25),Ils transportent des publications bibliques au Congo 4:25
fr,ewo,Les services religieux des Témoins de Jéhovah sont-ils payants ?,Ye ba yaane bisié Beboala be Yéhova ba bò ngaa?
fr,ewo,« Comment les Témoins de Jéhovah financent-ils leurs activités ? » (article jw.org),“Comment les Témoins de Jéhovah financent-ils leurs activités?” (nlangʼen a jw.org)
fr,ewo,"Quand nous sommes avec nos frères et sœurs, nous ressentons la même chose que le roi David : « Qu’il est bon et qu’il est agréable pour des frères d’habiter unis ensemble ! » ( ). Notre unité n’est pas le résultat du hasard. Nous avons tous un rôle à jouer pour la préserver.","Éyòng bi ne ai babedzang ai bekal baan, bia woren dzam deda ane nkukuma David ya a nga dzo na: “Yene akia a ne mbeng ai mintak éyòng babenyang be toa dzom dzia!” ( ). Élat dzaan é seki a zeze, mot ose ya abe bia a ve mengul asu yi na bi baala élat té."
fr,ewo,"Si vous assistez à une réunion dans un autre pays, vous ne comprendrez peut-être pas la langue, mais vous vous sentirez comme chez vous. Pourquoi ? Parce que dans le monde entier nous utilisons les mêmes publications pour étudier la Bible. Et nous nous témoignons de l’amour les uns aux autres. Quel que soit l’endroit où nous vivons, ‘nous louons tous le nom de Jéhovah et nous l’adorons dans l’unité’ ( , note).","Nge wò ke tòbò ékoen Beboala be Yéhova ya nnam mfe, dzam bò na wò yi ki wog nkòbò ya nnam té, veda wò yi woren he ane o ne a nda dzoé. Asu dzé? Amu yi na, a si ése bia belen ai akia bekalara deda asu yi na bi yègè Bibel, ndò fe bia lere fulu éding a zang dzaan. Tò nde bia nying afola si afé, bia bese “bia loé dzoé Yéhova, bi kang fe nyè, bi toa fe dzom dzia” ( )."
fr,ewo,"« Aimez-vous les uns les autres intensément, avec le cœur » ( ). Comment pouvez-vous appliquer ce conseil ? Plutôt que de vous concentrer sur les défauts des autres, cherchez leurs qualités. Ne fréquentez pas seulement ceux qui ont les mêmes centres d’intérêt que vous, et faites connaissance avec des frères et sœurs d’autres origines. Faites tout votre possible pour vous débarrasser de n’importe quel préjugé * (lire ).","“Mina mina tuene dingʼen éding ya sò a nnem” ( ). Akia afé o ne tong melebega ma? Te wò dang bebe ve bivus bi é bot bevòk, dzengʼe mimbebe mefulu miaba. Te wò lat amvoé ve nyiène ai é ba ba yen mam akia wò yen, dzengʼe fe na o yem babenyòng ai bekal boé ya ba sò a meyòng mefe. Vaa mengul moé mese asu yi na o saala fulu timi (Langʼa ). *"
fr,ewo,"Nous sommes unis, mais aussi imparfaits. Tous, nous décevons ou blessons parfois les autres. La Parole de Dieu nous dit : « Continuez à vous [...] pardonner volontiers les uns aux autres » , et elle ajoute : « Tout comme Jéhovah vous a pardonné volontiers, vous devez vous pardonner volontiers » (lire ). Nous blessons Jéhovah très souvent et pourtant il nous pardonne. Il s’attend donc à ce que nous pardonnions à nos frères et sœurs. Et si vous vous rendez compte que vous avez blessé quelqu’un, prenez l’initiative de rétablir la paix * (lire ).","Tò ane bi ne dzom dzia, bi ne fe besem minsem. Da kare kui mebog mezing na bi bali é bot bevòk. Kalara Zamba a dzo ai bia na “keen osu . . . a dzuen mina mina,” a bag fe na: “akia ya Yéhova a nga dzu mina, mi dzuu fe” (Langʼa ). Bia kare sem a mis me Yéhova mebog mezing, veda a dzu bia. A yanga hm na, bia fe bi dzu babedzang ai bekal baan. Nge o woren na o he bali manyòng, dzengʼe mezen asu yi na o kom dzam té (Langʼa ). *"
fr,ewo,Voyons des façons concrètes de favoriser l’unité et la paix de l’assemblée.,Bi tam yen akia bi ne bò asu yi na bi baala élat dzaan ai babenyang baan bi tòbò fe évovoé ai bò.
fr,ewo,Nous voulons aimer tous nos frères et sœurs. Mais ce n’est pas toujours facile d’accepter quelqu’un qui n’est pas comme nous. Qu’est-ce qui peut nous y aider ? Lire et discuter de ces questions :,"Bia yi na bia lere babedzang ai bekal baan na bia ding bò. A seki ébugubu na bi yebe é mot a seki ane bia. Nde hm, dzé é ne bi dzam vòli? Langʼa ai yalen minsili mi tsaa mi:"
fr,ewo,Jéhovah accepte que toutes sortes de personnes l’adorent. Quel effet cela devrait-il avoir sur votre façon de considérer ceux qui n’ont pas les mêmes origines que vous ?,Yéhova a yebe na mekia mebot mese me lugu nyè. Akia afé nala a vòli bi na bi yen é ba be seki ayòng da ai bia?
fr,ewo,Quels préjugés courants là où vous vivez voulez-vous rejeter ?,Mefulu me tii ai timi mefé a me ne é vom o toa wò yi na wò saala?
fr,ewo,Lire et discuter de cette question :,Langʼa ai yalen a nsili hi:
fr,ewo,"À votre avis, comment pourriez-vous devenir plus proche de frères et sœurs qui n’ont pas les mêmes origines que vous ?","Mfaa woé, akia afé o ne dzeng na o yemen ai é babedzang ai bekal be seki ayòng da ai wò?"
fr,ewo,Jéhovah nous pardonne volontiers même si lui n’aura jamais rien à se faire pardonner. Lire et discuter de ces questions :,Yéhova a dzu bia ai nnem woé ose afiangʼen bò na nyè a nga bò ki é dzom zing ya sili na bi dzu nyè. Langʼa ai yalen minsili mi tsaa mi:
fr,ewo,Que nous apprend ce verset sur le pardon de Jéhovah ?,Dzé éfus Bibel dzi ya yegele bia é bebege fulu bidzuga Yéhova?
fr,ewo,Pourquoi êtes-vous heureux que Jéhovah vous pardonne ?,Asu dzé o ne mintak ya yem na Yéhova a dzu wò?
fr,ewo,Dans quelles situations est-il parfois difficile de bien s’entendre avec les autres ?,A bitié bifé da kare bò ayié ya tòbò king ai é bot bevòk?
fr,ewo,Comment imiter Jéhovah pour rester unis à nos frères et sœurs ? Lire et discuter de cette question :,Akia afé bi ne vu Yéhova mfaa ya bi mbembe élat ai babedzang ai bekal baan? Langʼa ai yalen minsili mi tsaa mi:
fr,ewo,"Si quelqu’un vous irrite ou vous blesse, que pourriez-vous faire pour apaiser la situation ?","Nge mot a bò na o wog olun, o ne bò ya asu yi na évovoé é tòbò?"
fr,ewo,"Parfois, c’est nous qui blessons les autres. Dans ce cas, que devrions-nous faire ? Regarder la VIDÉO et discuter de la question qui suit.","Abog zing, bi bia bò é bot bevòk abé. Nge da kui nala, bia yeane bò ya? Bebege VIDÉO ai yalen a nsili hi:"
fr,ewo,VIDÉO : Faire la paix procure des bienfaits (6:01),VIDÉO: A bò mvòè ai é bot bevòk a zu ai bia bemaa (6:01)
fr,ewo,Qu’a fait la sœur pour rétablir la paix ?,Kal dzaan é nga bò ya asu yi na évovoé é tòbò?
fr,ewo,"Quand on apprend à connaître nos frères et sœurs, on découvre leurs points forts et leurs points faibles. Comment faire pour nous concentrer sur leurs bons côtés ? Regarder la VIDÉO et discuter de la question qui suit.","Éyòng wò dzeng na o yem babenyòng ai bekal boé, wò yen mimbembe mefulu ai bivus biaba. O ne bò ya asu yi na o dang bebe mimbembe mefulu miaba? Bebege VIDÉO ai yalen minsili mi tsaa mi:"
fr,ewo,VIDÉO : Devenez plus beaux ! (5:10),VIDÉO: Kele osu na wò vengʼen mbembe mot! (5:10)
fr,ewo,Qu’est-ce qui vous aidera à voir les qualités de vos frères et sœurs ?,Dzé ya yi wò vòli na o dang yen ve mimbembe mefulu mi babenyòng ai bekal boé?
fr,ewo,Jéhovah se concentre sur nos qualités. Lire et discuter de cette question :,"Yéhova a dang bebe mimbembe mefulu miaan. Langʼa , ai yalen a nsili hi:"
fr,ewo,Qu’est-ce que cela vous fait de savoir que Jéhovah se concentre sur nos qualités ?,Dzé wò woren éyòng wò yem na Yéhova a dang bebe mimbembe mefulu mié?
fr,ewo,"ON ENTEND PARFOIS : « Pour que je pardonne à quelqu’un, il faut qu’il le mérite. »","ABUI BOT DA DZO NA: “Asu yi na me dzu mot, da sili na me yen na a yeane fò ai bidzuga bité.”"
fr,ewo,Pourquoi devrions-nous pardonner volontiers aux autres ?,Asu dzé bia yeane dzu é bot bevòk ai nnem waan ose?
fr,ewo,Vous pouvez contribuer à l’unité de l’assemblée en étant prêt à pardonner et en témoignant de l’amour à tous vos frères et sœurs.,"O ne baala élat ya akonda éyòng o ne babi ya dzu, o lerege fe babedzang ai bekal boé éding."
fr,ewo,Comment pouvez-vous surmonter les préjugés ?,Akia afé bi ne dzam saala timi?
fr,ewo,Que ferez-vous en cas de désaccord avec un autre chrétien ?,O ne bò ya éyòng medzo me kuiya a zang ai wò ai kristen fe?
fr,ewo,Pourquoi voulez-vous imiter Jéhovah pour ce qui est de pardonner ?,Asu dzé wò yeane vu Yéhova a fulu bidzuga?
fr,ewo,Un exemple de Jésus qui peut nous aider à ne pas juger les autres.,Mvulna Yésus ya vòli bia na te bia kare ve é bot bevòk meku.
fr,ewo,Retire la poutre de ton œil (6:56),Retire la poutre de ton œil 6:56
fr,ewo,Faut-il s’excuser même si on pense qu’on n’a aucun tort ?,Ye wò yeane dzaa bidzuga tò nde wò tsog na o seki a meku?
fr,ewo,"« Les excuses contribuent à la paix » ( La Tour de Garde , 1 er novembre 2002)","“Les excuses contribuent à la paix” ( La Tour de Garde, 1 er novembre, 2002)"
fr,ewo,Comment certains ont-ils appris à traiter les autres avec impartialité ?,"Nlang bot bebè ya be nga nang nnam timi a ne abui, ve be nga kèène sòm dzé é ne mfang élat."
fr,ewo,Ne jugeons pas d’après l’apparence (5:06),"Johny et Gideon: avant ennemies, aujourdʼhui frères 6:42"
fr,ewo,Comment régler les désaccords avant qu’ils ne troublent la paix de l’assemblée ?,Akia ya bi ne dzam kom medzo osusua yi na ma ndugulen évovoé ya akonda.
fr,ewo,"« Règle les désaccords avec amour » ( La Tour de Garde , mai 2016)","“Règle les désaccords avec amour” ( La Tour de Garde, mai 2016)"
fr,ewo,^ La note n o 6 explique ce qu’un chrétien qui aime ses frères et sœurs peut faire pour ne pas leur transmettre une maladie infectieuse.,^ Atòn 6 ya ngab é ne nlo adzo na “É mam wò yeane yem” da lere é dzom é kristen ya ding babenyang ai bekal boé ya yeane bò asu yi na te a ve bò okòn wa kalen.
fr,ewo,^ La note n o 7 explique comment gérer des désaccords d’ordre commercial ou juridique.,^ Atòn 7 ya ngab é ne nlo adzo na “É mam wò yeane yem” da lere akia afé bekristen be ne kom medzo ma bebe mam me makit ai é ma ya menda medzo.
fr,ewo,Qu’allez-vous faire pour rétablir la paix ?,Wò yi bò dzé asu yi na évovoé é tòbò?
fr,ewo,"Un magnifique diamant a des défauts, mais il a beaucoup de valeur. De même, nos frères et sœurs sont imparfaits, mais ils sont tous précieux pour Jéhovah.","Diamant a kare fe bi metòn me ne mvit, ve tò nala a ne dia abui. Akia té fe, babedzang ai bekal baan be ne besem minsem, veda bò bese be ne dia a mis me Yéhova"
fr,ewo,"Même si vous aimez profondément Jéhovah et que vous vous efforcez de ne pas lui faire de peine, vous ferez parfois des erreurs. Mais certains péchés sont plus graves que d’autres ( ). Si vous commettez un péché grave, ne pensez pas que Jéhovah ne vous aime plus. Rappelez-vous qu’il est prêt à vous pardonner et à vous aider.","Tò wò ding Yéhova abui o vaa fe mengul na te a wog olun ai wò, da yi kui abog zing na o bò bivus, ve minsem mizing mi ne ngul abui aloro é mi mivòk ( ). Nge o bò nsem o ne ngul abui, te wò tsog na Yéhova a ding ki fe wò; a ne avol ya dzu ai a vòli wò."
fr,ewo,"Ceux qui aiment Jéhovah éprouvent une grande tristesse quand ils comprennent qu’ils ont commis un péché grave. Mais ils sont consolés par cette promesse de Jéhovah : « Même si vos péchés sont comme l’écarlate, ils deviendront aussi blancs que la neige » ( ). S’ils se repentent sincèrement, Jéhovah leur pardonne complètement. Comment se repent-on ? Poussé par un profond regret, on arrête de faire ce qui est mal et on supplie Jéhovah de nous pardonner. Ensuite, on fait tout pour changer les pensées et les habitudes mauvaises qui nous ont amené à pécher, et on s’efforce de vivre selon les normes pures de Jéhovah (lire ).","É ba bese ba ding Yéhova be bele nnemena mintié éyòng ba yem na be he bò nsem o ne ngul. Ve ba nòng nvòlen ai é ngaaga Yéhova nyina: “Tò minsem miaan mi ne évele ane meki, mia yi bò afûm ane sut” ( ). Nge ba singi minsem miaba ai nnem waba ose, Yéhova a dzu bò. Akia afé ba singi minsem? Mot a singi éyòng a mem nsem woé, abog té a nga ve mengul asu yi na a dzogè mbòen abé, a nga kogelen fe ai Yéhova na a dzu nyè. Amvus té a nga ve mengul asu yi na a tséndé mintsogen ai bebé mefulu be he tindi nyè na a sem, ai a memena a nga ve mengul asu yi na a nying ane metebega me Yéhova me ne (Langʼa )."
fr,ewo,"À propos de quelqu’un qui a commis un péché grave, Jéhovah dit : « Qu’il appelle auprès de lui les anciens de l’assemblée » (lire ). Les anciens aiment Jéhovah et ses brebis. Ils ont les qualités qu’il faut pour aider un pécheur à retrouver de bonnes relations avec Jéhovah ( ).","Asu é mot a he bò nsem o ne ngul, Yéhova a dzo na “a loégé bemvendé ya akonda” (Langʼa ). Bemvendé ba ding Yéhova ai mintomba mié. Be bele mefulu ma yeane asu yi na be vòli é mot a he sem na a dugen bi mbembe élat ai Yéhova ( )."
fr,ewo,"Comment les anciens aident-ils un chrétien qui a commis un péché grave ? À l’aide de la Bible, deux ou trois anciens lui expliquent pourquoi ce qu’il a fait est mal. Ils lui donnent aussi des conseils pratiques pour ne pas recommencer. Si un chrétien qui a commis un péché grave ne se repent pas, les anciens le renvoient de l’assemblée pour protéger les autres chrétiens de sa mauvaise influence.","Akia afé bemvendé ba vòli é kristen é he bò ngul nsem? Ai zen ya Bibel, bemvendé bebè nge belè ba timi nyè asu dzé é dzom a he bò é ne abé. Ba ve fe nyè melebega ma vòli nyè na te a dugen bò akia nsem té. Ba yi fe bò tegè nyè bare ve mimbege mizing a akonda ntié ba yanga na a dugen tòbò mvòè mfaa ya nsisim. Nge kristen zing ya é he bò ngul nsem ya singi ki nsem woé, bemvendé ba yi nyè telé a feng asu yi na te a kalen é bot bevòk mbe mbòen woé."
fr,ewo,Augmentons notre reconnaissance pour l’aide que Jéhovah nous apporte si nous commettons un péché grave.,Bia yeane ke osu na bia ve Yéhova Zamba ngang abui asu nvòlen a ve bia éyòng bi he bò nsem o ne ngul.
fr,ewo,"Quand nous péchons, nous blessons Jéhovah. Il est donc normal que nous nous confessions à lui. Lire et discuter de cette question :","Éyòng bia sem, bia ve Yéhova nnem mintié, asu té ndò a ne nfi na o mem nsem woé abe nyè. Langʼa ai yalen a nsili hi:"
fr,ewo,Pourquoi est-il mieux de confesser nos péchés à Jéhovah plutôt que d’essayer de les cacher ?,Asu dzé a ne mbeng na bi mem minsem miaan abe Yéhova aloro na bi dzeng na bi sòli miè?
fr,ewo,"Pour nous sentir mieux, nous avons besoin de confesser nos péchés à Jéhovah, et aussi de rechercher l’aide des anciens. Regarder la VIDÉO et discuter de la question qui suit.","Asu yi na bi tòbò amieng, bia yangʼen na bi mem minsem miaan abe Yéhova bi dzeng fe nvòlen wa sò abe bemvendé. Bebege VIDÉO ai yalen a nsili hi:"
fr,ewo,VIDÉO : « Jéhovah corrige ceux qu’il aime » (3:01),VIDÉO: “Yéhova a leb é ba a ding” (3:01)
fr,ewo,Comment les anciens ont-ils aidé Canon à revenir à Jéhovah ?,Akia afé bemvendé be nga vòli Canon na a dugen sò abe Yéhova?
fr,ewo,Nous devons être honnêtes avec les anciens ; ils sont là pour nous aider. Lire et discuter de cette question :,Bia yeane tòbò susuo ai bemvendé amu be ne vala asu yi na be vòli bia. Langʼa ai yalen a nsili hi:
fr,ewo,Pourquoi est-il plus facile pour les anciens de nous aider si nous sommes honnêtes avec eux ?,Asu dzé bemvendé ba yen ébugubu ya vòli bia éyòng bi ne susuo ai bò?
fr,ewo,"Quelqu’un qui a commis un péché grave et qui refuse de suivre les normes de Jéhovah est renvoyé de l’assemblée, et nous ne le fréquentons pas. Lire , et discuter de ces questions :","É mot a he bò nsem o ne ngul, a yi ki fe na a tong betebega be Yéhova a seki dzam tòbò akonda. Éyòng ba télé kan mot té a feng, bia wulu ki fe ai nyè nge a lèè ai nyè. Langʼa , ai yalen minsili mi tsaa mi:"
fr,ewo,Que se passe-t-il quand on met du levain dans une pâte ? Quel effet un pécheur non repentant pourrait-il avoir sur l’assemblée ?,Dzé ya kare kui éyòng ba bamen ékòsang ai ovuk be man mam? Dzé é ne dzam kui éyòng é mot a ben singi minsem mié a nying fufulu ai bot ya akonda?
fr,ewo,"Les anciens imitent la miséricorde de Jéhovah envers les pécheurs imparfaits en faisant tout leur possible pour aider ceux qui ont été renvoyés de l’assemblée. La correction reçue a peut-être été douloureuse, mais, grâce à elle, beaucoup sont revenus à la raison ( ).","Abui bot ya be nga telé a feng be nga dugen sò akonda. Éndegele é nga bò bò nnem mintié, ve é nga vòli bò na be dugen bi feg ( ). Bebege VIDÉO ai yalen minsili mi tsaa mi:"
fr,ewo,"Comment la façon dont Jéhovah traite les pécheurs montre-t-elle qu’il est raisonnable, miséricordieux et plein d’amour ?",VIDÉO: Kele osu na wò sug mintsigen medzo mi Yéhova (9:28)
fr,ewo,"À l’aide d’un exemple, Jésus a expliqué ce que ressent Jéhovah quand une personne se repent. Lire et discuter de cette question :",Akia afé ntelen a feng . . .
fr,ewo,Qu’est-ce que cet exemple nous apprend sur Jéhovah ?,wa ve Yéhova duma?
fr,ewo,Lire et discuter de cette question :,"wa lere na Yéhova a ne susuo, feg ai éding?"
fr,ewo,"ON ENTEND PARFOIS : « Si je dis aux anciens ce que j’ai fait, ils vont me renvoyer de l’assemblée. »",Yésus a nga belen ai mvulna zing asu yi na a lere é dzom Yéhova a woren éyòng mot a singi minsem mié. Langʼa ai yalen a nsili hi:
fr,ewo,Que répondriez-vous à quelqu’un qui vous dit cela ?,Dzé mvulna té ya yegele bia é bebege Yéhova?
fr,ewo,"Si nous commettons un péché grave mais que nous le regrettons sincèrement et que nous sommes bien décidés à arrêter de faire ce qui est mal, Jéhovah nous pardonnera.",Dzé ya lere na mot a singi minsem mié ai nnem woé ose?
fr,ewo,Pourquoi est-il bien de confesser nos péchés à Jéhovah ?,Éyalen éfé wò yi ve é mot a kat wò akia dzam té?
fr,ewo,"Si nous commettons un péché grave, pourquoi devrions-nous demander de l’aide aux anciens ?","Nge bi he bò ngul nsem, bi singi fe wò ai nnem waan ose bi nòng fe ntsigen na bia yi ki fe bò akia dzam té, Yéhova a yi bi dzu."
fr,ewo,L’amour et la miséricorde manifestés aux pécheurs repentants.,"Nlang mot zing ya Yéhova a nga yen ngòl, akia ya a nga ve ngaaga a ."
fr,ewo,"Comment les anciens aident ceux qui sont renvoyés de l’assemblée » ( La Tour de Garde , août 2024)",Ne doutez jamais du pardon de Jéhovah 5:02
fr,ewo,L’histoire d’un homme qui s’était éloigné de la vérité mais que Jéhovah a de nouveau attiré à lui (biographie « Il fallait que je revienne vers Jéhovah »).,Za fe mfe a nòng nfi éyòng ba telé é mot a singi ki nsem woé a feng?
fr,ewo,"« La Bible transforme des vies » ( La Tour de Garde , 1 er avril 2012)","“Pourquoi lʼexcommunication est une disposition pleine dʼamour” ( La Tour de Garde, 15 avril 2015)"
fr,ewo,"Confessez votre péché, soyez honnête avec les anciens et acceptez l’aide pleine d’amour de Jéhovah.",“Les Témoins de Jéhovah rejettent-ils les ex-Témoins?” (nlangʼen a jw.org)
fr,ewo,"Comme un berger, Jéhovah tient beaucoup à ses brebis.","“La Bible transforme des vies” ( La Tour de Garde, 1 er avril, 2012)"
fr,ewo,Un chrétien ne permet à rien ni personne d’entraver sa relation avec Jéhovah. C’est certainement votre désir sincère. Jéhovah attache beaucoup d’importance à votre fidélité (lire ). Quelles situations pourraient mettre votre fidélité à l’épreuve ? Et comment y faire face ?,Kristen ya dzogè ki na dzom zing ngeki mot a ndamen élat dzié ai Yéhova. Éye fe wòmen wò yeane tam nala. Mewog moé me ne nfi abui a mis me Yéhova (Langʼa ). Mam mefé me ne bò na o ku a mebobela ai dzé é ne wò vòli?
fr,ewo,"Des personnes voudraient nous amener à cesser de servir Jéhovah. Il peut s’agir d’individus qui ont abandonné la vérité et qui répandent des mensonges sur l’organisation de Dieu dans le but de briser notre foi. Ce sont des apostats. Il y a aussi des chefs religieux qui diffusent des idées fausses à notre sujet pour détourner de la vérité des chrétiens sans méfiance. Il est dangereux de débattre avec de tels opposants ou de prêter attention à ce qu’ils disent dans leurs livres, leurs blogs, leurs sites Internet, leurs vidéos, etc. Au sujet de ceux qui essaient de briser notre fidélité, Jésus a dit : « Laissez-les. Ce sont des guides aveugles. Et si un aveugle guide un aveugle, ils tomberont tous les deux dans un trou » ( ).","Bot bezing ba yi na be tindi bia na bi bò te bare sié Yéhova. Bot beté be ne dzam bò é ba be nga lum Yéhova mvus, a ba tié minnal mi bebege ékoen Zamba asu yi na be ndamen mbunen waan. Ba loé bò na bapostat ngeki é ba ba lum Yéhova mvus. Be ne fe dzam bò é betebe be osu ya minyebe ya ba tié minnal mi bebege bia mbol yi na be dug é bekristen be ne odimi. A seki mbeng na bi kare lèè é mam ma bebe Yéhova ai akia bot té ngeki a lang é mam ba tili a bekalara baba, a besit internet baba ngeki é mam ba lere a bevidéo. Asu é bot ba dzeng na be ndamen élat dzaan ai Zamba, Yésus a nga dzo na: “Dzogeni bò. Be ne mindindim belere zen. Nge ndindim wa lere ndindim mbòk zen, mibè mise mia yi ku ébé” ( )."
fr,ewo,Pourquoi ne faut-il pas croire tout ce qu’on entend ?,O ne bò ya nge wò wog mot a vaa ékoen Yéhova bidzo a mam mezing? Langʼa ai yalen a nsili hi:
fr,ewo,Lire et discuter de ces questions :,Asu dzé wò yeane ki yebe é dzam ase wò wog?
fr,ewo,Comment doit-on se comporter envers les apostats ?,Langʼa ai yalen minsili mi tsaa mi:
fr,ewo,"Même si nous n’avons aucun contact avec les apostats, par quels moyens leurs idées pourraient-elles nous atteindre ?",Akia afé wò yeane nying ai bapostat (é ba be nga lum Yéhova mvus)?
fr,ewo,"D’après vous, que ressentirait Jéhovah si nous écoutions ceux qui disent du mal de lui et de son organisation ?","Tò bi bele ki élat zing ai é ba ba lum Yéhova mvus, ai zen fé bi ne dzam bi nkalen ai bò?"
fr,ewo,"Selon ce principe, si nous savons qu’une personne a commis un péché grave, nous devons en parler aux anciens. Mais avant, ce serait faire preuve de bonté envers le coupable que de l’encourager à confesser lui-même son péché aux anciens. S’il ne le fait pas, notre fidélité à Jéhovah nous poussera à mettre les anciens au courant. Comment cette démarche témoigne-t-elle de notre amour fidèle envers...","Nge wò zu yem na madzang zing ya akonda a bò nsem o ne ngul, dzé wò yeane bò? Asu yi na bi yem dò, ntam fas mvéndé dzia ya Zamba a nga ve ayòng Israel. Langʼa ."
fr,ewo,les autres membres de l’assemblée ?,é mot a he sem?
fr,ewo,VIDÉO : Sortez de Babylone la Grande ! (5:06),Bebege VIDÉO .
fr,ewo,"Lire et , et répondre à ces questions :",VIDÉO: Korogo a Babilon nnen! (5:06)
fr,ewo,Ai-je gardé un lien quelconque avec la religion à laquelle j’appartenais ?,"Langʼa , ai yalen minsili mi tsaa mi:"
fr,ewo,Suis-je membre d’une organisation qui a un lien avec une autre religion ?,Ye me nga baala élat zing ai nyebe me nga be osusua?
fr,ewo,Mon travail soutient-il d’une façon ou d’une autre une fausse religion ?,Ye ma wogé ai étogen zing ya é bele élat ai évus nyebe?
fr,ewo,Y a-t-il autre chose dans ma vie qui révèle que la fausse religion m’influence encore ?,Ye ésié dzama ya sug évus nyebe ai zen zing?
fr,ewo,"Si j’ai répondu oui à l’une de ces questions, quels changements dois-je faire ?",Ye dzam zing afe ya énying dzama da lere na me ngene me bele élat ai évus nyebe?
fr,ewo,"Dans tous les cas, prenez des décisions qui refléteront votre fidélité à Jéhovah et qui vous permettront de garder une bonne conscience.","Nge me yalen na ‘owéʼ tò a nsili mbòk ya minsili mise mi, dzé ndzò ma yeane tséndé énying dzama?"
fr,ewo,"ON ENTEND PARFOIS : « Pour défendre la vérité, il faut savoir ce que les apostats disent sur les Témoins de Jéhovah. »","A mezen mese, nòngʼò mintsigen mia lere na wò bò Yéhova mewog, a mia yi wò vòli na man mot woé ya nnem a bò tegè wò ve bidzo."
fr,ewo,Pensez-vous que ce soit une bonne idée ? Pourquoi ?,"ABUI BOT DA DZO NA: “Asu yi na o yem kamen ai bebela, wò yeane dzeng na o yem é mam bapostat ba dzo me bebege Beboala be Yéhova.”"
fr,ewo,Que faire si nous apprenons qu’un frère ou une sœur a commis un péché grave ?,"Amu dzé bia yeane ki bebe, a lang ngeki a vogolo é mam bapostat ba dzo?"
fr,ewo,Comment un chrétien montre-t-il qu’il est sorti de la fausse religion ?,Akia afé bia yeane nying ai é bot ba nying ki fe ane Beboala be Yéhova?
fr,ewo,"« As-tu vraiment tous les faits ? » ( La Tour de Garde , août 2018)",Dzé bia yeane bò éyòng bia wog ane bot ba kòbò mam mezing me bebege Beboala be Yéhova?
fr,ewo,Que faire si un travail ou une activité nous amène à soutenir Babylone la Grande ?,"“As-tu vraiment tous les faits?” ( La Tour de Garde, août 2018)"
fr,ewo,"« Sois bien occupé durant les derniers des “derniers jours” » ( La Tour de Garde , octobre 2019, paragraphes 16-18)",Dzé bia yeane bò nge asu ésié daan ngeki nguma ékoen zing ya tindi bia na bi sug Babilon Nnen?
fr,ewo,Jusqu’où certains de nos opposants sont-ils prêts à aller pour briser notre foi ?,"“Sois bien occupé durant les derniers des ‘derniers joursʼ” ( La Tour de Garde, octobre 2019, paragraphes 16-18 )"
fr,ewo,Méfions-nous de la tromperie (9:32),Akelkui nnyié mbé minzizing miaan mi ne ke asu yi na mia ndamen mbunen waan abe Yéhova?
fr,ewo,L’histoire d’un prêtre shintoïste qui a rompu tout lien avec sa religion (biographie « Je recherchais Dieu depuis mon enfance »).,Méfions-nous de la tromperie 9:32
fr,ewo,"« La Bible transforme des vies » ( La Tour de Garde , 1 er juillet 2011)",Nlang fara ya nyebe Shintoïsme ya a nga kèène ai nyebe woé (biographie “Je cherchais Dieu depuis mon enfance”).
fr,ewo,"Tôt ou tard, tous les chrétiens devront faire face à l’opposition, voire à la persécution. Cela devrait-il vous faire peur ?","Tò nde a ne ya, amos zing bekristen bese ba toben ai melumen ngeki bitibili. Ye nala a yeane hm bò na a kòn wòng?"
fr,ewo,"La Bible est claire : « Tous ceux qui veulent vivre dans l’attachement à Dieu et unis à Christ Jésus seront eux aussi persécutés » ( ). Jésus a été persécuté parce qu’il ne faisait pas partie du monde de Satan. Nous non plus, nous n’en faisons pas partie. Nous ne sommes donc pas surpris quand nous sommes persécutés par les gouvernements ou les organisations religieuses de ce monde ( ).","Bibel a dzo a na: “É bot bese ba ding nying énying Zamba ya é ne abe Kristu, ba yi toben ai bindegele” ( ). Yésus a nga bi bitibili amu a nga be wogé ki ai émò Satan. Bia fe dzam deda, bia wogé ki ai dzò. A seki hm dzam ya kam nge bidzoé ai minyebe ya émò dzi mia tibili bia ( )."
fr,ewo,"Nous devons renforcer notre confiance en Jéhovah dès maintenant. Chaque jour, prenons le temps de prier et de lire la Bible. Assistons régulièrement aux réunions. Ces habitudes nous donneront la force et le courage d’affronter toute sorte de persécution, même celle qui viendrait de notre famille. L’apôtre Paul, qui a souvent été persécuté, a écrit : « Jéhovah est mon secours ; je n’aurai pas peur » ( ).","Bia yeane bò na, afiri daan abe Yéhova a tòbò ngul abui atarigi étoa dzi. Amos ose, nòngʼò abog ya kogelen ai a lang Bibel, o tòbò fe a bikoen mban. Mbòen té wa yi wò ve ngul ya zombo ai a dzibi akia bitibili ase, tò é bi ya bia sò a nda bot dzoé. Apostel Paul ya a karege toben ai bitibili abog ase a nga tili na: “Yéhova a ne nkè wòmò; ma yi ki kòn wòng” ( )."
fr,ewo,"Nous aurons encore plus de courage si nous prêchons régulièrement. Prêcher nous apprend à faire confiance à Jéhovah et à surmonter la crainte de l’homme ( ). Ainsi, si un jour les autorités interdisent nos activités, nous serons prêts à affronter cette situation et nous continuerons courageusement de prêcher ( ).","Bia yi fe bi abui azombo nge bia bò ékat foé mban. Ésié ékat foé ya vòli bia na bi bi ngul afiri abe Yéhova, bi saala fe wòng bot ( ). A ntoa hm na, nge amos zing bidzoé bia kili ésié dzaan, da yi bi tòbò ébugubu ya dzibi ndzug té, bi nga ke fe osu na bia bò ésié ékat foé dzaan ai azombo ase ( )."
fr,ewo,"Nous n’aimons pas être persécutés, mais endurer la persécution rend notre foi plus forte. Et ressentir l’aide de Jéhovah quand nos forces s’épuisent nous rapproche de lui (lire ). Jéhovah a de la peine quand nous souffrons, mais il se réjouit de nous voir tenir bon. La Bible affirme : « Si vous endurez des souffrances pour avoir fait le bien, c’est là quelque chose d’agréable à Dieu » ( ). Jéhovah récompensera ceux qui auront enduré fidèlement. Il leur donnera la vie éternelle dans un monde débarrassé de toute opposition au vrai culte ( ).","Tò ane bia wog mintié éyòng bia dzugi amu bitibili, ve éyòng bia dzibi biè, mbunen waan wa nang. Ai a woren nvòlen Yéhova éyòng ngul é ne bia abòt a bò na bi subu nyè babi (Langʼa ). Yéhova émen a wog mintié éyòng bia toben ai mindzug, ve a ne mintak ai bia éyòng bia dzibi miè. Bibel a dzo na: “Nge mia dzibi mindzug ai azombo ase amu mia bò é dzam a ne mbeng, nala a nyeb Zamba a nnem” ( ). Yéhova a yi maa é ba bese ba dzibi ai mewog, a yi bò ve énying kòm a paradis. É bot bese ba yi nying été ba yi kang ve Yéhova étam, tegè ai é mot a yi lumen ai bò ( )."
fr,ewo,Voyons ce qui nous aidera à rester fidèles malgré la persécution et comment Jéhovah nous récompensera.,"Bi tam yen é dzom ya yi bi vòli na bi tòbò Yéhova mewog tò bia toben ai bitibili, ai akia afé Yéhova a ve bia maan asu mewog maan."
fr,ewo,Jésus nous a prévenus que notre famille pourrait ne pas être d’accord avec notre décision d’adorer Jéhovah. Lire et discuter de cette question :,"Yésus a nga kat bia na, nda bot dzaan é ne dzam bò tegè kui ai bia king asu ntsigen ya bi he nòng na bia lugu Yéhova. Langʼa , ai yalen a nsili hi:"
fr,ewo,"Quand quelqu’un décide de servir Jéhovah, comment sa famille pourrait-elle réagir ?","Éyòng mot a nòng ntsigen na a sié Yéhova, nda bot dzié é ne nòng dzam té ya?"
fr,ewo,"Pour voir un exemple, regarder la VIDÉO . Puis discuter de la question qui suit.","Asu yi na o yem mvulna zing, bebege VIDÉO ai yalen a nsili hi :"
fr,ewo,VIDÉO : Jéhovah nous a recueillis (5:13),VIDÉO: Yéhova a nga duru bia abe nyè (5:13)
fr,ewo,Que ferez-vous si votre famille ou un ami essaie de vous empêcher de servir Dieu ?,Wò yi bò ya nge nda bot dzoé ngeki mvoé dzoé zing ya dzeng na é tindi wò na o telé ésié Yéhova?
fr,ewo,"Lire et . Après avoir lu chaque passage, discuter de cette question :","Langʼa . Amvus ya été, yalen a nsili hi:"
fr,ewo,Comment cette promesse peut-elle vous aider à surmonter l’opposition d’un membre de votre famille ou d’un ami ?,Akia afé ngaaga té é ne wò vòli na o dzibi melumen ma sò abe évuvumen dzoé ngeki abe mvoé dzoé zing?
fr,ewo,Il faut du courage pour servir Jéhovah quand on essaie de nous en empêcher. Regarder la VIDÉO et discuter de la question qui suit.,Da sili bia abui azombo asu yi na bi ke osu na bia kang Yéhova éyòng é bot bevòk ba dzeng na be kamen ai bia na bi bò dò. Bebege VIDÉO ai yalen a nsili hi:
fr,ewo,VIDÉO : Courageux malgré la persécution (6:27),VIDÉO: Bò azombo éyòng wò toben ai bitibili (6:27)
fr,ewo,Qu’avez-vous trouvé d’encourageant dans ces exemples ?,Awonong afé é memvulna ma ma ve wò?
fr,ewo,"Lire et . Après avoir lu chaque passage, discuter de cette question :","Langʼa . Amvus nlangʼen, yalen a nsili hi:"
fr,ewo,Pourquoi est-il très important de continuer d’adorer Jéhovah même si la prédication ou les réunions sont interdites ?,Asu dzé a ne ai nfi na bi ke osu na bia kang Yéhova tò nde ba kili ésié ékat foé ngeki ntòben a bikoen a nnam bi toa?
fr,ewo,"Des Témoins de Jéhovah de tout âge et de toute origine sont restés fidèles à Jéhovah malgré la persécution. Pour découvrir ce qui les a aidés, regarder la VIDÉO . Puis discuter de la question qui suit.","Beboala be Yéhova ya akala ase ai meyòng mese be nga tòbò Yéhova mewog tò abog bitibili. Asu yi na o yem é dzom ya kare bò vòli, bebege VIDÉO ai yalen a nsili hi:"
fr,ewo,VIDÉO : Jéhovah me donnera de la force (3:40),VIDEO: Yéhova a yi me ve ngul (3:40)
fr,ewo,Qu’est-ce qui a aidé ces Témoins à endurer ?,Dzé ndzò é nga vòli Beboala beté na be dzibi?
fr,ewo,"Lire et . Après avoir lu chaque passage, discuter de cette question :","Langʼa . Amvus nlangʼen bifus bi, yalen minsili mi tsaa mi:"
fr,ewo,Comment ce passage vous donne-t-il la certitude que vous pouvez endurer n’importe quelle épreuve ?,Akia afé bifus bi Bibel bi bia ve wò ndi na o ne dzam dzibi mindzug mise wò toben ai miè?
fr,ewo,Lire et discuter de cette question :,Langʼa ai yalen a nsili hi:
fr,ewo,Pourquoi peut-on être heureux malgré la persécution ?,"Asu dzé o ne dzam tòbò mintak, tò nde wò toben ai bitibili?"
fr,ewo,"ON ENTEND PARFOIS : « Moi, je ne serai pas capable de supporter la persécution. »",ABUI BOT DA DZO NA: “Me ma yi ki bi ngul ya dzibi bitibili.”
fr,ewo,Quels versets pourraient rassurer quelqu’un qui vous dit cela ?,Bifus bi Bibel bifé bi ne dzam wono akia mot da kat wò nala?
fr,ewo,"Jéhovah accorde beaucoup de prix à nos efforts pour lui rester fidèles. Avec son aide, nous pouvons endurer la persécution.",Yéhova a ne mintak éyòng a yen mengul bia ve asu yi na bi bò nyè mewog. Bi ne dzibi bitibili ai nvòlen a ve bia!
fr,ewo,Pourquoi les chrétiens doivent-ils s’attendre à être persécutés ?,Asu dzé bekristen ba yeane tòbò nkomesen asu bitibili ba yi toben ai biè?
fr,ewo,Que pouvez-vous faire dès maintenant pour vous préparer à la persécution ?,Dzé ndzò o ne bò étoa dzi asu yi na o komesen asu bitibili bia zu?
fr,ewo,Pourquoi pouvez-vous être sûr que vous pouvez rester fidèle à Jéhovah malgré les épreuves ?,Dzé ya ve wò ndi na o ne langʼen baaba ai Yéhova afiangʼen bò bitibili?
fr,ewo,Un jeune frère qui a été en prison en raison de sa neutralité raconte comment Jéhovah l’a aidé.,"Énanga madzang zing ya é nga be a mimbok asu étié sesala dzié, a lèè akia ya Yéhova a nga vòli nyè."
fr,ewo,Endurons malgré la persécution (2:34),Kele osu na wò dzibi afiangʼen bò étibili 2:34
fr,ewo,Ce qui a aidé un couple à servir Jéhovah fidèlement malgré de longues années d’opposition.,É dzom é nga vòli belug na be sié Yéhova ai mewog mese tò ane be nga toben ai melumen a tang abui mimbu.
fr,ewo,Ils ont servi Jéhovah à travers les changements (7:11),Ils ont servi Jéhovah à travers les changements 7:11
fr,ewo,Comment faire preuve de courage face à la persécution ?,Akia ya bi ne bò azombo éyòng bia toben ai bitibili.
fr,ewo,"« Prépare-toi dès maintenant à la persécution » ( La Tour de Garde , juillet 2019)","“Prépare-toi dès maintenant à la persécution” ( La Tour de Garde, juillet 2019)"
fr,ewo,"Comment considérer l’opposition familiale, et que faire pour la surmonter ?",Akia afé bia yen melumen ma sò a nda bot ai dzé bi ne bò asu yi na bi dang mò?
fr,ewo,"« La vérité apporte, “non pas la paix, mais l’épée” » ( La Tour de Garde , octobre 2017)","“La vérité apporte, ‘non pas la paix, mais lʼépéeʼ” ( La Tour de Garde, octobre 2017)"
fr,ewo,Des millions d’adorateurs de Jéhovah sont restés fidèles. Vous le pouvez aussi !,Bizug Beboala be Yéhova be nga tòbò mewog afiangʼen bò bitibili. Wò fe o ne dò bò
fr,ewo,"Grâce à ce cours biblique, vous avez appris beaucoup de choses sur Jéhovah. Et votre amour pour lui est sans doute devenu si fort que vous vous êtes voué à lui et vous êtes fait baptiser. Si ce n’est pas le cas, vous pensez certainement le faire bientôt. Mais vos progrès ne s’arrêtent pas le jour de votre baptême. En fait, vous pourrez continuer de vous rapprocher de Jéhovah toute votre vie. Comment ?","Ayègè Bibel di a he vòli wò na o yem abui mam a bebege Yéhova. Ndò fe, éding dzoé asu dié é nga tòbò ngul akia yi na o nga ve wòmen nguma abe nyè o duben fe. Nge o beki dò bò, abog zing wò tsog na wò yi dò bò é melu ma zu. Veda, a nang mfaa ya nsisim a tebe ki amos wò duben. O ne dzam ke osu na wò subu Yéhova babi a ntié énying woé. Akia afé?"
fr,ewo,Il faut continuer de faire des efforts pour renforcer notre amitié avec Jéhovah. Pourquoi ? « Pour ne jamais aller à la dérive » ( ). Qu’est-ce qui nous aidera à rester fidèles à Jéhovah ? Être bien occupés dans la prédication et chercher d’autres façons de servir notre Dieu plus pleinement (lire ). Servir Jéhovah est le meilleur mode de vie qui soit ! ( ).,"Bia yeane ke osu na bia ve mengul asu yi na amvoé daan ai Yéhova a tòbò ngul. Asu dzé? Amu “bi za dzang zen” ( ). Dzé ya yi bi vòli na bi tòbò Yéhova mewog? É dzom é ne bi vòli é ne mengul bia ve asu yi na bi tuene bò ésié ékat foé ai mban ose, bi dzengʼe fe mezen mefe ya bò Zamba waan ésié nguma nguma (Langʼa ). A bò Yéhova ésié o ne mbembe énying ya bi ne dzam bi! ( )."
fr,ewo,"Votre cours biblique se termine, mais votre vie de chrétien ne fait que commencer. La Bible nous dit de « revêtir la personnalité nouvelle » ( ). En continuant d’étudier la Parole de Dieu et d’assister aux réunions, vous apprendrez de nouvelles choses sur Jéhovah et ses qualités. Cherchez comment imiter encore mieux sa personnalité dans votre vie. Continuez à faire tous les changements nécessaires pour rendre Jéhovah heureux.","Ayègè Bibel doé a nga maneya, ve énying kristen dzoé ya tari ve ntaren. Bibel a dzo ai bia na bi bòt “mkpamen ékokomenga” ( ). Éyòng wò ke osu na wò yègè Ébug Zamba o tòbega fe mban a bikoen, wò yi yègè mimkpamen mimam mi bebege Yéhova ai mefulu moé. Dzengʼe ai mezen mese na o vu Yéhova énying dzoé ése. Kele osu na wò tséndé bebé mefulu boé asu yi na Yéhova a tòbò mintak ai wò."
fr,ewo,"La Bible affirme : « Dieu [...] achèvera lui-même votre formation. Il vous rendra fermes, il vous rendra forts, il vous rendra inébranlables » ( ). Nous sommes tous soumis à des tentations. Mais Jéhovah nous donne la force dont nous avons besoin pour y résister ( ). Il promet de nous donner le désir et la force de le servir fidèlement (lire ).","Bibel a dzo na: “Zamba . . . émen a yi mina komoro, a nga yemede mina, a wono fe mina” ( ). Bia bese bia toben ai mebobela. Ve Yéhova a ve bia é ngul bia yangʼen ai dzò asu yi na bi dang mò ( ). A ve bia ngaaga na, a yi bi ve nyien ai ngul ya bò nyè ésié ai mewog mese (Langʼa )."
fr,ewo,Voyons comment vous pouvez continuer à progresser et comment Jéhovah vous bénira.,Bi tam yen akia ya o ne dzam ke osu na wò nang mfaa ya nsisim ai akia afé Yéhova a yi wò fubu.
fr,ewo,La prière et l’étude de la Bible vous ont aidé à devenir l’ami de Jéhovah. Comment faire pour que ces habitudes vous aident à être toujours plus proche de lui ?,Ngogelen ai ayègè Bibel doé bi nga vòli wò na o tòbò amvoé ai Yéhova. O ne hm dzam bò ya asu yi na mam meté me vòli wò na o tòbò babi ai nyè abog ase?
fr,ewo,Lire et discuter de cette question :,Langʼa ai yalen a nsili hi:
fr,ewo,"Dans vos prières, que pouvez-vous améliorer pour renforcer votre amitié avec Jéhovah ?","Éyòng ése wò yi kare kogelen, dzé ndzò o ne dzam tséndé a mengogelen moé asu yi na amvoé doé ai Yéhova a tòbò ngul?"
fr,ewo,"Lire et la note , et discuter de cette question :",Langʼa ai yalen a nsili hi:
fr,ewo,"Dans votre lecture de la Bible, que pouvez-vous améliorer pour renforcer votre amitié avec Jéhovah ?","Éyòng ése wò yi kare lang Bibel, dzé ndzò o ne dzam tséndé asu yi na amvoé doé ai Yéhova a tòbò ngul?"
fr,ewo,"Comment rendre votre étude individuelle plus intéressante ? Pour avoir des idées, regarder la VIDÉO . Puis discuter des questions qui suivent.","Dzé ndzò o ne dzam bò asu yi na ayègè Bibel doé a tòbò wò nfi abui? Asu yi na o yem mbol o ne dzam bò, bebege VIDÉO ai yalen minsili mi tsaa mi:"
fr,ewo,VIDÉO : Comment améliorer votre étude individuelle ? (5:22),VIDÉO: Mbembe ayègè étam (5:22)
fr,ewo,Quelles suggestions pourriez-vous appliquer ?,Melebega mefé o ne tong?
fr,ewo,Quels thèmes aimeriez-vous étudier ?,Minlo medzo mifé wò yi na wò yègè?
fr,ewo,Avoir des objectifs vous aidera à continuer de progresser. Regarder la VIDÉO et discuter de la question qui suit.,"Nge wò tong minsongʼen mizing, nala a yi wò vòli na o ke osu na wò nang mfaa ya nsisim. Bebege VIDÉO ai yalen a nsili hi:"
fr,ewo,VIDÉO : La meilleure vie qui soit (3:31),VIDÉO: Énying ya dang sò ai mintak (3:31)
fr,ewo,"En se fixant des objectifs spirituels, quelles joies Cameron a-t-elle connues ?",Mintak mifé Cameron a nga bi éyòng a nga tong minsongʼen mié ya nsisim?
fr,ewo,Tout le monde ne peut pas aller prêcher dans un autre pays. Mais nous pouvons tous nous fixer des objectifs raisonnables. Lire et réfléchir aux objectifs que vous pourriez vous fixer...,Mot ose a seki dzam ke kat mbembe foé abora si afe ngeki a nnam mfe. Ve bia bese bi ne dzam tong é minsongʼen mia yeane ai abim mengul bi bele. Langʼa ai tsogo é minsongʼen o ne dzam tong . . .
fr,ewo,Comment le principe contenu dans ce verset vous aidera-t-il à atteindre vos objectifs ?,Akia afé tin mvéndé ya éfus dzi é ne wò vòli na o dzala minsongʼen mié?
fr,ewo,d’améliorer la qualité de vos prières ?,mengogelen moé me tòbò é ma ma fû Zamba nnem?
fr,ewo,de lire la Bible en entier ?,o lang Bibel ase?
fr,ewo,d’apprendre à connaître tous les membres de l’assemblée ?,o yègè na wò yem babedzang ai bekal baan bese ya akonda?
fr,ewo,de commencer et de conduire un cours biblique ?,o tari ai o wulu ai ayègè Bibel ai mot zing?
fr,ewo,d’être pionnier auxiliaire ou pionnier permanent ?,o tòbò mkpaa mefan ya étun abog ngeki ényò ya abog ase?
fr,ewo,"de vous qualifier pour devenir assistant, si vous êtes un frère ?",o bi mefulu ma yeane mbol yi na o tòbò diakon nge o ne fam?
fr,ewo,Lire et discuter de cette question :,Langʼa ai yalen a nsili hi:
fr,ewo,Que pouvez-vous faire pour avoir une vie belle dès maintenant et pour toujours ?,Dzé o ne bò asu yi na o bi mbembe énying atarigi étoa dzi ai a kòm ya kòm ése?
fr,ewo,Continuez de renforcer votre amitié avec Jéhovah et de vous fixer des objectifs spirituels. Ainsi vous pourrez vivre pour toujours !,"Kele osu ne wò bò na amvoé doé ai Yéhova a tòbò ngul abui, tongʼo fe minsongʼen mié ya nsisim. Éyòng té hm wò yi nying a kòm ya kòm ése!"
fr,ewo,Pourquoi êtes-vous convaincu que Jéhovah vous aidera à le servir fidèlement ?,Dzé ya ve wò ndi na Yéhova a yi wò vòli na o bò nyè ésié ai mewog?
fr,ewo,Comment pouvez-vous renforcer votre amitié avec Jéhovah ?,Akia afé o ne bò na amvoé doé ai Yéhova a tòbò ngul?
fr,ewo,Pourquoi vous fixer des objectifs spirituels vous aidera-t-il à progresser ?,Akia afé minsongʼen mié mia yi wò vòli na o nang mfaa ya nsisim?
fr,ewo,"Qu’est-ce qui a le plus de valeur pour Jéhovah, accomplir un acte spectaculaire ou lui rester fidèle toute la vie ?","Dzé ya dang nfi abui a mis me Yéhova, ye a bò é dzam bot ba kam abui ngeki a bò nyè mewog?"
fr,ewo,Soyons fidèles comme Abraham (9:20),Soyons fidèles comme Abraham 9:20
fr,ewo,Même un fidèle serviteur de Jéhovah peut perdre sa joie. Que faire pour la retrouver ?,Tò é mot a sié Yéhova ai évak ése a ne dzèè mintak mié. Akia mot té a ne bò ya asu yi na a dugen miè bi.
fr,ewo,Retrouve de la joie grâce à l’étude et à la méditation (5:25),Retrouve de la joie grace à lʼétude et à la méditation 5:25
fr,ewo,Comment se fixer des objectifs spirituels et les atteindre ?,Akia afé o ne tong minsongʼen mié ya nsisim o dzala fe miè?
fr,ewo,"« Glorifiez votre Créateur en vous fixant des objectifs spirituels » ( La Tour de Garde , 15 juillet 2004)","“Glorifiez votre créateur en vous fixant des objectifs spirituels” ( La Tour de Garde, 15 juillet 2004)"
fr,ewo,L’importance de la maturité chrétienne et ce que vous pouvez faire pour l’acquérir.,Amu dzé a ne ai nfi na o tòbò é kristen é ne éwolo ai akia afé o ne dò bò?
fr,ewo,"« Portons-nous vers la maturité : “le grand jour de Jéhovah est proche” » ( La Tour de Garde , 15 mai 2009)","“Portons-nous vers la maturité: ‘Le grand jour de Jéhovah est procheʼ” ( La Tour de Garde, 15 mai , 2009)"
fr,ewo,Thème : Ce que la Bible peut vous apporter et comment vous pouvez apprendre à connaître son Auteur.,Nsong’en: Yene akia ya Bibel a ne wò vòli ai akia afé o ne tuene yem ényò a nga tié nyè
fr,ewo,01 Ce que la Bible peut vous apporter,01 Akia afé ayègè Bibel a ne wò dzam vòli?
fr,ewo,02 La Bible donne l’espoir d’un avenir meilleur,02 Bibel a ve bia ndi asu melu ma zu
fr,ewo,03 Peut-on faire confiance à la Bible ?,03 Ye wò tsog na é dzam Bibel a dzo a ne tutué?
fr,ewo,04 Qui est Dieu ?,04 Za a ne Zamba?
fr,ewo,05 La Bible est le message de Dieu pour les humains,05 Bibel a ne é foé ya sò abe Zamba asu bot
fr,ewo,06 Comment la vie est-elle apparue ?,06 Akia afé énying é nga tari?
fr,ewo,07 Jéhovah : sa personnalité et ses qualités,07 Yéhova: akia mot afé; akia mefulu afé?
fr,ewo,08 Vous pouvez être l’ami de Jéhovah,08 O ne bò mvoé Yéhova
fr,ewo,09 La prière peut renforcer votre amitié avec Dieu,09 Ngogelen é ne bò na amvoé doé ai Zamba a yem ngul
fr,ewo,10 Que peuvent vous apporter les réunions des Témoins de Jéhovah ?,10 Bikoen Beboala be Yéhova bi ne wò vòli akia afé?
fr,ewo,11 Comment profiter au maximum de votre lecture de la Bible ?,11 Akia afé o ne dzam nòng nfi ya nlang’en Bibel?
fr,ewo,12 Qu’est-ce qui vous aidera à poursuivre votre étude de la Bible ?,12 Dzé ya yi wò vòli na o ke ai ayègè Bibel doé osu?
fr,ewo,Discutez des questions suivantes avec votre enseignant :,Sang’la minsili mi ai é mot mina nyè mia yègè Bibel:
fr,ewo,Quelles promesses de la Bible vous attirent le plus ?,Mengaaga ya Bibel mefé wò dang ding?
fr,ewo,( voir la leçon 02 ).,( Bebege Ayègè 02 ).
fr,ewo,Pourquoi croyez-vous que la Bible est la Parole de Dieu ?,Asu dzé wò yebe na Bibel a ne kalara Zamba?
fr,ewo,( voir les leçons 03 et 05 ).,( Bebege ayègè 03 ai 05 ).
fr,ewo,Pourquoi est-il important d’utiliser le nom Jéhovah ?,Amu dzé a ne ai nfi na bi belen ai dzoé Yéhova?
fr,ewo,( voir la leçon 04 ).,( Bebege ayègè 04 ).
fr,ewo,La Bible dit que Dieu est « la source de la vie » ( ). Est-ce aussi ce que vous croyez ?,Bibel a dzo na Zamba a ne “étam ya énying” ( ). Ye wò fe wò yebe dò?
fr,ewo,( voir la leçon 06 ).,( Bebege ayègè 06 ).
fr,ewo,Pourquoi Jéhovah est-il le meilleur ami qu’on puisse avoir ?,Asu dzé Yéhova a ne mfang mvoé bi ne dzam bi?
fr,ewo,Qu’est-ce que Jéhovah attend de ses amis ? Pensez-vous que c’est raisonnable ?,Dzé Yéhova a yi na bemvoé boé be bò? Ye wò yen na nala a ne susuo?
fr,ewo,( voir les leçons 07 et 08 ).,( Bebege ayègè 07 ai 08 ).
fr,ewo,De quoi avez-vous déjà parlé à Jéhovah dans vos prières ? Pour quoi d’autre pourriez-vous prier ?,Dzé ndzò o dzaa ya Yéhova a ngogelen? O ne dzam kogelen asu mam mefé fe?
fr,ewo,Comment Jéhovah répond-il aux prières ?,Akia afé Yéhova a yalen mengogelen maan?
fr,ewo,( voir la leçon 09 ).,( Bebege ayègè 09 ).
fr,ewo,Que peuvent vous apporter les réunions des Témoins de Jéhovah ?,Nfi mbé bia nòng a bikoen Beboala be Yéhova?
fr,ewo,Pourquoi cela vaut-il la peine d’assister aux réunions ?,Ye a ne fò nfi ya tòbò a bikoen bité ngaa?
fr,ewo,( voir la leçon 10 ).,( Bebege ayègè 10 ).
fr,ewo,Pourquoi est-il bien de lire la Bible régulièrement ? À quel moment de la journée lisez-vous la Bible ?,Nfi mbé bia nòng éyòng bia lang Bibel mban? Wò wò kare lang Bibel abog afé?
fr,ewo,( voir la leçon 11 ).,( Bebege ayègè 11 ).
fr,ewo,"Jusqu’à présent, qu’avez-vous aimé le plus dans votre cours biblique ?","A zaa kui étoa dzi, dzé ndzò o nga dang ding a ayègè Bibel doé?"
fr,ewo,"Depuis que vous avez commencé à étudier la Bible, avez-vous rencontré des difficultés ? Si oui, lesquelles ? Qu’est-ce qui vous aidera à persévérer ?","Ntié ane o nga kèè ayègè Bibel doé, ye o ­tobeneya ai mindzug? Nge owé, mindzug mité mi ne mifé? Dzé ya yi wò vòli na te wò ku sòm?"
fr,ewo,( voir la leçon 12 ).,( Bebege ayègè 12 ).
fr,ewo,Pour bien profiter de ce cours biblique...,How to Get the Most Out of This Bible Course
fr,ewo,01 Ce que la Bible peut vous apporter,01 Akia afé ayègè Bibel a ne wò dzam vòli?
fr,ewo,02 La Bible donne l’espoir d’un avenir meilleur,02 Bibel a ve bia ndi asu melu ma zu
fr,ewo,03 Peut-on faire confiance à la Bible ?,03 Ye wò tsog na é dzam Bibel a dzo a ne tutué?
fr,ewo,04 Qui est Dieu ?,04 Za a ne Zamba?
fr,ewo,05 La Bible est le message de Dieu pour les humains,05 Bibel a ne é foé ya sò abe Zamba asu bot
fr,ewo,06 Comment la vie est-elle apparue ?,06 Akia afé énying é nga tari?
fr,ewo,07 Jéhovah : sa personnalité et ses qualités,07 Yéhova: akia mot afé; akia mefulu afé?
fr,ewo,08 Vous pouvez être l’ami de Jéhovah,08 O ne bò mvoé Yéhova
fr,ewo,09 La prière peut renforcer votre amitié avec Dieu,09 Ngogelen é ne bò na amvoé doé ai Zamba a yem ngul
fr,ewo,10 Que peuvent vous apporter les réunions des Témoins de Jéhovah ?,10 Bikoen Beboala be Yéhova bi ne wò vòli akia afé?
fr,ewo,11 Comment profiter au maximum de votre lecture de la Bible ?,11 Akia afé o ne dzam nòng nfi ya nlangʼen Bibel
fr,ewo,12 Qu’est-ce qui vous aidera à poursuivre votre étude de la Bible ?,12 Dzé ya yi wò vòli na o ke ai ayègè Bibel doé osu?
fr,ewo,Présentation du cours biblique interactif (2:45),Welcome to Your Bible Study (2:45)
fr,ewo,Ne perdez jamais espoir ! (1:48),Te mina dzèè afiri! (1:48)
fr,ewo,Lire la Bible (2:05),Nlangʼen Bibel (2:05)
fr,ewo,« Une sagesse à l’épreuve du temps » ( La Tour de Garde n o 1 2018),“Une sagesse à​—lʼépreuve du temps” ( La Tour de Garde n o 1 2018)
fr,ewo,J’ai fini par être heureux (2:53),Me nga kèène tòbò mintak (2:53)
fr,ewo,« 12 clés du bonheur familial » ( Réveillez-vous ! n o 2 2018),“12 clés du bonheur familial” ( Réveillez-vous! n o 2 2018)
fr,ewo,Pourquoi étudier la Bible ? (version longue) (3:14),Asu dzé bia yeane yègè Bibel?​—é vidéo é ne ayab (3:14)
fr,ewo,Je voulais combattre l’injustice (4:07),Me nga yi na ma lumen ai ékokòt (4:07)
fr,ewo,"« L’espoir : où le trouver ? » ( Réveillez-vous ! , 22 avril 2004)","“Lʼespoir​—Où le trouver?” ( Réveillez-vous!, 22 avril 2004)"
fr,ewo,« Vivre avec une maladie chronique : la Bible est-elle utile ? » (article jw.org),“Vivre avec une maladie chronique​—La Bible est-elle utile?” (Nlangʼen a jw.org)
fr,ewo,Imagine ce jour (3:37),Tsogo amos té (3:37)
fr,ewo,"« Je ne pense plus devoir changer le monde » ( La Tour de Garde , 1 er juillet 2013)","“Je ne pense plus devoir changer le monde” ( La Tour de Garde, 1 er juillet 2013)"
fr,ewo,La terre ne repose sur rien (1:13),Si é kele a mòmò dzom (1:13)
fr,ewo,La Bible avait annoncé la chute de Babylone (0:58),Bibel a nga béndé na Babilon a yi tsameben (0:58)
fr,ewo,« La science est-elle d’accord avec la Bible ? » (article jw.org),“La science est-elle en accord avec la Bible?” (Nlangʼen a jw.org)
fr,ewo,"« 6 prophéties qui se réalisent sous vos yeux » ( La Tour de Garde , 1 er mai 2011)","“6 propheties qui se realisent sous vos yeux” ( La Tour de Garde, 1 er mai 2011)"
fr,ewo,Fortifiés par « la parole prophétique » (5:22),“ A bi awono ai zen ya “ébug nkòbò profet” (5:22)
fr,ewo,"« Pour moi, Dieu n’existait pas » ( La Tour de Garde n o 5 2017)","“Pour moi, Dieu nʼexistait pas” ( La Tour de Garde n o 5 2017)"
fr,ewo,Appendice A4 ( La Bible. Traduction du monde nouveau ),Appendix A4 ( Bibel Traduction du monde nouveau )
fr,ewo,"Beaucoup de titres, mais un seul nom (0:41)","Abui moé me olugu, ve éyolé dzidzia (0:41)"
fr,ewo,Dieu a-t-il un nom ? (extrait) (3:11),Ye Zamba a bele éyolé?​—Étun (3:11)
fr,ewo,Ma quête du vrai Dieu (8:18),Me mbe dzengʼe mfang Zamba (8:18)
fr,ewo,« Dieu existe-t-il ? » (article jw.org),“Dieu existe-t-il?” (Nlangʼen a jw.org)
fr,ewo,"« Qui a fait Dieu ? » ( La Tour de Garde , 1 er août 2014)","“Qui a fait Dieu?” ( La Tour de garde , 1 er août 2014)"
fr,ewo,« Qui est Jéhovah ? » (article jw.org),“Qui est Jéhovah?” (Nlangʼen a jw.org)
fr,ewo,« Combien de noms Dieu a-t-il ? » (article jw.org),“Combien de noms Dieu a-t-il?” (Nlangʼen a jw.org)
fr,ewo,Qui est l’Auteur de la Bible ? (extrait) (2:48),Za a nga tié Bibel?​—Étun (2:48)
fr,ewo,Ils attachaient de la valeur à la Bible (extrait : William Tyndale) (6:17),Be nga lere na Bibel a ne ai mfang nfi​—Étun (William Tyndale) (6:17)
fr,ewo,"« Comment la Bible nous est parvenue » ( Réveillez-vous ! , novembre 2007)","“Comment la Bible nous est parvenue” ( Réveillez-vous! , Novembre 2007)"
fr,ewo,« La Bible : histoire d’une rescapée » ( La Tour de Garde n o 4 2016),“La Bible​—Histoire dʼune rescapée” ( La Tour de Garde n° 4 2016)
fr,ewo,Ils attachaient de la valeur à la Bible (14:26),Be nga lere na Bibel a ne ai mfang nfi (14:26)
fr,ewo,« La Bible a-t-elle été modifiée ou falsifiée ? » (article jw.org),“La Bible a-t-elle été modifiée ou falsifiée?” (Nlangʼen a jw.org )
fr,ewo,Croire en Dieu (2:43),A yebe na Zamba a ne (2:43)
fr,ewo,L’univers a-t-il été créé ? (extrait) (3:51),Ye yob ai si bi nga komben fò?​—Étun (3:51)
fr,ewo,"« Qu’enseigne la nature ? » ( Réveillez-vous ! , septembre 2006)","“Quʼenseigne la nature?” ( Réveillez-vous! , Septembre 2006)"
fr,ewo,« Jéhovah a créé toutes choses » (2:37),“Yéhova . . . a nga kom biem bise” (2:37)
fr,ewo,« Dieu s’est-il servi de l’évolution pour créer les différentes formes de vie ? » (article jw.org),“Dieu sʼest-il servi de lʼévolution pour créer les différentes formes de vie?” (Nlo adzo a jw.org)
fr,ewo,Cinq questions à se poser sur l’origine de la vie (brochure),Cinq questions à se poser sur lʼorigine de la vie (nsò kalara)
fr,ewo,Jéhovah se souciait de leurs souffrances (2:45),Yéhova a nga be a mvamen ai bò a mindzug miaba (2:45)
fr,ewo,La création révèle l’amour de Jéhovah : Le corps humain (1:57),Bikokomega bia lere éding Yéhova: Nyòl mot (1:57)
fr,ewo,« Quelles qualités Dieu a-t-il ? » ( La Tour de Garde n o 1 2019),“Quelles qualités Dieu a t-il?” ( La Tour de Garde n° 1 2019)
fr,ewo,« Dieu est-il partout ? Est-il omniprésent ? » (article jw.org),“Dieu est-il partout? Est-il omniscient?” (Nlo adzo a jw.org)
fr,ewo,« Qu’est-ce que l’esprit saint ? » (article jw.org),“Quʼest ce que lʼesprit saint?” (Nlo adzo a jw.org)
fr,ewo,"« J’ai maintenant le sentiment de pouvoir aider les autres » ( La Tour de Garde , 1 er octobre 2015)","“Jʼai maintenant le sentiment de pouvoir aider les autres” ( La Tour de Garde , 1 er Octobre 2015)"
fr,ewo,Jéhovah a tellement fait pour moi (3:20),Yéhova a bòya abui mam asu dama (3:20)
fr,ewo,"« Jéhovah : un Dieu qui mérite d’être connu » ( La Tour de Garde , 15 février 2003)","“Jéhovah​—un Dieu qui mérite dʼêtre connu” ( La Tour de Garde , 15 Février 2003)"
fr,ewo,"« Comment devenir l’ami de Dieu ? » ( Les jeunes s’interrogent. Réponses pratiques [volume 2], chapitre 35)","“Comment devenir lʼami de Dieu?” (Les jeunes sʼinterrogent.​—Réponses pratiques [volume 2], chapitre 35)"
fr,ewo,« Je ne voulais pas mourir ! » ( La Tour de Garde n o 1 2017),“Je ne voulais pas mourir!” ( La Tour de Garde n° 1 2017)
fr,ewo,Qu’est-ce qu’on ressent quand on est l’ami de Dieu ? (1:46),Dzé mot a woren éyòng a ne mvoé Zamba? (1:46)
fr,ewo,Dieu écoute-t-il toutes les prières ? (extrait) (2:42),Ye Zamba a vogolo mengogelen mese?​—Étun (2:42)
fr,ewo,La prière peut nous aider à endurer une épreuve (1:32),Ngogelen é ne bi vòli na bi dzibi ndzug zing (1:32)
fr,ewo,"« Sept choses à savoir sur la prière » ( La Tour de Garde , 1 er octobre 2010)","“Sept choses à savoir sur la prière” ( La Tour de Garde , 1 er Octobre 2010)"
fr,ewo,« Pourquoi devrais-je prier ? » (article jw.org),“Pourquoi devrais-je prier?” (Nlo adzo a jw.org)
fr,ewo,« Devrais-je prier les saints ? » (article jw.org),“Devrais-je prier les saints?” (Nlo adzo a jw.org)
fr,ewo,Prie Dieu (1:22),Prie Dieu (1:22)
fr,ewo,Que se passe-t-il dans une salle du Royaume ? (2:12),Dzé ya lot a nda bikoen ya Édzoé? (2:12)
fr,ewo,Nous n’oublierons jamais leur accueil (4:16),Bi seki dzam vuen akia ya be nga suen ai bia (4:16)
fr,ewo,J’ai beaucoup aimé les réunions ! (4:33),Me nga ding bikoen abui! (4:33)
fr,ewo,« Pourquoi assister aux réunions tenues à la salle du Royaume ? » (article jw.org),“Pourquoi assister aux réunions du Royaume?” (Nlangʼen a jw.org)
fr,ewo,"« Je ne sortais jamais sans mon arme » ( La Tour de Garde , 1 er juillet 2014)","“Je ne sortais jamais sans mon arme” ( La Tour de Garde , 1 er juillet 2014)"
fr,ewo,Des jeunes qui apprennent à aimer la Parole de Dieu (5:33),Les jeunes qui apprennent à aimer la parole de Dieu (5:33)
fr,ewo,« Les Témoins de Jéhovah ont-ils leur Bible à eux ? » (article jw.org),“Les Témoins de Jéhovah ont-ils leur Bible à eux?” (Nlangʼen a jw.org)
fr,ewo,« Une lecture qui vous apportera beaucoup » ( La Tour de Garde n o 1 2017),“Une lecture qui vous apportera beaucoup” ( La Tour de Garde n o 1 2017)
fr,ewo,« Comment la Bible peut-elle m’aider ? (1 re partie) : Explore ta bible » (article jw.org),“Comment la Bible peut-elle mʼaider? (1 re partie) : Explore ta Bible” (Nlangʼen a jw.org)
fr,ewo,« Comment la Bible peut-elle m’aider ? (2 e partie) : Rends ta lecture de la Bible agréable » (article jw.org),“Comment la Bible peut-elle mʼaider? (2 e partie) : Rends ta lecture de la Bible agréable” (Nlangʼen a jw.org)
fr,ewo,Une bonne étude individuelle (2:06),Une bonne étude individuelle (2:06)
fr,ewo,Sa persévérance a été récompensée (5:22),Sa persévérance a été récompensée (5:22)
fr,ewo,Jéhovah nous aide à changer (3:56),Jéhovah nous aide à changer (3:56)
fr,ewo,"« Comment bien gérer son temps » ( Réveillez-vous ! , février 2014)","“Comment bien gérer son temps” ( Réveillez-vous!, février 2014)"
fr,ewo,Jéhovah nous donne la force de porter notre charge (5:05),Jéhova nous donne la force de porter notre charge (5:05)
fr,ewo,J’ai fait un procès à la vérité (6:30),Jʼai fait un procès à la vérité (6:30)
fr,ewo,« Les Témoins de Jéhovah brisent-ils les familles ou les aident-ils à être plus fortes ? » (article jw.org),“Les Témoins de Jéhova brisent-ils les familles ou les aident-ils à être plus fortes?” (Nlangʼen a jw.org)
fr,ewo,Thème : Ce que Dieu a fait pour nous et le genre de culte qui lui plaît,Nsongʼen: Yene é mam Zamba a nga bò asu daan ai ékang ya nyeb nyè a nnem
fr,ewo,13 Les fausses religions déshonorent Dieu,13 Akia afé évus nyebe ya tsam minnal mi bebege Zamba
fr,ewo,14 De quelle façon Dieu veut-il être adoré ?,14 Akia afé ékang dzaan é ne nyeb a mis me Zamba?
fr,ewo,15 Qui est Jésus ?,15 Za a ne Yésus?
fr,ewo,16 Qu’a fait Jésus quand il était sur terre ?,"16 Éyòng a nga be a si, dzé Yésus a nga bò?"
fr,ewo,17 Jésus : sa personnalité et ses qualités,17 Akia mot afé Yésus a ne?
fr,ewo,18 Comment reconnaître les vrais chrétiens ?,18 Akia afé bi ne dzam yem mimfang bekristen?
fr,ewo,19 Les Témoins de Jéhovah sont-ils de vrais chrétiens ?,19 Ye Beboala be Yéhova be ne mimfang bekristen?
fr,ewo,20 Comment l’assemblée chrétienne est-elle organisée ?,20 Akia afé akonda bekristen a ne ntaan?
fr,ewo,21 Comment la bonne nouvelle est-elle prêchée ?,21 Akia afé mbembe foé a kareben?
fr,ewo,22 Comment pouvez-vous parler aux autres de la bonne nouvelle ?,22 Akia afé o ne dzam kat é bot bevòk mbembe foé?
fr,ewo,23 Le baptême : un objectif qui en vaut la peine !,23 Nduen: Mbembe nsongʼen!
fr,ewo,24 La vérité sur les anges,24 Beza be ne béngeles ai dzé ba bò?
fr,ewo,25 Quel est le projet de Dieu pour nous ?,25 Nsongʼen Zamba asu daan o ne mbé?
fr,ewo,26 Pourquoi les souffrances et le mal existent-ils ?,26 Amu dzé abé ai mindzug bi ne?
fr,ewo,27 Comment la mort de Jésus nous sauve-t-elle ?,27 Akia afé awu Yésus da koré bia?
fr,ewo,28 Exprimez votre reconnaissance pour ce que Jéhovah et Jésus ont fait pour vous,28 Vaa Yéhova ban Yésus ngang asu é dzam be nga bò asu doé
fr,ewo,29 Que se passe-t-il après la mort ?,29 Dzé ya loren amvus awu?
fr,ewo,30 Vous pourrez revoir ceux que vous aimez !,30 Mindinding mié mia yi womo!
fr,ewo,31 Qu’est-ce que le royaume de Dieu ?,31 Dzé é ne Édzoé Zamba?
fr,ewo,32 Le royaume de Dieu est en place !,32 Édzoé Zamba é nteleya!
fr,ewo,33 Ce que le Royaume va réaliser,33 É mam Édzoé Zamba ya yi bò
fr,ewo,Discutez des questions suivantes avec votre enseignant :,Sangʼla minsili mi ai é mot mina ai nyè mia yègè Bibel:
fr,ewo,Qu’est-ce que Dieu va faire des fausses religions ?,Dzé Zamba a yi bò évus nyebe?
fr,ewo,( voir la leçon 13 ).,( Bebege ayègè 13 ).
fr,ewo,Que ressent Jéhovah envers ceux qui se servent d’objets religieux pour l’adorer ?,Yéhova a woren ya éyòng bot ba belen ai bivegele asu yi na be kang nyè?
fr,ewo,( voir la leçon 14 ).,( Bebege ayègè 14 ).
fr,ewo,Qui est Jésus ?,Za a ne Yésus?
fr,ewo,( voir la leçon 15 ).,( Bebege ayègè 15 ).
fr,ewo,Quelles qualités de Jésus vous attirent particulièrement ?,Mefulu me Yésus mefé wò dang ding abui?
fr,ewo,( voir la leçon 17 ).,( Bebege ayègè 17 ).
fr,ewo,Qui pratique le vrai christianisme aujourd’hui ? Qu’est-ce qui vous fait dire que ce sont de vrais chrétiens ?,Beza be ne mimfang bekristen melu ma? Mam mefé ma lere na be ne fò ­mimfang ­bekristen?
fr,ewo,( voir les leçons 18 et 19 ).,( Bebege meyègè 18 ai 19 ).
fr,ewo,"Qui est le chef de l’assemblée, et comment la dirige-t-il ?","Za a ne nlo ya akonda, ai akia afé a tòng‘lò dzò?"
fr,ewo,( voir la leçon 20 ).,( Bebege ayègè 20 ).
fr,ewo,Comment cette prophétie s’accomplit-elle à notre époque ?,Akia afé nkulen adzo wi wa dzaleben melu ma?
fr,ewo,À qui avez-vous déjà parlé de la bonne nouvelle ?,O kat ya za mbembe foé?
fr,ewo,( voir les leçons 21 et 22 ).,( Bebege meyègè 21 ai 22 ).
fr,ewo,Pensez-vous que le baptême est un objectif pour lequel il vaut la peine de faire des efforts ? Pourquoi ?,Ye wò tsog na a ve mengul asu yi na o duben o ne mbembe nsongʼen? Amu dzé?
fr,ewo,( voir la leçon 23 ).,( Bebege ayègè 23 ).
fr,ewo,Comment pouvez-vous vous protéger de Satan et des démons ?,Akia afé o ne saala melam me Satan ai bebé minsisim?
fr,ewo,( voir la leçon 24 ).,( Bebege ayègè 24 ).
fr,ewo,Quel est le projet de Dieu pour nous ?,Nsongʼen Zamba asu daan o ne mbé?
fr,ewo,( voir la leçon 25 ).,( Bebege ayègè 25 ).
fr,ewo,Pourquoi les humains souffrent-ils et meurent-ils ?,Amu dzé bot ba toben ai mindzug ai awu?
fr,ewo,( voir la leçon 26 ).,( Bebege ayègè 26 ).
fr,ewo,Qu’a fait Jéhovah pour nous délivrer du péché et de la mort ?,Dzé Yéhova a nga bò asu yi na a koré bia a nsem ai awu?
fr,ewo,( voir la leçon 27 ).,( Bebege ayègè 27 ).
fr,ewo,Que se passe-t-il quand on meurt ?,Dzé ya loren amvus awu?
fr,ewo,Que fera bientôt Jésus pour des milliards de personnes qui sont mortes ?,Dzé Yésus a yi bò asu bizug bibot bi nga man wu?
fr,ewo,( voir les leçons 29 et 30 ).,( Bebege meyègè 29 ai 30 ).
fr,ewo,Pourquoi le royaume de Dieu est-il le meilleur des gouvernements ?,Asu dzé Édzoé Zamba ya lot bidzoé bise bivòk?
fr,ewo,( voir les leçons 31 et 33 ).,( Bebege meyègè 31 ai 33 ).
fr,ewo,Pourquoi croyez-vous que le royaume de Dieu est déjà en place ? Quand a-t-il commencé à gouverner ?,Ye wò tsog na Édzoé Zamba é nteleya? Amu dzé? Abog afé é nga kèè na ya dzoé?
fr,ewo,( voir la leçon 32 ).,( Bebege ayègè 32 ).
fr,ewo,13 Les fausses religions déshonorent Dieu,13 Akia afé évus nyebe ya tsam minnal mi bebege Zamba
fr,ewo,14 De quelle façon Dieu veut-il être adoré ?,14 Akia afé ékang dzaan é ne nyeb a mis me Zamba?
fr,ewo,15 Qui est Jésus ?,15 Za a ne Yésus?
fr,ewo,16 Qu’a fait Jésus quand il était sur terre ?,"16 Éyòng a nga be a si, dzé Yésus a nga bò?"
fr,ewo,17 Jésus : sa personnalité et ses qualités,17 Akia mot afé Yésus a ne?
fr,ewo,18 Comment reconnaître les vrais chrétiens ?,18 Akia afé bi ne dzam yem mimfang bekristen?
fr,ewo,19 Les Témoins de Jéhovah sont-ils de vrais chrétiens ?,19 Ye Beboala be Yéhova be ne mimfang bekristen?
fr,ewo,20 Comment l’assemblée chrétienne est-elle organisée ?,20 Akia afé akonda bekristen a ne ntaan?
fr,ewo,21 Comment la bonne nouvelle est-elle prêchée ?,21 Akia afé mbembe foé a kareben?
fr,ewo,22 Comment pouvez-vous parler aux autres de la bonne nouvelle ?,22 Akia afé o ne dzam kat é bot bevòk mbembe foé?
fr,ewo,23 Le baptême : un objectif qui en vaut la peine !,23 Nduen: Mbembe nsongʼen!
fr,ewo,24 La vérité sur les anges,24 Beza be ne béngeles ai dzé ba bò?
fr,ewo,25 Quel est le projet de Dieu pour nous ?,25 Nsongʼen Zamba asu daan o ne mbé?
fr,ewo,26 Pourquoi les souffrances et le mal existent-ils ?,26 Amu dzé abé ai mindzug bi ne?
fr,ewo,27 Comment la mort de Jésus nous sauve-t-elle ?,27 Akia afé awu Yésus da koré bia?
fr,ewo,28 Exprimez votre reconnaissance pour ce que Jéhovah et Jésus ont fait pour vous,28 Vaa Yéhova ban Yésus ngang asu é dzam be nga bò asu doé
fr,ewo,29 Que se passe-t-il après la mort ?,29 Dzé ya loren amvus awu?
fr,ewo,30 Vous pourrez revoir ceux que vous aimez !,30 Mindinding mié mia yi womo!
fr,ewo,31 Qu’est-ce que le royaume de Dieu ?,31 Dzé é ne Édzoé Zamba?
fr,ewo,32 Le royaume de Dieu est en place !,32 Édzoé Zamba é nteleya!
fr,ewo,33 Ce que le Royaume va réaliser,33 É mam Édzoé Zamba ya yi bò
fr,ewo,Dieu accepte-t-il toutes les religions ? (extrait) (3:22),Ye Zamba a yebe kan minyebe mise?​—Étun (3:22)
fr,ewo,Le rôle des Églises dans la Deuxième Guerre mondiale (2:22),Étié minyebe mi nga tebe abog boro bita bi nga bòben a si éyòng bèè (2:22)
fr,ewo,« Toutes les religions se valent-elles ? Mènent-elles toutes à Dieu ? » (article jw.org),“Toutes les religions se valent-elles? Mènent-elles toutes à Dieu?” (Nlangʼen a jw.org)
fr,ewo,« Est-il nécessaire d’appartenir à une religion organisée ? » (article jw.org),“Est-il nécessaire dʼappartenir à une religion organisée?” (Nlangʼen a jw.org)
fr,ewo,"« Pourquoi un prêtre a quitté son Église » ( Réveillez-vous ! , février 2015)","“Pourquoi un prêtre a quitté son Église” ( Réveillez-vous!, février 2015)"
fr,ewo,"« Des mensonges qui empêchent d’aimer Dieu » ( La Tour de Garde , 1 er novembre 2013)","“Les mensonges qui empêchent dʼaimer Dieu” ( La Tour de Garde, 1 er novembre 2013)"
fr,ewo,Dieu veut-il qu’on l’adore avec des images ou des objets ? (3:26),Ye Zamba a yebe na bi belen ai bivegele éyòng bia kang nyè? (3:26)
fr,ewo,La vérité l’a libéré (5:16),Ayègè Bibel a nga ve nyè étoa fili (5:16)
fr,ewo,"« La Bible transforme des vies » ( La Tour de Garde , 1 er juillet 2011)","“La Bible transforme des vies” ( La Tour de Garde, 1 er juillet 2011)"
fr,ewo,"« Loue Jéhovah dans l’assemblée » ( La Tour de Garde , janvier 2019)","“Loue Jéhovah dans lʼassemblée” ( La Tour de Garde, janvier 2019)"
fr,ewo,Jéhovah a pris soin de moi (3:07),Yéhova a nga mvamen ai ma (3:07)
fr,ewo,« Pourquoi les Témoins de Jéhovah n’utilisent pas la croix dans leur culte ? » (article jw.org),“Pourquoi les Témoins de Jéhovah nʼutilisent pas la croix dans leur culte?” (Nlangʼen a jw.org)
fr,ewo,Jésus Christ est-il Dieu ? (3:22),Ye Yésus Kristu a ne Zamba ngul mese? (3:22)
fr,ewo,Jésus accomplit des prophéties (3:03),Yésus a nga dzali minkulen medzo mi bebege nyè (3:03)
fr,ewo,« Sachez avec certitude que Dieu l’a fait Seigneur et Christ » (partie 1) (35:24),‘Sachez avec certitude que Dieu lʼa fait Seigneur et Christʼ (partie 1) (35:24)
fr,ewo,« Les prophéties messianiques prouvent-elles que Jésus était le Messie ? » (article jw .org),“Les prophéties messianiques prouvent-elles que Jésus était le Messie?” (Nlangʼen a jw.org)
fr,ewo,« Pourquoi Jésus est-il appelé le Fils de Dieu ? » (article jw.org),“Pourquoi Jésus est-il appelé le Fils de Dieu?” (Nlangʼen a jw.org)
fr,ewo,"« Jésus est-il Dieu ? » ( La Tour de Garde , 1 er avril 2009)","“Jésus est-il Dieu?” ( La Tour de Garde, 1 er avril 2009)"
fr,ewo,"« Une femme juive explique pourquoi elle a remis sa foi en question » ( Réveillez-vous ! , mai 2013)","“Une femme juive explique pourquoi elle a remis sa foi en question” ( Réveillez-vous!, mai 2013)"
fr,ewo,Jésus guérit une femme malade (5:10),Yésus a led nkokòn mininga (5:10)
fr,ewo,« Sachez avec certitude que Dieu l’a fait Seigneur et Christ » (partie 2) (35:06),‘Sachez avec certitude que Dieu lʼa fait Seigneur et Christʼ (partie 2) (35:06)
fr,ewo,"« Le Royaume de Dieu : son importance pour Jésus » ( La Tour de Garde , 1 er octobre 2014)","“Le royaume de Dieu: son importance pour Jésus” ( La Tour de Garde, 1 er octobre 2014)"
fr,ewo,"« Les miracles de Jésus : que vous enseignent-ils ? » ( La Tour de Garde , 15 juillet 2004)","“Les miracles de Jésus: que vous enseignent-ils?” ( La Tour de Garde, 15 juillet 2004)"
fr,ewo,"« Je ne vivais que pour moi » ( La Tour de Garde , 1 er octobre 2014)","“Je ne vivais que pour moi” ( La Tour de Garde, 1 er octobre 2014)"
fr,ewo,"« Principaux évènements de la vie terrestre de Jésus » ( La Bible. Traduction du monde nouveau, appendice A7 )","“Principaux évènements de la vie terrestre de Jésus” ( Traduction du Monde nouveau des Saintes écritures , Appendix A7)"
fr,ewo,« Il y a plus de bonheur à donner » (extrait) (4:00),“Le ne mvòm na mot a ve”​—Étun (4:00)
fr,ewo,"« Pour imiter Jésus, soyons... » ( Jésus : le chemin, la vérité, la vie , page 317)","“Pour imiter Jésus, soyons . . .” ( Jésus: le chemin, la vérité, la vie , afeb 317)"
fr,ewo,"« Pourquoi prier au nom de Jésus ? » ( La Tour de Garde , 1 er février 2008)","“Pourquoi prier au nom de Jésus?” ( La Tour de Garde , 1 er février 2008)"
fr,ewo,« À quoi ressemblait Jésus ? » (article jw.org),“À quoi ressemblait Jésus?” (Nlangʼen a jw.org)
fr,ewo,"« Respect et dignité : deux exigences de Dieu » ( La Tour de Garde , 1 er septembre 2012)","“Respect et dignité: deux exigences de Dieu” ( La Tour de Garde , 1 er septembre 2012)"
fr,ewo,Comment la chrétienté a-t-elle été corrompue ? (5:11),Akia afé minnal mi nga nyii évus nyebe (5:11)
fr,ewo,J’ai rejeté la religion (5:20),Me nga lum nyebe mvus (5:20)
fr,ewo,Il était prêt à donner sa vie (2:55),A nga be babi na a ve énying dzié (2:55)
fr,ewo,Qui sont les Témoins de Jéhovah ? (1:13),Beboala be Yéhova​—Bi ne beza? (1:13)
fr,ewo,"« Ils ont utilisé la Bible pour répondre à toutes mes questions ! » ( La Tour de Garde , 1 er avril 2014)","“Ils ont utilisé la Bible pour répondre à toutes mes questions!” ( La Tour de Garde , 1 er avril 2014)"
fr,ewo,Du secours après une catastrophe (extrait) (3:57),Minvòlen mi nga sò abog ébubua​—Étun (3:57)
fr,ewo,"« À quoi se reconnaît le christianisme authentique ? » ( La Tour de Garde , 1 er mars 2012)","“À quoi se reconnaît le christianisme authentique?” ( La Tour de Garde , 1 er mars 2012)"
fr,ewo,Ils redécouvrent les vérités bibliques (7:45),Ba dugen sòm minyegelen ya Bibel (7:45)
fr,ewo,Un nom qui nous définit (2:40),Éyolé ya lere akia bot ya bi ne (2:56)
fr,ewo,L’ouragan Matthew frappe Haïti (5:29),Nkulu ba loé na Matthew a dzimbi Haïti (5:29)
fr,ewo,"Les Témoins de Jéhovah. La foi en action, 1 re partie : La sortie des ténèbres (1:00:53)","Les Témoins de Jéhovah. La foi en action, 1 re partie: La sortie des ténèbres (1:01:27)"
fr,ewo,Le peuple qui glorifie le nom de Dieu (7:08),Ayòng da ve dzoé Zamba duma (7:08)
fr,ewo,« Questions fréquentes sur les Témoins de Jéhovah » (page jw.org),“Questions fréquentes sur les Témoins de Jéhovah” (Nlangʼen a jw.org)
fr,ewo,"« Ma vie allait de plus en plus mal » ( La Tour de Garde , 1 er juillet 2015)","“Ma vie allait de plus en plus mal” ( La Tour de Garde , 1 er juillet 2015)"
fr,ewo,Népal : les anciens aident les victimes du tremblement de terre (4:56),A Népal: Bemvendé ba vòli é bot be he bi ndzug amu minfongʼen mi si (4:56)
fr,ewo,"Anciens, donnez l’exemple ! (7:39)","A bemvendé, lereni mvulna! (7:39)"
fr,ewo,Ils apportent de l’aide à leurs frères (4:22),Ba ke vòli babedzang baba (4:22)
fr,ewo,La vie d’un responsable de circonscription dans un territoire rural (4:51),Énying nfeb mekonda ya amvus nnam (4:51)
fr,ewo,"« Y a-t-il des femmes ministres chez les Témoins de Jéhovah ? » ( La Tour de Garde , 1 er septembre 2012)","“Y a-t-il des femmes ministres chez les Témoins de Jéhovah?” ( La Tour de Garde , 1 er septembre 2012)"
fr,ewo,"« Les anciens, “compagnons de travail pour notre joie” » ( La Tour de Garde , 15 janvier 2013)","“Les anciens, ‘compagnons de travail pour notre joieʼ” ( La Tour de Garde , 15 janvier 2013)"
fr,ewo,Ils prêchent dans « la région la plus lointaine de la terre » (7:33),Ba bò ésié ékat foé “akelkui a mebug me si mese” (7:33)
fr,ewo,Ils défendent la bonne nouvelle en justice (2:28),Ba lumen asu mbembe foé a menda medzo (2:28)
fr,ewo,Paris : Témoignage public spécifique aux grandes villes (5:11),Paris: Ékat foé ya bòben a boro betisòn (5:11)
fr,ewo,Ils étanchent la soif spirituelle d’hommes et de femmes réfugiés (5:59),Ba kat é befam ai é bininga be nga tub minnam miaba amu mindzug mbembe foé (5:59)
fr,ewo,Heureuse d’avoir choisi cette carrière (6:29),Me ne mintak mbol me nga tòb ésié nkat foé (6:29)
fr,ewo,"« Les prédicateurs se défendent devant les tribunaux » ( Le Royaume de Dieu en action ! , chapitre 13)","“Les prédicateurs se défendent devant les tribunaux” ( Le Royaume de Dieu en action!, chapitre 13)"
fr,ewo,J’ai prié Jéhovah pour qu’il me donne du courage (4:05),Me nga kogelen ai Yéhova na a ve ma azombo (4:05)
fr,ewo,Proposition de la carte de visite jw.org (1:43),Akia me ne ve tiket ya sit internet dzaan JW.ORG (1:43)
fr,ewo,"« Es-tu prêt à devenir un pécheur d’hommes ? » ( La Tour de Garde , septembre 2020)","“Es-tu prêt à devenir un pêcheur dʼhommes?” ( La Tour de Garde , septembre 2020)"
fr,ewo,Jéhovah te donnera du courage (11:59),Yéhova a yi wò vòli na o bò azombo (11:59)
fr,ewo,"« Touchons le cœur de nos parents non Témoins » ( La Tour de Garde , 15 mars 2014)","“Touchons le cœur de nos parents non Témoins” ( La Tour de Garde , 15 mars 2014)"
fr,ewo,Comment construire sa relation avec Jéhovah (1:11),Akia afé me ne dugen bi mbembe élat ai Yéhova (1:11)
fr,ewo,« Qu’est-ce que le baptême ? » (article jw.org),“Quʼest-ce que le baptême?” (Nlangʼen a jw.org)
fr,ewo,"« L’amour et la reconnaissance pour Jéhovah mènent au baptême » ( La Tour de Garde , mars 2020)","“Lʼamour et la reconnaissance pour Jéhovah mènent au baptême” ( La Tour de Garde , mars 2020)"
fr,ewo,"« Ils voulaient que je découvre la vérité par moi-même » ( La Tour de Garde , 1 er février 2013)","“Ils voulaient que je découvre la vérité par moi-même” ( La Tour de Garde , 1 er février 2013)"
fr,ewo,"« Devrais-je me faire baptiser ? » ( Les jeunes s’interrogent. Réponses pratiques [volume 2], chapitre 37)","“Devrais-je me faire baptiser?” ( Les jeunes​—sʼinterrogent. Réponses pratiques , Volume 2, chapitre 37)"
fr,ewo,« Opposez-vous au Diable » (5:02),“Bò nkanga a melam me Débelé” (5:02)
fr,ewo,« Qui est l’archange Michel ? » (article jw.org),“Qui est lʼarchange Michel?” (Nlangʼen a jw.org)
fr,ewo,« Le Diable : principe du mal ou personne réelle ? » (article jw.org),“Le Diable: principe du mal ou personne réelle?” (Nlangʼen a jw.org)
fr,ewo,"« Elle a trouvé un but dans la vie » ( La Tour de Garde , 1 er juillet 1993)","“Elle a trouvé un but dans la vie” ( La Tour de Garde , 1 er juillet 1993)"
fr,ewo,"« La vérité sur la magie et la sorcellerie » ( La route qui mène à la vie éternelle , section 5)","“La vérité sur la magie, et la sorcellerie” ( La route qui mène à la vie éternelle , section 5)"
fr,ewo,Pourquoi Dieu a-t-il créé la Terre ? (extrait) (1:41),Amu dzé Zamba a nga kom si?​—Étun (1:41)
fr,ewo,J’ai compris le sens de la vie (5:03),Me yemeya asu dzé bia nying (5:03)
fr,ewo,"« Le jardin d’Éden — Un mythe ? » ( La Tour de Garde , 1 er janvier 2011)","“Le jardin dʼÉden​—Un mythe?” ( La Tour de Garde , 1 er janvier 2011)"
fr,ewo,« La terre sera-t-elle détruite ? » (article jw.org),“La terre sera t-elle détruite?” (Nlangʼen a jw.org)
fr,ewo,« Quel est le sens de la vie ? » (article jw.org),“Quel est le sens de la vie?” (Nlangʼen a jw.org)
fr,ewo,"Maintenant, j’ai une vie qui a un sens (3:55)",Énying dzama é mbeleya mbembe nsongʼen (3:55)
fr,ewo,Qui dirige le monde ? (1:24),Za a dzoé si? (1:24)
fr,ewo,Pourquoi Dieu permet-il les souffrances ? (extrait) (3:07),Amu dzé Zamba a dzogè na mindzug mi kui bia?​—Étun (3:07)
fr,ewo,« Qu’est-ce que le péché ? » (article jw.org),“Quʼest-ce que le péché?” (Nlangʼen a jw.org)
fr,ewo,"« Pourquoi Dieu permet-il les souffrances ? » ( La Tour de Garde , 1 er janvier 2014)","“Pourquoi Dieu permet-il les souffrances?” ( La Tour de Garde , 1 er janvier 2014)"
fr,ewo,« Pourquoi la Shoah a-t-elle eu lieu ? Pourquoi Dieu n’a-t-il rien fait ? » (article jw.org),“Pourquoi la Shoah a-t-elle eu lieu? Pourquoi Dieu nʼa-t-il rien fait?” (Nlangʼen a jw.org)
fr,ewo,Je ne me sens plus seul (5:09),Ma woren ki fe na me ne étam (5:09)
fr,ewo,Pourquoi Jésus est-il mort ? (partie 1) (2:01),Amu dzé Yésus a nga wu? (Ngab 1) (2:01)
fr,ewo,Pourquoi Jésus est-il mort ? (partie 2) (2:00),Amu dzé Yésus a nga wu? (Ngab 2) (2:00)
fr,ewo,« En quel sens le sacrifice de Jésus est-il “une rançon pour beaucoup” ? » (article jw.org),“En quel sens le sacrifice de Jésus est-il ‘une rançon pour beaucoupʼ?ʼʼ (Nlangʼen a jw.org)
fr,ewo,« Jésus sauve : comment ? » (article jw.org),“Jésus sauve: Comment?” (Nlangʼen a jw.org)
fr,ewo,"« Questions bibliques » ( La Tour de Garde , 1 er mai 2013)","“Questions bibliques” ( La Tour de Garde , 1 er mai 2013)"
fr,ewo,« Je ne suis plus esclave de la violence » (article jw.org),"“Me rappeler mon amour du début mʼaide à endurer” ( La Tour de Garde , 15 mai 2015)"
fr,ewo,En souvenir du sacrifice de Jésus (1:41),Étsog awu Yésus (1:41)
fr,ewo,Il a utilisé son corps pour honorer Jéhovah (9:28),A nga belen ai nyòl dzié asu yi na a ve Yéhova duma (9:28)
fr,ewo,"« Exerce ta foi dans les promesses de Jéhovah » ( La Tour de Garde , octobre 2016)","“Exerce ta foi dans les promesses de Jéhovah” ( La Tour de Garde , octobre 2016)"
fr,ewo,"« La Bible transforme des vies » ( La Tour de Garde , 1 er août 2011)","“La Bible transforme des vies” ( La Tour de Garde , 1 er août 2011)"
fr,ewo,« Pourquoi les Témoins de Jéhovah célèbrent-ils le Repas du Seigneur différemment des autres religions ? » (article jw.org),“Pourquoi les Témoins de Jéhovah célèbrent-ils le Repas du Seigneur différemment des autres religions?” (Nlangʼen a jw.org)
fr,ewo,Que se passe-t-il après la mort ? (extrait) (1:19),Dzé ya loren amvus awu mot?​—Étun (1:19)
fr,ewo,« Qu’est-ce que l’âme ? » (article jw.org),“Quʼest-ce que lʼâme?” (Nlangʼen a jw.org)
fr,ewo,L’enfer existe-t-il vraiment ? (3:07),Ye nduen kòm é ne fò? (3:07)
fr,ewo,Les esprits des morts : Peuvent-ils vous aider ou vous nuire ? Existent-ils vraiment ? (brochure),Les esprits des morts: Peuvent-ils vous aider ou vous nuire? Existent-ils vraiment? (nsò kalara)
fr,ewo,"« J’étais impressionné par les réponses claires et logiques de la Bible » ( La Tour de Garde , 1 er février 2015)","“Jʼétais impressionné par les réponses claires et logiques de la Bible” ( La Tour de Garde , 1 er février 2015)"
fr,ewo,Jésus ressuscite Lazare (1:16),Yésus a womo Lazar (1:16)
fr,ewo,L’espérance de la résurrection nous donne du courage (3:21),Ndi ya akulsòng bewu ya ve bia azombo (3:21)
fr,ewo,« Quand on perd quelqu’un qu’on aime » ( Réveillez-vous ! n o 3 2018),“Quand on perd quelquʼun quʼon aime” ( Réveillez-vous! n o 3 2018)
fr,ewo,Quand quelqu’un qu’on aime meurt (5:06),Éyòng é mot bia ding a he wu (5:06)
fr,ewo,« Qu’est-ce que la résurrection ? » (article jw.org),“Quʼest-ce que la résurrection?” (Nlangʼen a jw.org)
fr,ewo,Qu’est-ce que le royaume de Dieu ? (extrait) (1:41),Dzé é ne Édzoé Zamba?​—Étun (1:41)
fr,ewo,« Le royaume de Dieu est-il dans votre cœur ? » (article jw.org),“Le royaume de Dieu est-il dans votre cœur?” (Langʼen a jw.org)
fr,ewo,Fidèlement attachés au Royaume (1:43),Be nga ke osu na ba wulu baaba ai Édzoé Zamba (1:43)
fr,ewo,« Qui va au ciel ? » (article jw.org),“Qui va au ciel?” (Nlangʼen a jw.org)
fr,ewo,"« J’ai découvert la solution à l’injustice » ( Réveillez-vous ! , novembre 2011)","“Jʼai découvert la solution à lʼinjustice” ( Réveillez-vous! , novembre 2011)"
fr,ewo,Le royaume de Dieu a commencé à gouverner en 1914 (5:02),Édzoé Zamba é nga tebe a mbu 1914 (5:02)
fr,ewo,Le monde a changé depuis 1914 (1:10),Si é nga tséndé a kèègè a mbu 1914 (1:10)
fr,ewo,"« Depuis quand ce déclin brutal ? » ( Réveillez-vous ! , avril 2007)","“Depuis quand ce déclin brutal” ( Réveillez-vous! , avril 2007)"
fr,ewo,« J’aimais le baseball plus que tout au monde ! » ( La Tour de Garde n o 3 2017),“Jʼaimais le baseball plus que tout au monde!” ( La Tour de Garde n o 3 2017)
fr,ewo,"« Quand le Royaume de Dieu a-t-il commencé à régner ? (1 re partie) » ( La Tour de Garde , 1 er octobre 2014)","“Quand le Royaume de Dieu a-t-il commencé à régner? (1 re partie)” ( La Tour de Garde , 1 er octobre 2014)"
fr,ewo,"« Quand le Royaume de Dieu a-t-il commencé à régner ? (2 e partie) » ( La Tour de Garde , 1 er novembre 2014)","“Quand le Royaume de Dieu a-t-il commencé à régner? (2 e partie)” ( La Tour de Garde , 1 er novembre 2014)"
fr,ewo,Jésus a montré ce que le Royaume va accomplir (1:13),Yésus a nga lere é mam Édzoé Zamba ya yi bò (1:13)
fr,ewo,Un aperçu de notre magnifique avenir (4:38),É mimbembe mimam mizing mia yi bòben melu ma zu (4:38)
fr,ewo,Comment le royaume de Dieu résoudra-t-il nos problèmes ? (tract),Dzé é ne Édzoé Zamba? (tract)
fr,ewo,« Qu’est-ce que la bataille d’Armaguédon ? » (article jw.org),“Quʼest-ce que la bataille dʼArmaguédon?” (Nlangʼen a jw.org)
fr,ewo,« Qu’est-ce que la grande tribulation ? » (article jw.org),"“Que se passera-t-il lors du jour du jugement?” ( La Tour de Garde , 1 er septembre 2012)"
fr,ewo,Imagine-toi dans le Paradis (1:50),Tsogo ane énying dzoé ya yi tòbò a paradis (1:50)
fr,ewo,"« La Bible transforme des vies » ( La Tour de Garde , 1 er janvier 2012)","“La Bible transforme des vies” ( La Tour de Garde , 1 er janvier 2012)"
fr,ewo,Thème : Ce que Dieu attend de ses adorateurs,Nsongʼen: Yene é dzom Zamba a yi na bebò bisié boé be bò
fr,ewo,34 Comment pouvons-nous montrer que nous aimons Jéhovah ?,34 Akia afé bi ne lere na bia ding Yéhova Zamba?
fr,ewo,35 Comment prendre de bonnes décisions,35 Akia afé bi ne nòng abeng mintsigen?
fr,ewo,36 Honnêtes en toutes choses,36 Bò susuo a mam mese
fr,ewo,37 Que dit la Bible sur le travail et l’argent ?,37 Dzé Bibel a dzo é bebege ésié ai mòni
fr,ewo,38 Accordons de la valeur à la vie,38 Bia yeane lere na énying é ne édima
fr,ewo,39 Le point de vue de Dieu sur le sang,39 Akia ya Yéhova a yen meki
fr,ewo,40 Le point de vue de Dieu sur la propreté et la pureté,40 Akia ya Zamba a yen mfuben ya nyòl ai é hi ya nsisim
fr,ewo,41 Que dit la Bible au sujet de la sexualité ?,41 Dzé Bibel a dzo é bebege dzam nkeen binòng?
fr,ewo,42 Que dit la Bible au sujet du célibat et du mariage ?,42 Dzé Bibel a dzo é bebege étié nkoé ai belug?
fr,ewo,43 Les chrétiens et l’alcool,43 Éye bekristen ba yen adzo meyòk ya?
fr,ewo,44 Toutes les fêtes plaisent-elles à Dieu ?,44 Ye Zamba a wog mebok mese mbeng?
fr,ewo,45 La neutralité chrétienne,45 Dzé ya tilen asu kristen na a tebe étié sesala
fr,ewo,46 Pourquoi se vouer à Dieu et se faire baptiser ?,"46 Asu dzé wò yeane ve wòmen nguma abe Zamba, o duben fe?"
fr,ewo,47 Êtes-vous prêt à vous faire baptiser ?,47 Ye o ntòya babi ya nòng nduen?
fr,ewo,Discutez des questions suivantes avec votre enseignant :,Sangʼla minsili mi ai é mot mina ai nyè mia yègè Bibel:
fr,ewo,Pourquoi voulez-vous être fidèle à Dieu ?,Amu dzé wò yi na wò langʼen baaba ai Yéhova?
fr,ewo,( voir la leçon 34 ).,( Bebege ayègè 34 ).
fr,ewo,Comment prendre de bonnes décisions même quand la Bible ne dit pas clairement ce qu’il faut faire ?,Akia afé bi ne nòng abeng mintsigen tò éyòng Bibel a ve ki bia memvéndé a sang sang?
fr,ewo,( voir la leçon 35 ).,( Bebege ayègè 35 ).
fr,ewo,Comment pouvez-vous être honnête en toutes choses ?,Akia afé bi ne bò susuo a mam mese?
fr,ewo,( voir la leçon 36 ).,( Bebege ayègè 36 ).
fr,ewo,"Pour ce qui est du travail ou de l’argent, comment pouvez-vous continuer à « chercher d’abord le Royaume » ?",Akia afé bi ne lere na bia “tari dzeng Édzoé” asu é dzam la bebe ésié ai mòni?
fr,ewo,( voir la leçon 37 ).,( Bebege ayègè 37 ).
fr,ewo,Comment pouvez-vous montrer que vous accordez la même valeur à la vie que Jéhovah ?,A mezen mefé o ne lere na wò yen énying ane Yéhova a yen dzò?
fr,ewo,( voir la leçon 38 ).,( Bebege ayègè 38 ).
fr,ewo,Qu’implique obéir au commandement de Jéhovah sur le sang ?,Akia afé o ne tong memvéndé me Yéhova me bebege meki?
fr,ewo,Trouvez-vous ce commandement trop difficile à suivre ?,Ye wò tsog na memvéndé meté me ne susuo?
fr,ewo,( voir la leçon 39 ).,( Bebege ayègè 39 ).
fr,ewo,Qu’implique être propre et être pur ?,Dzé ya tilen na a bò mfuben mfaa ya nyòl ai mfaa ya nsisim?
fr,ewo,( voir la leçon 40 ).,( Bebege ayègè 40 ).
fr,ewo,Que dit la Bible sur la sexualité ? Êtes-vous d’accord avec ce point de vue ?,Dzé Bibel a yegele é bebege nkeen binòng? Ye o ne king ai nyegelen té?
fr,ewo,Que dit la Bible au sujet de l’alcool ?,Dzé Bibel a dzo é bebege dzam meyòk?
fr,ewo,( voir les leçons 41 et 43 ).,( Bebege meyègè 41 ai 43 ).
fr,ewo,Quelle norme Dieu a-t-il établie pour ce qui est du mariage ?,Alug la nyeb Zamba a nnem a ne afé?
fr,ewo,Pourquoi faut-il qu’un mariage ou un divorce soit reconnu par la loi ?,Amu dzé a ne ai nfi na ngòmena a yem alug ngeki ntsamen alug doé?
fr,ewo,( voir la leçon 42 ).,( Bebege ayègè 42 ).
fr,ewo,Citez des fêtes qui ne plaisent pas à Jéhovah et expliquez pourquoi.,"Kan mebok mefé Yéhova a ding ki, ai amu dzé a ding ki mò?"
fr,ewo,( voir la leçon 44 ).,( Bebege ayègè 44 ).
fr,ewo,Comment pouvez-vous appliquer le principe de la neutralité chrétienne ?,Akia afé o ne baala étié sesala dzoé?
fr,ewo,"Si une loi du gouvernement s’oppose à une loi de Dieu, qu’allez-vous décider ?","Nge mvéndé zing ya édzoé ya si mu ya lumen ai mvéndé Zamba, dzé wò yeane bò?"
fr,ewo,( voir la leçon 45 ).,( Bebege ayègè 45 ).
fr,ewo,Comment pouvez-vous montrer que vous aimez Jéhovah ?,Akia afé o ne lere na wò ding Yéhova?
fr,ewo,( voir les leçons 46 et 47 ).,( Bebege meyègè 46 ai 47 ).
fr,ewo,34 Comment pouvons-nous montrer que nous aimons Jéhovah ?,34 Akia afé bi ne lere na bia ding Yéhova Zamba?
fr,ewo,35 Comment prendre de bonnes décisions,35 Akia afé bi ne nòng abeng mintsigen?
fr,ewo,36 Honnêtes en toutes choses,36 Bò susuo a mam mese
fr,ewo,37 Que dit la Bible sur le travail et l’argent ?,37 Dzé Bibel a dzo é bebege ésié ai mòni
fr,ewo,38 Accordons de la valeur à la vie,38 Bia yeane lere na énying é ne édima
fr,ewo,39 Le point de vue de Dieu sur le sang,39 Akia ya Yéhova a yen meki
fr,ewo,40 Le point de vue de Dieu sur la propreté et la pureté,40 Akia ya Zamba a yen mfuben ya nyòl ai é hi ya nsisim
fr,ewo,41 Que dit la Bible au sujet de la sexualité ?,41 Dzé Bibel a dzo é bebege dzam nkeen binòng?
fr,ewo,42 Que dit la Bible au sujet du célibat et du mariage ?,42 Dzé Bibel a dzo é bebege étié nkoé ai belug?
fr,ewo,43 Les chrétiens et l’alcool,43 Éye bekristen ba yen adzo meyòk ya?
fr,ewo,44 Toutes les fêtes plaisent-elles à Dieu ?,44 Ye Zamba a wog mebok mese mbeng?
fr,ewo,45 La neutralité chrétienne,45 Dzé ya tilen asu kristen na a tebe étié sesala
fr,ewo,46 Pourquoi se vouer à Dieu et se faire baptiser ?,"46 Asu dzé wò yeane ve wòmen nguma abe Zamba, o duben fe?"
fr,ewo,47 Êtes-vous prêt à vous faire baptiser ?,47 Ye o ntòya babi ya nòng nduen?
fr,ewo,Défends ta foi malgré l’opposition (5:09),Kamen ai mbunen woé afiangʼen bò melumen (5:09)
fr,ewo,« Avec qui est fidèle tu te montreras fidèle » (16:49),“Avec qui est fidèle tu te montreras fidèle” (16:49)
fr,ewo,"« L’intégrité de Job » ( La Bible : quel est son message ? , partie 6)","“Lʼintégrité de Job” (La Bible: quel est son message?, partie 6)"
fr,ewo,Fais plaisir à Jéhovah (8:16),Vaa Yéhova nnem mintak (8:16)
fr,ewo,Résiste à la pression du groupe ! (3:59),Te wò dzogè na é bot bevòk be teg mbunen woé! (3:59)
fr,ewo,Laissez-vous guider par les principes de la Bible (5:54),Yebege na minyegelen ya Bibel mi tòngʼlò énying dzoé (5:54)
fr,ewo,« Gardez une bonne conscience » (5:13),“Baala mbembe man mot ya nnem” (5:13)
fr,ewo,"« Prenons des décisions qui honorent Dieu » ( La Tour de Garde , 15 avril 2011)","“Prenons des decisions qui honorent Dieu” ( La Tour de Garde, 15 avril 2011)"
fr,ewo,Jéhovah guide son peuple (9:50),Yéhova a tòngʼlò ayòng dié (9:50)
fr,ewo,Jéhovah garantit tout ce qui est bon (5:46),Yéhova a yi bi ve é mam mese me ne mbeng (5:46)
fr,ewo,"« Vous faut-il un commandement pour tout ? » ( La Tour de Garde , 1 er décembre 2003)","“Vous faut-il un commandement pour tout?” ( La Tour de Garde, 1 er décembre 2003)"
fr,ewo,Ce qui favorise la joie : Une bonne conscience (2:32),É mam ma sò ai mintak: Mbembe man mot ya nnem (2:32)
fr,ewo,Sois véridique (1:44),Kara bebela (1:44)
fr,ewo,Tenir ses promesses procure des bienfaits (9:09),A dzali doé a sò ai abui bemaa (9:09)
fr,ewo,"« Faut-il payer ses impôts ? » ( La Tour de Garde , 1 er septembre 2011)","“Faut-il payer ses impôts?” ( La Tour de Garde, 1 er septembre 2011)"
fr,ewo,"« J’ai découvert la miséricorde et le pardon de Jéhovah » ( La Tour de Garde , 1 er mai 2015)","“Jʼai découvert la miséricorde et le pardon de Jéhovah” ( La Tour de Garde, 1 er mai 2015)"
fr,ewo,Travaillez de toute votre âme pour Jéhovah (4:39),Siéni ai nnem wân ose asu Yéhova (4:39)
fr,ewo,« Contentons-nous des choses présentes » (3:20),“Taag ai abim biem o bele” (3:20)
fr,ewo,Jéhovah pourvoira à nos besoins (6:31),Yéhova a yi dzali meyangʼen maan (6:21)
fr,ewo,« L’argent est-il la racine de tous les maux ? » (article jw.org),“Lʼargent est-il la racine de tous les maux?” (Nlangʼen a jw.org)
fr,ewo,« Donner : qu’en dit la Bible ? » (article jw.org),“Donner: quʼen dit la Bible?” (Nlangʼen a jw.org)
fr,ewo,"« D’après la Bible : Les jeux d’argent » ( Réveillez-vous ! , mars 2015)",“Dʼaprès la Bible: les jeux dʼargent” ( Réveillez-vous! Mars 2015)
fr,ewo,"« Les courses de chevaux étaient ma passion » ( La Tour de Garde , 1 er novembre 2011)","“Les courses de chevaux étaient ma passion” ( La Tour de Garde, 1 er novembre 2011)"
fr,ewo,Soyons attentifs à la sécurité (8:34),Bò okala a mam mese wò bò (8:34)
fr,ewo,"Comme Dieu, accordons de la valeur à la vie (5:00)",Semegé énying ane Yéhova a semé dzò (5:00)
fr,ewo,Cantique 141 : Le miracle de la vie (2:41),Dzia 141​—Le miracle de la vie (2:41)
fr,ewo,« L’avortement : qu’en dit la Bible ? » (article jw.org),“Lʼavortement: quʼen dit la Bible?” (Nlangʼen a jw.org)
fr,ewo,"« “Sports de l’extrême” : doit-on faire abstraction des risques ? » ( Réveillez-vous ! , 8 octobre 2000)","“‘Sports de lʼextrêmeʼ​—doit-on faire abstraction des risques?” ( Réveillez-vous!, 8 octobre 2000)"
fr,ewo,« Je veux mourir — Est-ce que la Bible peut m’aider si j’ai des idées suicidaires ? » (article jw.org),“Je veux mourir​—Est-ce que la Bible peut mʼaider si jʼai des idées suicidaires?” (Nlangʼen a jw.org)
fr,ewo,Comment faire des choix médicaux concernant le sang ? (5:47),Akia afé bi ne nòng mintsigen asu é dzam la bebe meki (5:47)
fr,ewo,Interview du professeur Massimo Franchi (1:36),Minsili be nga sili nyem mam Massimo Franchi (1:36)
fr,ewo,"« Questions des lecteurs » ( La Tour de Garde , 15 octobre 2000)","“Questions des lecteurs” ( La Tour de Garde, 15 octobre 2000)"
fr,ewo,"« Questions des lecteurs » ( La Tour de Garde , 15 juin 2004)","“Questions des lecteurs” ( La Tour de Garde, 15 juin 2004)"
fr,ewo,"« J’ai accepté le point de vue de Dieu sur le sang » ( Réveillez-vous ! , 8 décembre 2003)","“Jʼai accepté le point de vue de Dieu sur le sang” ( Réveillez-vous!, 8 décembre 2003)"
fr,ewo,Jéhovah soutient ceux qui sont malades (10:23),Yéhova a sug é ba be ne minkokòn (10:23)
fr,ewo,Dieu aime que l’on soit propre (4:10),Zamba a ding é bot be ne mfuben (4:10)
fr,ewo,Comment cultiver la maîtrise de soi ? (2:47),Akia afé bi ne dzam dzoé biabeben (2:47)
fr,ewo,"Pour rester purs, passez à l’action (1:51)",Vaa mengul asu yi na o baala wòmen mfuben (1:51)
fr,ewo,"« Comment arrêter de me masturber ? » ( Les jeunes s’interrogent. Réponses pratiques (volume 1), chapitre 25)",“Comment arrêter de me masturber” (Ayègè 25 ya kalara Les jeunes sʼinterrogent. Réponses pratiques (Volume 1) )
fr,ewo,Santé et hygiène : Le lavage des mains (3:01),Mvòè minson ai mfuben ya nyòl: Nsoben mò (3:01)
fr,ewo,"« Comment arrêter de fumer » ( Réveillez-vous ! , mai 2010)","“Comment arrêter de fumer” ( Réveillez-vous!, mai 2010)"
fr,ewo,"« La pornographie : inoffensive ou dangereuse ? » ( La Tour de Garde , 1 er août 2013)","“La pornographie: inoffensive ou dangereuse?” ( La Tour de Garde, 1 er août 2013)"
fr,ewo,« J’ai échoué bien des fois avant de réussir » ( La Tour de Garde n o 4 2016),“Jʼai échoué bien des fois avant de réussir” ( La Tour de Garde N o 4 2016)
fr,ewo,Fuyez toute conduite sexuelle immorale (5:06),Tubu mvit mam ya bisok (5:06)
fr,ewo,Dites non à la tentation grâce à la lecture de la Bible (3:02),Dangʼa mebobela ai zen ya nlangʼen Bibel (3:02)
fr,ewo,Ne manquons pas de bon sens (9:31),Lacking Good Sense É mot a bele ki feg (9:31)
fr,ewo,« Vivre en couple sans être mariés : Qu’en dit la Bible ? » (article jw.org),“Vivre en couple sans être mariés: Quʼen dit la Bible?” (Nlangʼen a jw.org)
fr,ewo,« L’homosexualité : est-ce mal ? » (article jw.org),“Lʼhomosexualité: est-ce mal?” (Nlangʼen a jw.org)
fr,ewo,« Les relations buccogénitales sont-elles vraiment des relations sexuelles ? » (article jw.org),“Les relations buccogénitales sont-elles vraiment des relations sexuelles?” (Nlangʼen a jw.org)
fr,ewo,"« La Bible transforme des vies » ( La Tour de Garde , 1 er avril 2011)","“La Bible transforme des vies” ( La Tour de Garde, 1 er avril 2011)"
fr,ewo,Des célibataires fidèles (3:11),É bekristen be ne minkoé a ba wulu baaba a Yéhova (3:11)
fr,ewo,Le mariage : un lien permanent (4:30),Alug: élat ya tòbò akelkui awu (4:30)
fr,ewo,Ils ont conformé leur vie aux exigences de Jéhovah sur le mariage (4:14),O ne tong memvéndé me Yéhova asu é dzam la bebe alug (4:14)
fr,ewo,"« Questions des lecteurs » ( La Tour de Garde , 1 er juillet 2004)","“Questions des lecteurs” ( La Tour de Garde, 1 er juillet 2004)"
fr,ewo,Se préparer au mariage (11:53),Se préparer au mariage (17:05)
fr,ewo,J’espérais qu’elle accepterait d’étudier la Bible (1:56),Me mbe firigi na a yi kèène yebe ayègè Bibel (1:56)
fr,ewo,"« Honore “ce que Dieu a uni” » ( La Tour de Garde , décembre 2018)","“Honore ‘ce que Dieu a uniʼ ( La Tour de Garde, décembre 2018)"
fr,ewo,Devrais-je servir de l’alcool ? (2:41),Ye ma yeane ve bot meyòk? (2:41)
fr,ewo,« Je ne supportais plus ma façon de vivre » (6:32),‘Me mbe tege fe dzibi é kan énying me nyingʼiʼ (6:32)
fr,ewo,"Boire ou pas : dans tous les cas, pense aux dégâts ! (2:31)",Tuene fas osusua yi na wò nyu meyòk (2:31)
fr,ewo,"« Quelle place l’alcool a-t-il dans votre vie ? » ( La Tour de Garde , 1 er janvier 2010)","“Quelle place lʼalcool a t-il dans votre vie?” ( La Tour de Garde, 1 er janvier 2010)"
fr,ewo,Parler d’alcool à son enfant (article jw.org),"“Questions des lecteurs” ( La Tour de Garde, 15 février 2007)"
fr,ewo,"« La Bible transforme des vies » ( La Tour de Garde , 1 er mai 2012)","“La Bible transforme des vies” ( La Tour de Garde, 1 er mai 2012)"
fr,ewo,Des fêtes et des coutumes qui déplaisent à Dieu (5:07),Mebok ma nyeb ki Zamba a nnem (5:07)
fr,ewo,Expliquez vos croyances avec tact (2:01),Timigi é mam wò yebe évovoé été (2:01)
fr,ewo,Un accueil mémorable lors des assemblées internationales (5:40),Be nga yem suen ai babedzang baba a bitogen bia kuen bot ya mebug mesi menyi (5:40)
fr,ewo,« Pourquoi les Témoins de Jéhovah ne célèbrent-ils pas certaines fêtes ? » (article jw.org),“Pourquoi les Témoins de Jéhovah ne celebrent-ils pas certaines fêtes?” (Nlangʼen a jw.org)
fr,ewo,« Pourquoi les Témoins de Jéhovah ne fêtent pas les anniversaires de naissance ? » (article jw.org),“Pourquoi les Témoins de Jéhovah ne fêtent pas les anniversaires de naissance?” (Nlangʼen a jw.org)
fr,ewo,Tu es précieux pour Jéhovah (11:35),Yeme yalen é bot ba kpegele wò (2:04)
fr,ewo,"« Ils ont trouvé mieux » ( La Tour de Garde , 1 er décembre 2012)","“Ils ont trouvé mieux” ( La Tour de Garde, 1 er décembre 2012)"
fr,ewo,La neutralité des vrais chrétiens (partie 1) (4:28),Mimfang bekristen mia baala étié sesala dzaba (Ngab 1) (4:28)
fr,ewo,La neutralité des vrais chrétiens (partie 2) (3:11),Mimfang bekristen mia baala étié sesala dzaba (Ngab 2) (3:11)
fr,ewo,La neutralité des vrais chrétiens (partie 3) (1:18),Mimfang bekristen mia baala étié sesala dzaba (Ngab 3) (1:18)
fr,ewo,Pourquoi les vrais chrétiens ont besoin de courage pour rester neutres (2:49),Amu dzé mimfang bekristen mia yangʼen ai azombo​—Asu yi na mi baala étié sesala dzaba (2:49)
fr,ewo,Tirons des leçons de La Tour de Garde : Reste neutre dans un monde divisé (5:16),Minyegelen bia nòng a Nkum mòmbo: Baala étié sesala dzoé émò é ne mengam mengam dzi (5:16)
fr,ewo,Jéhovah ne nous a jamais déçus (3:14),Yéhova a beya ki bi sama (3:14)
fr,ewo,Restons neutres lors d’évènements publics (4:25),Baala étié sesala dzoé éyòng wò nòng ngab a bitogen bise ya émò (4:25)
fr,ewo,« Tout est possible à Dieu » (5:19),“Zamba a ne ngul ya bò mam mese” (5:19)
fr,ewo,"« Chacun portera sa propre charge » ( La Tour de Garde , 15 mars 2006)","“Chacun portera sa propre charge” ( La Tour de garde, 15 mars 2006)"
fr,ewo,Offrons des cadeaux à Dieu (3:04),Bò mimveen asu Zamba (3:04)
fr,ewo,Le football était toute ma vie (5:45),Ndamba a nga be é dzam a mbe dang nfi énying dzama (5:45)
fr,ewo,Les jeunes s’interrogent... Que vais-je faire de ma vie ? - Souvenirs (6:54),Les jeunes sʼinterrogent...: Que vais-je faire de ma vie?​—Souvenirs (6:54)
fr,ewo,"« Pourquoi se vouer à Jéhovah ? » ( La Tour de Garde , 15 janvier 2010)","“Pourquoi se vouer à Jéhovah?” ( La Tour de Garde, 15 janvier 2010)"
fr,ewo,Je veux t’offrir ma vie (4:30),Je veux tʼoffrir ma vie (4:30)
fr,ewo,"« La Bible transforme des vies » ( La Tour de Garde , 1 er novembre 2012)","“La Bible transforme des vies” ( La Tour de Garde , 1 er novembre 2012)"
fr,ewo,Le chemin menant au baptême (3:56),Zen ya nduen (3:56)
fr,ewo,L’amour pour Jéhovah surmonte tous les obstacles (5:22),Éding dzaan asu Yéhova ya bò na bi dang kan mindzug mise (5:22)
fr,ewo,Jéhovah t’aidera (2:50),Yéhova Zamba a yi wò vòli (2:50)
fr,ewo,"« Es-tu prêt pour le baptême ? » ( La Tour de Garde , mars 2020)","“Es-tu prêt pour le baptême?” ( La Tour de Garde, mars 2020)"
fr,ewo,"« Qu’est-ce qui m’empêche de me faire baptiser ? » ( La Tour de Garde , mars 2019)","“Quʼest-ce qui mʼempêche de me faire baptiser?” ( La Tour de Garde, mars 2019)"
fr,ewo,Pourquoi n’es-tu pas encore baptisé ? (1:10),‘Dzé ya kamen ai wò na o duben?ʼ (1:10)
fr,ewo,Est-ce que je suis vraiment digne de tout cela ? (7:21),Est-ce que je suis vraiment digne de tout cela? (7:21)
fr,ewo,Thème : Comment rester dans l’amour de Dieu,Nsongʼen: Yene akia afé o ne baala wòmen a éding Zamba
fr,ewo,48 Choisissez bien vos amis,48 Tuene tòb bemvoé boé
fr,ewo,49 Une famille heureuse (partie 1),49 Akia afé nda bot dzoé é ne nying a mintak? (Ngab 1)
fr,ewo,50 Une famille heureuse (partie 2),50 Akia afé nda bot dzoé é ne nying a mintak? (Ngab 2)
fr,ewo,51 Des paroles qui honorent Jéhovah,51 É bibug bia ve Yéhova olugu?
fr,ewo,52 Nos vêtements et notre apparence,52 Mimbòt miaan ai akia ya mia bò na bi yéné
fr,ewo,53 Des divertissements qui plaisent à Jéhovah,53 Mimvomen mia fû Yéhova nnem
fr,ewo,54 « L’esclave fidèle et avisé »,54 “Olò o ne mewog ai feg”
fr,ewo,55 Votre assemblée locale et vous,55 Akonda doé ai wò
fr,ewo,56 Préservez l’unité de l’assemblée,56 Baala élat dzoé ai babenyòng ya akonda
fr,ewo,57 Et si vous commettez un péché grave ?,57 Wò yeane bò dzé nge o he bò nsem o ne ngul?
fr,ewo,58 Restez fidèle à Jéhovah,58 Bò Yéhova mewog
fr,ewo,59 Vous pouvez endurer la persécution,59 O ne dzam dzibi bitibili
fr,ewo,60 Continuez vos progrès,60 Kele osu na wò nang mfaa ya nsisim
fr,ewo,Discuter des questions suivantes avec votre enseignant :,Sangʼla minsili mi ai é mot mina ai nyè mia yègè Bibel:
fr,ewo,Pourquoi est-il important de bien choisir ses amis ?,Asu dzé a ne ai nfi na o tuene tòb bemvoé boé?
fr,ewo,( voir la leçon 48 ).,( Bebege ayègè 48 ).
fr,ewo,Quels conseils de la Bible peuvent vous être utiles...,Melebega ya Bibel mefé me ne wò bò ai nfi . . .
fr,ewo,si vous êtes marié(e) ?,nge o ne nlugen?
fr,ewo,si vous êtes parent ou si vous êtes enfant ?,nge o ne mbondé ngeki mòngò?
fr,ewo,( voir les leçons 49 et 50 ).,( Bebege ayègè 49 ai 50 ).
fr,ewo,Quels genres de paroles honorent Jéhovah ? Quels genres de propos lui déplaisent ?,Akia bibug afé bia nyeb Yéhova a nnem? Akia bibug afé a wog abé?
fr,ewo,( voir la leçon 51 ).,( Bebege ayègè 51 ).
fr,ewo,Quels principes bibliques devraient guider vos choix en matière de tenue et d’aspect général ?,Tin memvéndé fé ya yeane bi tòngʼlò asu mimbòt miaan ai akia mia bò na bi yéné?
fr,ewo,( voir la leçon 52 ).,( Bebege ayègè 52 ).
fr,ewo,Comment choisir des divertissements qui plairont à Jéhovah ?,Akia afé bia yeane tòb mimvomen Yéhova a ding?
fr,ewo,( voir la leçon 53 ).,( Bebege ayègè 53 ).
fr,ewo,Qui est « l’esclave fidèle et avisé » ?,Za a ne “olò o ne mewog ai feg”?
fr,ewo,( voir la leçon 54 ).,( Bebege ayègè 54 ).
fr,ewo,"Comment pouvez-vous mettre votre temps, votre énergie et vos ressources matérielles au service de l’assemblée ?","Akia afé o ne belen ai abog doé, ngul dzoé ai akuma doé asu akonda?"
fr,ewo,( voir la leçon 55 ).,( Bebege ayègè 55 ).
fr,ewo,Que pouvez-vous faire pour favoriser l’unité de l’assemblée ?,Dzé wò yeane bò asu yi na o baala élat dzaan ya akonda?
fr,ewo,( voir la leçon 56 ).,( Bebege ayègè 56 ).
fr,ewo,Comment recevoir l’aide de Jéhovah si on commet un péché grave ?,Akia afé o ne bi nvòlen Yéhova éyòng o he bò nsem o ne ngul?
fr,ewo,( voir la leçon 57 ).,( Bebege ayègè 57 ).
fr,ewo,Lire et la note.,Langʼa ai atòn ya afeb a si.
fr,ewo,"Quand certains s’opposent au vrai culte ou abandonnent la vérité, comment pouvez-vous prouver que vous êtes « entièrement attaché » à Jéhovah ?","Éyòng bot ba lumen ai mfang ékang ngeki na ba lum Yéhova mvus, akia afé o ne lere na o tii ai Yéhova “nguma nguma”?"
fr,ewo,Devez-vous encore faire des changements afin de sortir définitivement de la fausse religion ?,Ye wò yeane tséndé mam mezing mefe énying dzoé asu yi na wò lere na o lumeya évus nyebe mvus?
fr,ewo,( voir la leçon 58 ).,( Bebege ayègè 58 ).
fr,ewo,Comment pouvez-vous vous préparer à la persécution ?,Akia afé o ne komesen asu bitibili wò yi toben ai biè amu mbunen woé?
fr,ewo,( voir la leçon 59 ).,( Bebege ayègè 59 ).
fr,ewo,Qu’envisagez-vous de faire pour continuer à progresser spirituellement ?,Dzé wò tam na wò bò asu yi na o ke osu na wò nang mfaa ya nsisim?
fr,ewo,( voir la leçon 60 ).,( Bebege ayègè 60 ).
fr,ewo,48 Choisissez bien vos amis,48 Tuene tòb bemvoé boé
fr,ewo,49 Une famille heureuse (partie 1),49 Akia afé nda bot dzoé é ne nying a mintak? (Ngab 1)
fr,ewo,50 Une famille heureuse (partie 2),50 Akia afé nda bot dzoé é ne nying a mintak? (Ngab 2)
fr,ewo,51 Des paroles qui honorent Jéhovah,51 É bibug bia ve Yéhova olugu?
fr,ewo,52 Nos vêtements et notre apparence,52 Mimbòt miaan ai akia ya mia bò na bi yéné
fr,ewo,53 Des divertissements qui plaisent à Jéhovah,53 Mimvomen mia fû Yéhova nnem
fr,ewo,54 « L’esclave fidèle et avisé »,54 “Olò o ne mewog ai feg”
fr,ewo,55 Votre assemblée locale et vous,55 Akonda doé ai wò
fr,ewo,56 Préservez l’unité de l’assemblée,56 Baala élat dzoé ai babenyòng ya akonda
fr,ewo,57 Et si vous commettez un péché grave ?,57 Wò yeane bò dzé nge o he bò nsem o ne ngul?
fr,ewo,58 Restez fidèle à Jéhovah,58 Bò Yéhova mewog
fr,ewo,59 Vous pouvez endurer la persécution,59 O ne dzam dzibi bitibili
fr,ewo,60 Continuez vos progrès,60 Kele osu na wò nang mfaa ya nsisim
fr,ewo,Apprenez à rejeter les mauvaises compagnies (6:17),Nsaaleni bebé biyòng (6:17)
fr,ewo,Trouver des amis là où on ne s’y attend pas (5:06),A sòm bemvoé é vom o beki o yanga (5:06)
fr,ewo,Qu’est-ce qu’un vrai ami ? (4:14),Dzé é ne mfang mvoé? (4:14)
fr,ewo,"« Noue des amitiés solides avant que la fin arrive » ( La Tour de Garde , novembre 2019)","“Noue des amitiés solides avant que la fin nʼarrive” ( La Tour de Garde, novembre 2019)"
fr,ewo,"« Comment choisir mes amis ? » ( Les jeunes s’interrogent. Réponses pratiques [volume 1], chapitre 8)","“Comment choisir mes amis?” ( Les jeunes sʼinterrogent. Réponses pratiques [ Volume 1], chapitre 8)"
fr,ewo,Réseaux sociaux : ne te laisse pas avoir ! (4:12),Bò okala ai beréseaux sociaux (4:12)
fr,ewo,"« La Bible transforme des vies » ( La Tour de Garde , 1 er avril 2012)","“La Bible transforme des vies” ( La Tour de Garde, 1 er avril 2012)"
fr,ewo,"Maris, aimez vos femmes comme vous-mêmes (9:53)","A beyom, dingʼeni beyal bân ane mia ding minabeben (9:53)"
fr,ewo,Comment resserrer les liens du mariage (5:44),Akia o ne bò na alug doé a tuene lat (5:44)
fr,ewo,Le secret des familles heureuses (brochure),Le secret des familles heureuses (nsò kalara)
fr,ewo,Quelqu’un comme toi (4:26),Quelquʼun comme toi (4:26)
fr,ewo,"« Des femmes qui se soumettent à l’autorité » ( La Tour de Garde , 15 mai 2010)","“Des femmes qui se soumettent à lʼautorité” ( La Tour de Garde, 15 mai 2010)"
fr,ewo,Nous avons reconstruit notre mariage grâce à Jéhovah (5:14),Bibel a he nyii nda alug dzaan (7:12)
fr,ewo,Protégeons nos enfants du danger (2:58),Kalega bòn boé a bebé bemam (2:58)
fr,ewo,Protégez vos enfants (1:52),Kalega bòn boé (vidéo)
fr,ewo,"« Jésus est plus fort que les démons » ( Écoute le grand Enseignant , chapitre 10)","Jésus est plus fort que les démons” ( Écoute le Grand Enseignant, chapitre 10)"
fr,ewo,"« Comment Jésus a été protégé » ( Écoute le grand Enseignant , chapitre 32)","“Comment Jésus a été protégé” ( Écoute le Grand Enseignant, chapitre 32)"
fr,ewo,« Parler de sexualité à son enfant » ( Réveillez-vous ! n o 5 2016),“Parler de sexualité à son enfant” ( Réveillez-vous! No. 5 2016)
fr,ewo,Comment communiquer avec mes parents ? (2:19),Akia afé ma yeane kòbò ai bebondé bama? (2:19)
fr,ewo,Le culte familial : des défis et des joies (8:04),Ayègè ya nda bot: Mindzug ai bemaa (8:04)
fr,ewo,« Six valeurs à transmettre aux enfants » ( Réveillez-vous ! n o 2 2019),“Six valeurs à transmettre aux enfants” ( Réveillez-vous! No. 2 2019)
fr,ewo,« Prendre soin de ses parents âgés : qu’en dit la Bible ? » (article jw.org),“Prendre soin de ses parents âgés: quʼen dit la Bible?” (Nlangʼen a jw.org)
fr,ewo,Jéhovah nous a appris comment élever nos enfants (5:58),Ayegele Yéhova da vòli me nèè nda bot dzama (5:58)
fr,ewo,"« Comment un père peut-il rester proche de son fils ? » ( La Tour de Garde , 1 er novembre 2011)","“Comment un père peut-il rester proche de son fils?” ( La Tour de Garde, 1 er novembre 2011)"
fr,ewo,« Des paroles bonnes pour affermir » (4:07),Belen “ai abeng bibug asu yi na o wono” é bot bevòk (4:07)
fr,ewo,L’amour et le respect unissent les familles (3:08),Éding ai ésémé bia lat menda mebot (3:08)
fr,ewo,Progresse dans la langue des sages (8:04),Progresse dans la langue des sages (8:04)
fr,ewo,« Est-ce vraiment mal d’être grossier ? » (article jw.org),“Est-ce vraiment mal dʼêtre grossier?” (nlangʼen a jw.org)
fr,ewo,Comment arrêter les bruits qui courent ? (2:36),Akia afé me ne telé andondòng? (2:36)
fr,ewo,"« J’ai sérieusement réfléchi à ce que je faisais de ma vie » ( La Tour de Garde , 1 er août 2013)","“Jʼai sérieusement réfléchi à ce que je faisais de ma vie” ( La Tour de Garde, 1 er août, 2013)"
fr,ewo,« Faites tout pour la gloire de Dieu » (10:18),“Bòen mam mese asu olugu Zamba” (10:18)
fr,ewo,« Que révèle ma façon de m’habiller ? » (article jw.org),“Que révèle ma façon de mʼhabiller?” (Nlangʼen a jw.org)
fr,ewo,« Tatouages : qu’en dit la Bible ? » (article jw.org),“Tatouages : quʼen dit la Bible?” (Nlangʼen a jw.org)
fr,ewo,Pourquoi est-ce que je me préoccupe autant de mon apparence ? (4:29),"“Ton habillement honore-t-il Dieu?” ( La Tour de Garde, septembre 2016)"
fr,ewo,"« Je croyais que la coquetterie était condamnable » ( Réveillez-vous ! , 22 décembre 2003)","“Je croyais que la coquetterie était condamnable” ( Réveillez-vous!, 22 décembre 2003)"
fr,ewo,Comment bien choisir nos divertissements ? (4:39),Akia minvomen mifé ma yeane t ò b? (4:39)
fr,ewo,Êtes-vous maître de votre temps ? (2:45),Ye wò yem fò belen ai abog doé? (2:45)
fr,ewo,"« Y a-t-il des films, des livres ou des chansons qui sont interdits aux Témoins de Jéhovah ? » (article jw.org)","“Y a t-il des films, des livres ou des chansons qui sont interdits aux Témoins de Jéhovah?” (Nlangʼen a jw.org)"
fr,ewo,"« Comment se détendre sainement ? » ( La Tour de Garde , 15 octobre 2011)","“Comment se détendre sainement?” ( La Tour de Garde, 15 octobre 2011)"
fr,ewo,"« La Bible transforme des vies » ( La Tour de Garde , 1 er février 2010)","“La Bible transforme des vies” ( La Tour de Garde, 1 er février 2010)"
fr,ewo,Rejetez les divertissements qui contiennent du spiritisme (2:02),Saala é mimvomen mia ngoné mam me mvigi (2:02)
fr,ewo,Jéhovah organise son peuple (6:18),Yéhova a tak bebò bisié boé mbeng (6:18)
fr,ewo,Concentré sur la prédication (1:24),Nòng ngab ésié ékat foé ai nnem woé ose (1:37)
fr,ewo,« Qu’est-ce que le Collège central des Témoins de Jéhovah ? » (article jw.org),“Quʼest-ce que le Collège central des Témoins de Jéhovah?” (Nlangʼen a jw.org)
fr,ewo,La production de publications exactes (17:18),La production de publications exactes (17:18)
fr,ewo,Un honneur inestimable (7:04),Un honneur inestimable (7:04)
fr,ewo,Jéhovah enseigne son peuple (9:39),Jéhovah enseigne son peuple (9:39)
fr,ewo,« Un don pour Jéhovah » (4:47),‘Mveen asu Yéhovaʼ (4:47)
fr,ewo,Entretenons nos lieux de culte (3:31),Mbaaleni menda me ékang dzaan mfuben (3:31)
fr,ewo,"Frères, aspirez à une belle œuvre (5:19)","A babedzang, nòngʼni ntsigen ya sug akonda (5:19)"
fr,ewo,« La dîme : Que dit la Bible à ce sujet ? » (article jw.org),“La dîme: Que dit la Bible à ce sujet?” (Nlangʼen a jw.org)
fr,ewo,"« Le principe de l’autorité dans l’assemblée » ( La Tour de Garde , février 2021)","“Aspires-tu a ‘une fonctionʼ?” ( La Tour de Garde, 15 septembre 2014)"
fr,ewo,Ils transportent des publications bibliques au Congo (4:25),Ils transportent des publications bibliques au Congo (4:25)
fr,ewo,« Comment les Témoins de Jéhovah financent-ils leurs activités ? » (article jw.org),“Comment les Témoins de Jéhovah financent-ils leurs activités?” (Nlangʼen a jw.org)
fr,ewo,Faire la paix procure des bienfaits (6:01),A bò mvòè ai é bot bevòk a zu ai bia bemaa (6:01)
fr,ewo,Devenez plus beaux ! (5:10),Kele osu na wò vengʼen mbembe mot! (5:10)
fr,ewo,Retire la poutre de ton œil (6:56),Retire la poutre de ton œil (6:56)
fr,ewo,"« Les excuses contribuent à la paix » ( La Tour de Garde , 1 er novembre 2002)","“Les excuses contribuent à la paix” ( La Tour de Garde, 1 er novembre, 2002)"
fr,ewo,Ne jugeons pas d’après l’apparence (5:06),"Brothers Johny et Gideon: avant ennemies, aujourdʼhui frères (6:42)"
fr,ewo,"« Règle les désaccords avec amour » ( La Tour de Garde , mai 2016)","“Règle les désaccords avec amour” ( La Tour de Garde, mai 2016)"
fr,ewo,« Jéhovah corrige ceux qu’il aime » (3:01),“Yéhova a leb é ba a ding” (3:01)
fr,ewo,"« Les anciens répondent au péché par l’amour et la miséricorde » ( La Tour de Garde , août 2024)",Ne doutez jamais du pardon de Jéhovah (5:02)
fr,ewo,"« Comment les anciens aident ceux qui sont renvoyés de l’assemblée » ( La Tour de Garde , août 2024)","“Pourquoi lʼexcommunication est une disposition pleine dʼamour” ( Le Tour de Garde, 15 avril 2015)"
fr,ewo,"« La Bible transforme des vies » ( La Tour de Garde , 1 er avril 2012)",“Les Témoins de Jéhovah rejettent-ils les ex-Témoins?” (Nlangʼen a jw.org)
fr,ewo,"« Sois bien occupé durant les derniers des “derniers jours” » ( La Tour de Garde , octobre 2019, paragraphes 16-18)","“As-tu vraiment tous les faits?” ( La Tour de Garde, août 2018)"
fr,ewo,Méfions-nous de la tromperie (9:32),"“Sois bien occupé durant les derniers des ‘derniers joursʼ” ( La Tour de Garde, octobre 2019, paragraphes 16-18)"
fr,ewo,"« La Bible transforme des vies » ( La Tour de Garde , 1 er juillet 2011)",Méfions-nous de la tromperie (9:32)
fr,ewo,Courageux malgré la persécution (6:27),Yéhova a nga duru bia abe nyè (5:13)
fr,ewo,Jéhovah me donnera de la force (3:40),Bò azombo éyòng wò toben ai bitibili (6:27)
fr,ewo,Ils ont servi Jéhovah à travers les changements (7:11),Kele osu na wò dzibi afiangʼen bò étibili (2:34)
fr,ewo,"« Prépare-toi dès maintenant à la persécution » ( La Tour de Garde , juillet 2019)",Ils ont servi Jéhovah à travers les changements (7:11)
fr,ewo,"« La vérité apporte, “non pas la paix, mais l’épée” » ( La Tour de Garde , octobre 2017)","“Prépare-toi dès maintenant à la persécution” ( La Tour de Garde, juillet 2019)"
fr,ewo,La meilleure vie qui soit (3:31),Mbembe ayègè étam (5:22)
fr,ewo,Approchez-vous de Jéhovah (livre),Énying ya dang sò ai mintak (3:31)
fr,ewo,"« Viens, suis-moi » (livre)",Approchez-vous de Jéhovah (kalara)
fr,ewo,Retrouve de la joie grâce à l’étude et à la méditation (5:25),Soyons fidèles comme Abraham (9:20)
fr,ewo,"« Glorifiez votre Créateur en vous fixant des objectifs spirituels » ( La Tour de Garde , 15 juillet 2004)",Retrouve de la joie grace à lʼétude et à la méditation (5:25)
fr,ewo,"« Portons-nous vers la maturité : “le grand jour de Jéhovah est proche” » ( La Tour de Garde , 15 mai 2009)","“Glorifiez votre créateur en vous fixant des objectifs spirituels” ( La Tour de Garde, 15 juillet 2004)"
fr,ewo,Que représente Babylone la Grande ?,Babilon Nnen a ne dzé?
fr,ewo,Quand le Messie devait-il apparaître ?,Abog afé Messias a nga be yeane yéné?
fr,ewo,Techniques médicales utilisant du sang,Mezen bedòbera ba belen ai mò asu yi na be sié bot ai meki
fr,ewo,Comment réagir dans certaines situations liées aux fêtes ?,O ne bò ya éyòng o tele étié zing abog mebok ya Bibel a kili?
fr,ewo,Affaires commerciales et juridiques,Akia ya bekristen ba kom mam me makit ai é ma ma yeane ke a menda medzo
fr,ewo,Pourquoi peut-on dire que « Babylone la Grande » représente l’ensemble des fausses religions ? ( ). Voyons trois éléments de réponse :,Amu dzé bi ne dzo na “Babilon Nnen” a ne bivus minyebe bise? ( ) Bi tam yen mezen melè:
fr,ewo,"Son influence est mondiale. La Bible dit que Babylone la Grande est assise sur « des peuples, et des foules, et des nations », et qu’elle « règne sur les rois de la terre » ( ).",Mimbòen mié mia yamen a si ése. Bibel a lere na Babilon Nnen a toa ‘a minkunda ai a meyòng.’ A dzoé fe minkukuma ya si​— .
fr,ewo,"Il ne s’agit pas d’une puissance politique ou commerciale. En effet, « les rois de la terre » et « les marchands » sont encore en vie après sa destruction ( ).",Babilon Nnen a seki nguma ékoen politik ngeki é di mam me makit. Amu Bibel a lere na ‘minkukuma ya si’ ai ‘bot be makit’ ba yi bò be ngene be vee éyòng a yi tsamben​— .
fr,ewo,"Elle déshonore Dieu par ses actions. La Bible la qualifie de « prostituée » parce qu’en échange d’argent ou d’autres avantages, elle conclut des alliances avec des gouvernements ( ). Elle égare des gens de toutes nations. Et elle a causé des millions de morts ( ).",Mimbòen mié mia ve dzoé Zamba mvit. Bibel a loé nyè na mininga ébamba amu a bamen mam ai bidzoé bi politik asu yi na a bi mòni ai abui mam mefe ( ). A ke ai bot ya meyòng mese éleleb. Ai a nga woé bizug bibot​— .
fr,ewo,"Revenir à la leçon 13, point 6",Kele a ayègè 13 atòn 6
fr,ewo,La Bible avait annoncé que le Messie apparaîtrait à la fin d’une période de 69 semaines (lire ).,Bibel a nga béndé na Messias a yi yéné a memana me nguma abog: Besòndò 69 (mewom mesamen ai ébu)​—Lang’a .
fr,ewo,"Quand les 69 semaines ont-elles commencé ? En 455 avant notre ère (av. n. è.), quand le gouverneur Néhémie est arrivé à Jérusalem pour rebâtir la ville ( ).",Abog afé besòndò 69 be nga kèè? A mbu 455 O.A.D. éyòng ngòmena Néhémia a nga sò na a bare long tisòn Yérusalem​— .
fr,ewo,"Combien de temps les 69 semaines ont-elles duré ? Dans certaines prophéties bibliques, un jour correspond à une année ( ). Une semaine correspond alors à sept années. Les 69 semaines ont donc duré 483 ans (69 x 7).","Ndò besòndò 69 be nga tòbò a tang mimbu miam? A minkulen medzo mezing ya Bibel, amos mbòk o ne nguma mbu ( ). Nguma sòndò o ntoa a tang mimbu zamgba. Besòndò 69 be ntoa hm a tang mimbu 483 (besòndò 69 x 7)."
fr,ewo,"Quand les 69 semaines se sont-elles terminées ? Si on compte 483 ans à partir de 455 avant notre ère, on arrive à l’an 29 de notre ère * (de n. è.). C’est précisément l’année où Jésus a été baptisé et est devenu le Messie ! ( ).","Abog afé besòndò 69 beté be nga man? Nge bia lang mimbu 483 a tarigi a mbu 455 O.A.D. bi nga ke kui a mbu 29 ya A.D. * Mbu té ngò Yésus a nga duben, ndò fe a nga tòbò Messias​— ."
fr,ewo,"Revenir à la leçon 15, point 5",Kele a ayègè 15 atòn 5
fr,ewo,"Des techniques médicales utilisent le sang du patient. Certaines sont inacceptables pour un chrétien. Par exemple, un chrétien ne donne pas son sang, ni n’accepte que son sang soit prélevé puis mis en réserve en vue d’une opération ( ).","Bedòbera ba belen ai abui mezen asu yi na ba sié bot ai meki. Mezen mezing ya été me ne é ma bekristen be seki dzam yebe​—Mvulna é ne na, kristen ya ve ki meki moé asu yi na be sié mot ai mò ngeki na be ke mò baala vom mfe asu ésalga mot mfe​— ."
fr,ewo,"Par contre, un chrétien acceptera peut-être d’autres techniques, comme les prises de sang, l’hémodialyse, l’hémodilution, la récupération du sang épanché ou l’usage d’un cœur-poumon artificiel. Chaque chrétien doit décider comment son sang pourra être utilisé pendant une opération , au cours d’un examen médical ou au moment d’un traitement . Tous les médecins n’utilisent pas ces techniques de la même façon. Donc, avant d’accepter une opération, un examen médical ou un traitement, un chrétien cherchera à savoir exactement comment son sang sera utilisé. Chacun devrait se poser ces questions :","Ve a ne dzam yebe mezen mefe ane a ve meki moé asu mimfòmbò mizing, hémodialyse, hémodilution, récupération du sang épanché ngeki a belen ai coeur-poumon artificiel. Kristen ése ya yeane nòng ntsigen akia ya be ne belen ai meki moé abog ésalga, asu mimfòmbò ngeki éyòng ba sié nyè . Bedòbera bese ba belen ki ai mezen meté akia deda. Nala a tilen na osusua ésalga, mfòmbò ngeki na dòbera a sié nyè, kristen ése ya yeane dzeng na é tuene yem akia afé ba yi belen ai meki moé. Mot ose a yeane sili émen minsili mi:"
fr,ewo,"Si on dérivait une partie de mon sang hors de mon corps et que la circulation s’en trouvait temporairement interrompue, ma conscience me permettrait-elle de considérer que ce sang fait toujours partie de moi, et qu’il n’a donc pas à être ‘versé par terre’ ? ( ).","Nge ba vaa meki ya nyòl dzama abim zing, me nga lot abe beminsina akia yi na meki meté me tegè fe lot a nyòl dzama a tang étun abog, ye feg nnem dzama ya yi ke osu na ya boala ma na meki meté me ngene meki mama ai na ba yeane ki mò soé a si? Ye ba yi vaa meki ya nyòl dzama abim zing asu yi na ba bamen ai mebala mbol yi na ba bare me mò furi a nyòl? Akia Bibel a yegeleya ma, ye feg nnem dzama ya yi wog ndzug ngaa? Ngeki na ma yi ki wog mbòen té ndzug?​— ."
fr,ewo,"Et si une partie de mon sang était prélevée, puis traitée pour être réintroduite dans mon corps ? Ma conscience éduquée par la Bible serait-elle troublée ? Ou me permettrait-elle d’accepter cette technique ?","Ye ba yi vaa meki ya nyòl dzama abim zing na ba bamen ai mebala asu yi na ba bare me mò furi a nyòl? Akia ya Bibel a yegeleya ma, ye feg nnem dzama ya yi wog ndzug ngaa? Ngeki na ma yi ki wog mbòen té ndzug?"
fr,ewo,"Revenir à la leçon 39, point 3",Kele a ayègè 39 atòn 3
fr,ewo,"La Parole de Dieu n’encourage pas la séparation et dit clairement que la séparation ne donne à aucun des conjoints le droit de se remarier ( ). Cela dit, dans certaines situations, des chrétiens ont envisagé de se séparer de leur conjoint.","Kalara Zamba a yegele ki na belug ba yeane kèène, ya dzo na é ba ba kèène ba yeane ki bare lug ai mot mfe ( ). A ntoa hm na, mam mezing me ne tindi bekristen be ne nlugen na be kèène."
fr,ewo,"Le refus volontaire de satisfaire les besoins de la famille : Un mari refuse de prendre soin de sa famille sur le plan matériel, si bien qu’elle n’a plus de quoi vivre ( ).",Nnom a ben dzali minyien ai meyang’en me nda bot : Nnom a teb nòng ndzug ai nda bot dzié akia yi na é ntoa tegè ai dzom ya nying été​— .
fr,ewo,Les violences physiques : Ce sont des coups et des blessures. Le conjoint maltraité estime alors que sa santé ou sa vie sont en danger ( ).,Metom : Bikura ai meveng. Nlug a bele étibili a nga yen na awu a ne nyè babi​— .
fr,ewo,La mise en danger évidente de la relation d’un chrétien avec Jéhovah : Les actions d’un conjoint empêchent complètement l’autre de servir Jéhovah ( ).,Nlug mbòk a dzeng na a ndamen é nyò mbòk élat dzié ai Yéhova : Éyòng mimbòen mi nlug mbòk mia bò na te é mot mbòk a bò ésié Yéhova​— .
fr,ewo,"Revenir à la leçon 42, point 3",Kele a ayègè 42 atòn 3
fr,ewo,"Les chrétiens ne participent pas aux fêtes qui déplaisent à Jéhovah. Mais dans certaines situations liées à ces fêtes, c’est à chaque chrétien de se laisser guider par sa conscience éduquée par la Bible pour décider comment il va réagir. Voici quelques exemples :","Mimfang bekristen mia dzemé ki mebok ya Yéhova a fem. Ve éyòng mam mezing ya metii ai mebok meté ma bòben, kristen ése ya yeane dzogè na man mot ya nnem woé a nga bi ayegele ya Bibel a tindi nyè na a nòng mbembe ntsigen. Memvulna mevòk ma:"
fr,ewo,"Quelqu’un vous souhaite de bonnes fêtes. Vous pouvez simplement lui dire merci. Si la personne veut en savoir plus, vous pouvez lui expliquer pourquoi vous ne célébrez pas cette fête.","Nge mot zing a tam wò mbembe abok. O ne nyè dzam kat he na, “Ngang.” Nge mot té a yi na a yem asu dzé wò yalen nyè nala, o ne nyè dzam timi asu dzé wò dzemé ki abok té."
fr,ewo,"Votre conjoint, qui n’est pas Témoin de Jéhovah, vous propose de prendre un repas avec des membres de la famille à l’occasion d’une fête. Si votre conscience vous permet d’y aller, vous pourriez expliquer à votre conjoint que, si on pratique, à l’occasion de ce repas, des coutumes païennes, vous n’y participerez pas.","Nge é mot mina ai nyè mi ne nlugen a seki mboala Yéhova a yi na o di ai bot ya nda bot fufulu amos abok. Nge man mot woé ya nnem a yebe na o ke, o ne nyè timi na nge ba yi bò metum ma lumen ai é mam Bibel a yegele wò yi ki mò bò."
fr,ewo,"Votre employeur vous offre une prime au moment des fêtes de fin d’année. Devez-vous la refuser ? Pas forcément. Si vous acceptez la prime, votre employeur va-t-il considérer que vous célébrez cette fête ? Ou bien vous offre-t-il cette prime simplement pour montrer qu’il apprécie votre travail ?","Nge masa bisié woé a ve wò éfaa a mebok ya memana me mbu. O seki obili na o ben. Siligi wòmen na nge ma yebe éfaa té, ye masa bisié wòmò a yi yen na ma dzemé abok té? Ngeki na, ye a he ve ma éfaa té amu a ne mintak ai ésié ma bò?"
fr,ewo,"À l’occasion d’une fête, une personne vous offre un cadeau. Et elle vous dit : « Je sais que tu ne célèbres pas cette fête, mais je veux te faire ce cadeau. » Peut-être que cette personne veut juste agir avec bonté. D’un autre côté, avez-vous des raisons de penser qu’elle essaie de tester votre foi ou de vous faire participer à cette fête ? Après avoir réfléchi à ces questions, vous devrez personnellement décider si vous acceptez ou non ce cadeau. À chaque fois que nous prenons une décision, nous voulons garder une bonne conscience et rester fidèles à Jéhovah ( ).","Nge mot zing a ve wò éfaa amos abok, éyòng té a dzo ai wò na: “Ma yem na wò dzemé ki abok té, ve ma yi na ma ve wò éfaa.” Abog zing mot té a yi he na a bò wò mbeng. Ye wò yen na a bobelo wò ngeki na a dzeng na o nòng ngab abok té? Amvus yi na o maneya fas é minsili mi, wòmen o ne dzam nòng ntsigen na wò yebe ngeki na wò ben éfaa té. Abog ase bia nòng ntsigen bia yi na bi baala man mot ya nnem waan mvòè, bi bò fe Yéhova mewog​— ."
fr,ewo,"Revenir à la leçon 44, point 1",Kele a ayègè 44 atòn 1
fr,ewo,"Par amour pour les autres, un chrétien veille à ne pas leur transmettre de maladie infectieuse. Cela est vrai s’il est effectivement malade, mais aussi s’il a des raisons de penser qu’il est porteur d’une maladie infectieuse. Il obéit ainsi à cet ordre biblique : « Tu dois aimer ton prochain comme toi-même » ( ).","Amu a ding é bot bevòk, kristen ya nòng okala na te a kalen é bot bevòk okòn. A dang dang éyòng a bele okòn wa kalen, ngeki na a tsog na a ne dzam bi kan okòn té. Nala té a tong abéndé Bibel di na: “O ding’i é mot mbòk ane wòmen”​— ."
fr,ewo,"Dans la pratique, qu’est-ce que cela veut dire ? Une personne contaminée ne prendra pas l’initiative de témoigner son affection à quelqu’un en le serrant dans ses bras ou en lui faisant la bise. Elle ne se vexera pas si certains préfèrent, pour protéger leur famille, ne pas l’inviter chez eux. Avant de se faire baptiser, elle informera le coordinateur du collège des anciens de sa situation. Cela permettra que des mesures soient prises pour qu’elle ne contamine pas les autres baptisés. Et avant de commencer à fréquenter quelqu’un en vue du mariage, une personne qui a été exposée à une maladie infectieuse décidera de passer un test de dépistage. Ainsi, elle montrera qu’elle ‘ne recherche pas seulement ses propres intérêts, mais aussi les intérêts des autres’ ( ).","Nala té a tilen ya? É mot a bele okòn wa kalen a yeane ki namba nge a wuben ai é bot bevòk. A yi ki wog olun nge é bot bevòk ba banda ki nyè a menda maba. Osusua yi na a duben, a yi lèè ai é mvendé ya a tòng’lò andzogoro bemvendé ya akonda dié asu yi na a kat nyè étié dzié. Nala wa yi bò na be bò okala asu yi na te okòn woé wa kalen é bot bevòk. Nge a yi na a lug, é mot a nga bi okòn wa kalen a yeane tara ke bò mimfòmbò, ai mbòen té a yi lere na ‘a dzeng ki ve nfi woé veda a dzeng nfi é bot bevòk’​— ."
fr,ewo,"Revenir à la leçon 56, point 2",Kele a ayègè 56 atòn 2
fr,ewo,"Nous évitons bien des problèmes en mettant par écrit tout accord financier, même un accord conclu avec un autre chrétien ( ). Cela dit, il peut arriver que des chrétiens aient un désaccord mineur sur une question d’argent ou autre. Ils devraient alors être capables de régler ce désaccord rapidement, dans la paix et en privé.","Asu yi na bi saala medzo bia yeane tili a kalara é dzam ase da bebe mòni, ​ tò a ne a zang bi bekristen ( ). A ne kui bekristen na be bi man adzo a bebege mòni ngeki dzom éfe. Ba yeane vol kom adzo té évovoé été ai a zang bò bò."
fr,ewo,"Mais que faire dans des situations graves, par exemple en cas de calomnie ou de fraude ? (lire ). Jésus a indiqué trois étapes à suivre :",Veda dzé bi ne dzam bò éyòng adzo a ne ngul abui? (Lang’a ). Yésus a nga lere bia é mam melè bi ne dzam bò:
fr,ewo,Essayez de régler le problème entre vous (voir le ).,Dzeng’ni na mi kom adzo a zang mina bebè​—Bebege éfus 15.
fr,ewo,"Si vous n’y parvenez pas, demandez à un ou deux chrétiens mûrs de vous accompagner (voir le ).","Nge da kat mina, dzeng’ni kristen dzia ngeki bebè be ne éwolo a nsisim asu yi na be vòli mina kom adzo té​—Bebege éfus 16 ."
fr,ewo,"Si vous n’arrivez toujours pas à régler le problème, à ce moment-là, vous pouvez faire appel aux anciens (voir le ).","INge a tò nala mia kat kom adzo, abog té hm mi ne dzam ke yen bemvendé​—Bebege éfus 17 ."
fr,ewo,"Dans la plupart des cas, nous ne demandons pas à la justice de régler un désaccord entre frères, parce que cela n’honorerait pas Jéhovah, ni l’assemblée ( ). Toutefois, dans certaines situations (comme un divorce, une garde d’enfants, une pension alimentaire, une indemnité d’assurance, une faillite ou un testament), il sera peut-être nécessaire de porter l’affaire devant un tribunal. Si un chrétien fait appel à la loi pour régler une affaire de la manière la plus paisible possible, il ne désobéit pas aux conseils de la Bible.","Bia dang ki kare ke ai medzo me ne a zang dzaan ai babenyang baan ya nsisim a bengòmena ai menda medzo amu nala a fubu ki dzoé Yéhova ai akonda dié ( ). Dzam da medzo mezing ane ntsamen alug ai é mam metii été (é mot a yeane baala bòn, ényò a yeane ve mòni asu meyang’en maba), é mam mese ma bebe bassurance; nkuen zitok ngeki kalara élig, a ne bò nfi na kan medzo meté me ke a ngòmena. Nge kristen zing ya ke yen bidzoé asu yi na a kom adzo zing (akia medzo bi ndem yen mala) évovoé été, a ndziki dang memvéndé ma sò a Bibel."
fr,ewo,"Un chrétien ne désobéit pas non plus aux conseils de la Bible quand il rapporte à la police un délit ou un crime, comme un vol important, une agression, des abus sexuels ou des mauvais traitements sur enfants, un viol ou un meurtre.","Kristen ya dang ki mvéndé ya Bibel nge a ke kat bezimbi adzo zing ane éyòng da bebe​—dzam wub, metom, éyòng mot a ndamen mòngò ai mam bisok nge étibili bòngò, viol, nwoen mot."
fr,ewo,"Revenir à la leçon 56, point 3",Kele a ayègè 56 atòn 3
fr,ewo,"^ De 455 à l’an 1 avant notre ère, il y a 454 ans. De l’an 1 avant notre ère à l’an 1 de notre ère, il y a un an (il n’y a pas d’année zéro). Et de 1 à 29 de notre ère, il y a 28 ans. Ce qui fait un total de 483 ans.",^ A kèègè a mbu 455 O.A.D. akui a mbu osu (1) O.A.D. bi mbele mimbu 454. A kèègè a mbu 1 (osu) O.A.D. akui a mbu 1 (osu) ya A.D. bi bele mbu mbòk. Ai a kèègè a mbu 1 (osu) ya A.D. akui a mbu 29 ya A.D. mimbu mi ne 28. Mimbu mité mise mi nga kui mimbu 483.
fr,ewo,Vous êtes probablement prêt...,O ntòya babi na wò tòbò nkat foé a ngene te duben nge . . .
fr,ewo,"si vous avez l’habitude d’étudier la Bible, de prier et d’assister aux réunions de l’assemblée ;","wò yègè Bibel mban, nge wò kogelen ai Yéhova, ai nge wò tòbò a bikoen."
fr,ewo,"si vous aimez ce que vous apprenez, si vous y croyez et si vous avez envie d’en parler à d’autres ;","wò ding o yebege fe é mam wò yègè, ai nge wò dzeng na o kat é bot bevòk mam meté."
fr,ewo,si vous aimez Jéhovah et si vous choisissez pour amis des personnes qui l’aiment aussi ;,"wò ding Yéhova, o dzengʼe fe na o lat amvoé ai é ba ba ding fe nyè."
fr,ewo,si vous avez rompu tout lien avec la politique et la fausse religion ;,o kèèneya ai évus nyebe ai nge wò nòng ki fe ngab a mam me politik.
fr,ewo,si vous respectez les normes de Jéhovah dans votre vie et si vous voulez devenir Témoin de Jéhovah.,wò furi memvéndé me Yéhova a mimbòen énying dzoé ai nge wòmen o nga yiya na wò vengʼen Mboala Yéhova.
fr,ewo,"Si vous vous sentez prêt à devenir proclamateur, parlez-en à votre enseignant, et des dispositions seront prises pour que les anciens en discutent avec vous.","Nge wò yen na o ntòya babi na wò tòbò nkat foé a ngene te duben, lèègè ai nyegele Bibel woé, a yi taa mam ai bemvendé asu yi na be zu lèè ai wò."
fr,ewo,Vous êtes probablement prêt...,O ntòya babi na wò duben nge . . .
fr,ewo,si vous êtes proclamateur non baptisé ;,o ne nkat foé a ngene te duben.
fr,ewo,si vous prêchez régulièrement ;,wò kat foé mban.
fr,ewo,si vous appliquez les instructions de « l’esclave fidèle et avisé » ( ) ;,wò tong betebega “Olò o ne feg ai mewog” wa ve ( ).
fr,ewo,et si vous vous êtes voué à Jéhovah dans la prière parce que vous voulez le servir pour toujours.,O veya wòmen nguma abe Yéhova a ngogelen amu wò yi na wò bò nyè ésié a kòm ya kòm.
fr,ewo,"Si vous vous sentez prêt à vous faire baptiser, parlez-en à votre enseignant, et des dispositions seront prises pour que les anciens en discutent avec vous.","Nge wò yen na o ntòya babi na wò tòbò nkat foé a ngene te duben, lèègè ai nyegele Bibel woé, a yi taa mam ai bemvendé asu yi na be zu lèè ai wò."
fr,ewo,"Lire la Bible peut devenir un véritable plaisir ! Pour commencer en douceur, choisissez un ou plusieurs des thèmes ci-dessous et lisez les versets indiqués.","Wò fe o ne kui na o ding nlangʼen Bibel! O ne tari oteteg oteteg. O ne tòb nlo adzo wò ding a minlo medzo mi ne a si vala, amvus ya été o ne lang bifus bi tii ai nlo adzo té."
fr,ewo,Noé et le Déluge :,Noa ai ndon mendim:
fr,ewo,Moïse et la traversée de la mer Rouge :,Moses a dang Évele mang:
fr,ewo,Ruth et Noémi :,Ruth ban Naomi:
fr,ewo,David et Goliath :,David ban Goliath:
fr,ewo,Daniel dans la fosse aux lions :,Daniel a ne ébé bimgbem:
fr,ewo,Élisabeth et Marie :,Élisabet ban Maria:
fr,ewo,La vie de famille :,Énying ya nda bot:
fr,ewo,Le Sermon sur la montagne :,Ékat mam ya nkol:
fr,ewo,De notre époque :,Melu ya asugelen:
fr,ewo,De l’avenir :,É ndi Zamba a ve bia asu melu ma zu:
fr,ewo,"SUGGESTIONS : Parfois, les références ci-dessus ne renvoient qu’à un ou quelques versets. Dans ce cas, si vous voulez avoir une vue d’ensemble, lisez le chapitre complet. Tout à la fin de ce livre, la page « Ma lecture de la Bible » vous permettra de noter quels chapitres vous avez lus. Fixez-vous l’objectif de lire un peu la Bible chaque jour.","MELEBEGA: Asu yi na o yen mam mefe me tii ai bifus bi ne a yob bili, o ne lang kaptel ése é vom be he nòng bifus bité. O ne fe belen ai é vom o ne nlo adzo na “ Tongʼo nlangʼen Bibel woé ” a memana ya é kalara nyi asu yi na o furi ndem a bekaptel o maneya lang. Dzengʼe na o lang Bibel amos ose."
fr,ewo,Page de titre/Page des éditeurs,Afeb minlo medzo/​Afeb é bot be nga kuli
fr,ewo,« Ceux qui recherchent Jéhovah le loueront. Puissiez-vous vivre pour toujours ! » ( ).,“É ba ba dzeng nyè ba yi lugu Yéhova! Minnem miân mi nyingʼi kòm ése.”​— .
fr,ewo,"Crédits photographiques : Page 15 : Image © Homo Cosmicos/ Shutterstock; page 17 : NASA, ESA and the Hubble Heritage Team (STScI/AURA)-ESA/Hubble Collaboration. Licensed under CC BY 4.0 (http://creativecommons.org/licenses/by/4.0/). Source : https://esahubble.org/images/heic0702a/ ; page 56 : Photo by US Signal Corps/ The LIFE Picture Collection via Getty Images ; page 76 : Château de Versailles, France/Bridgeman Images ; pages 103 et 131 : Based on NASA/Visible Earth imagery ; page 163 : © SINGLECELL ANIMATION LLC/Science Source ; page 183 : Daniel Osterkamp/Moment/Getty Images","Photo Credits: Afeb 15: Image © Homo Cosmicos/ Shutterstock; page 17: NASA, ESA and the Hubble Heritage Team (STScI/AURA)-ESA/Hubble Collaboration. Licensed under CC BY 4.0 (http://creativecommons.org/licenses/by/4.0/). Source: https://esahubble.org/images/ heic0702a/; page 56: Photo by US Signal Corps/The LIFE Picture Collection via Getty Images; page 76: Château de Versailles, France/Bridgeman Images; pages 103 and 131: Based on NASA/Visible Earth imagery; page 163: © SINGLECELL ANIMATION LLC/Science Source; page 183: Daniel Osterkamp/Moment/Getty Images"
fr,ewo,"Sauf indication contraire, les citations de la Bible sont tirées de la version en français moderne La Bible. Traduction du monde nouveau .","Sesala ve é vom bia belen ai nkongʼlen Bibel mfe, bifus bise bia sò a Mimfufub mintilen Traduction du monde nouveau."
fr,ewo,Toutes les publications mentionnées dans cet ouvrage sont publiées par les Témoins de Jéhovah.,Baala na: bekalara bese ba lom na o ke bebe be ne mintilen Beboala be Yéhova.
fr,ewo,"Ce document ne peut être vendu. Sa diffusion s’inscrit dans le cadre d’une œuvre mondiale d’enseignement biblique rendue possible par des offrandes volontaires. Si vous souhaitez faire un don, rendez-vous sur donate.jw.org.","Bia kuen ki ai é kalara nyi. Mimveen miân mia vòli bia na bi kuli nyè asu ayègè Bibel a si ése. Asu mveen, kele te a donate.jw.org."
fr,ewo,Enjoy Life Forever!—An Interactive Bible Course,Ewondo ( lff -EWN)
fr,ewo,French ( lff -F),© 2022 WATCH TOWER BIBLE AND TRACT SOCIETY OF PENNSYLVANIA
fr,ewo,"D’abord, découvrez comment les leçons se présentent à l’aide du descriptif, puis regardez la VIDÉO .","Osusua, tarege bebe akia ya meyègè me ne ntaan, amvus hala o bebe fe VIDÉO ."
fr,ewo,VIDÉO : Présentation du cours biblique interactif (2:45),VIDÉO: Mbembe nsòen ayègè Bibel doé (2:45)
fr,ewo,"Pour préparer une leçon, lisez la première partie. Les questions en couleur ( A ) et les versets en gras ( B ) indiquent les idées principales. Certains versets sont précédés de la mention « lire ».","Asu yi na o komesen ayègè Bibel doé, langʼa ngab osu. Minsili mi bele meyang (A) ai bifus bi Bibel (B) bia ngoné mintol bibug. Langʼa é bifus bise bia tari ai ébug “langʼa.”"
fr,ewo,"Dans la rubrique Approfondissons , les premières lignes ( C ) présentent les idées qui seront étudiées, et chaque intertitre ( D ) développe une idée principale. Avec votre enseignant, lisez les versets, répondez aux questions et regardez les vidéos.","Mintilen mi ne a si ai (C) é vom o ne na Tuene fag mia timi dzé mia yi sangʼla. Minlo medzo (D) mia vòli asu minlang. Ai nyegele Bibel woé, langʼa bifus, yalen a minsili, ai bebege bevidéo."
fr,ewo,"Les VIDÉOS qui sont proposées complètent les idées développées dans la leçon. Certaines vidéos racontent des faits réels, d’autres sont des fictions qui mettent en scène des situations réalistes.","BEVIDÉO betii ai ayègè ba sug minlo medzo ya meyègè mese. Bevidéo bezing ba lere é mam me nga bòben, bevòk ba lere é mam ma taaben me fulegen ai é ma me nga loren."
fr,ewo,Examinez aussi les illustrations et les légendes ( E ). Et essayez de répondre aux questions de la rubrique On entend parfois ( F ).,"Wò yeane fe fòmbò bivegele (E), ai o yalen é vom o ne ntilen na Abui da dzo na (F)."
fr,ewo,Les rubriques En bref et Révision ( G ) résument la leçon. Notez la date à laquelle vous avez terminé la leçon. La rubrique Mon objectif ( H ) vous propose un but à atteindre. La rubrique À découvrir aussi ( I ) vous invite à lire ou à regarder des contenus supplémentaires.,Obalbas ai dzé bia baala (G) bi ne mengab ma ve obalbas ya ayègè. Tiligi amos ya ayègè da man. A Nsongʼen (H) wò yi tili nsongʼen ngeki ntsigen wò yi na wò dzali. O ne fe bebe (I) a bele mam mefe o ne yi na wò lang nge a yen.
fr,ewo,"Dans la Bible, il y a 66 livres. Ils sont divisés en deux parties : les Écritures hébraïques et araméennes (« Ancien Testament ») et les Écritures grecques (« Nouveau Testament »).",Bibel a bele ban bekalara 66. Be ne a tang ngab ébè: Mimfufub mintilen a nkòbò Hébréa ai a nkòbò Araméen (“Nnomo élat”) ai Mimfufub mintilen a nkòbò Gréki (“Mkpamen élat”).
fr,ewo,"Les références contenues dans ce cours indiquent d’abord un livre de la Bible ( A ), puis un chapitre ( B ), et un ou des versets ( C ).","Bifus bi Bibel bi ne a kalara mu bi bele dzoé (A) kalara Bibel wò yeane dzeng , é nòmbò osu a lere wò é (B) kaptel wò yeane dzeng, nòmbò bèè ngeki benòmbò betsaa ba lere wò (C) éfus nge bifus wò yeane lang ."
fr,ewo,"Par exemple, désigne le livre de Jean, chapitre 17, verset 3.","Ntam nòng mvulna, wò yeane yaa Bibel woé a kalara Yohannes, kaptel 17, éfus 3."
fr,ewo,"Récit de la création, origine des nations et naissance du peuple d’Israël",Ntiéen biem ai mekèè me énying mot a si mu
fr,ewo,Installation en Terre promise,Anòng le si ngaaga
fr,ewo,Les rois d’Israël,Minkukuma ya ayòng Israel
fr,ewo,Retour de l’Exil,Ayòng Israel da sò a minkom
fr,ewo,Chants et sagesse pratique,Bia ai abeng melebega
fr,ewo,Vie et ministère de Jésus,Énying ai ésié ékat foé Yésus
fr,ewo,Débuts de l’assemblée chrétienne,Akia ya akonda bekristen a nga ke da nang
fr,ewo,Lettres de l’apôtre Paul,Bekalara be apostel Paul
fr,ewo,Autres écrits d’apôtres et de disciples,Mintil bapostel ai beyègè be Yésus bevòk
fr,ewo,"Au fur et à mesure, notez quels chapitres vous avez lus.","Ntié wò yi lang Bibel, furigi ndem é kaptel ése o maneya lang."
