source_lang,target_lang,source_text,target_text
fr,dua,"DE QUOI parlent les journaux ? De quoi entendez-​vous parler à la télévision et à la radio ? De crimes, de guerres et de terrorisme. Et peut-être que vous-​même vous souffrez parce que vous êtes malade ou parce que quelqu’un que vous aimez est mort.","O LANGI te̱ ńuspepa, wombwa television, to̱so̱ o senga mibia o radio, o me̱ne̱, o senga pe̱ jita la myango m’ebwan, bila, na njo ninde̱ne̱. Pondapo̱ we o taka ońolana we o boa to̱so̱ ná o bo̱lo̱ne̱ ńandolo."
fr,dua,Réfléchissez à ces questions :,Baise̱ o wame̱ne̱ ná:
fr,dua,Dieu voulait-​il cela pour moi et pour ma famille ?,"Mo̱, nika nde Yehova a mapuleano̱ mba na mbia mam e?"
fr,dua,Où trouver de l’aide pour faire face à mes problèmes ?,We̱ni neno̱ ná na so̱ jongwane̱ o lembe̱ mitakisan mam e?
fr,dua,Y aura-​t-​il un jour la paix sur la terre ?,"Mo̱, musango ma mbale̱ mwe ná mu be̱ buńa bō̱ e?"
fr,dua,La Bible apporte des réponses convaincantes à ces questions.,Bibe̱l e mabola malabe̱ weno̱ ná o dube̱ jombwea mi myuedi.
fr,dua,"Les humains ne souffriront plus, ils ne vieilliront plus et ils ne mourront plus ( ).","Bato ba si me̱nde̱ pe̱ bwa ndutu, duna, to̱so̱ wo̱.​—"
fr,dua,« Le boiteux bondira comme le cerf » ( ).,“Ńam’boko a me̱nde̱ sobe̱le̱ ka mbudi.”​—
fr,dua,Les aveugles retrouveront la vue ( ).,“Miso̱ ma bandima ma me̱nde̱ wutea.”​—
fr,dua,Les morts seront ramenés à la vie ( ).,Bawedi ba me̱nde̱ pe̱te̱ timba o longe̱.​—
fr,dua,Plus personne ne sera malade ( ).,To̱ moto a si me̱nde̱ pe̱ boa.​—
fr,dua,Tous les humains auront à manger en abondance ( ).,Moto te̱ o wase a me̱nde̱ be̱ne̱ tut’a da.​—
fr,dua,Vous pourriez penser que les promesses qui sont décrites aux pages 4 et 5 de ce livre ne sont qu’un beau rêve. Mais Dieu promet de les réaliser très bientôt. La Bible explique comment il va le faire.,"E me̱nde̱ be̱ lambo di bo̱bi o jo̱nge̱le̱ ná nje o langino̱ o mapapa maboso ma nin kalati ye nde mambo ma ndo̱ti. Nde Loba a kakane̱ ná a mawana man mawengisan o wase son a ponda, Bibe̱l e mabola beteledi ba ne̱ni a me̱nde̱no̱ bola nika."
fr,dua,Mais elle fait plus que cela : elle nous dit aussi comment être vraiment heureux dès maintenant. Pensez à ce qui vous inquiète en ce moment. Est-​ce une mauvaise santé ? Des problèmes familiaux ? Des problèmes d’argent ? Quelqu’un que vous aimez est-​il mort ? La Bible peut vous aider à faire face à ces difficultés. Elle donne aussi des réponses consolantes à ces questions :,"Nde, Bibe̱l e si mabola buka te̱ beteledi ba nika. E malangwea pe̱ biso̱ nje jangame̱nno̱ bola ná di be̱ne̱ bonam ba mbale̱ na bwane̱ pe̱ longe̱ muńe̱nge̱ tatan. Dutea te̱ jombwea mambo mena ma matakise̱ wa. Pondapo̱ nika ńe ná e be̱ bekwali ba mo̱ni to̱so̱ ba mbia, si be̱ne̱ la ja la bwam, to̱so̱ kwed’a ńandolo. Bibe̱l ńe ná ńongwane̱ wa o lembe̱ min mitakisan, ńe pe̱ ná e lo̱ko̱ wa tongwea na bola wa malabe̱ ma myuedi ka min:"
fr,dua,Pourquoi souffrons-​nous ?,Ońola nje di matakano̱ e?
fr,dua,Comment faire face à nos problèmes ?,Ne̱ni jeno̱ ná di lembe̱ mitakisan masu e?
fr,dua,Comment notre famille peut-​elle être heureuse ?,"Mo̱, ndabo asu ńa mbia ńe ná e be̱ bonam e?"
fr,dua,Que se passe-​t-​il après la mort ?,Nje e mapo̱ye̱ biso̱ ombusa kwedi e?
fr,dua,Reverrons-​nous un jour les personnes que nous aimons et qui sont mortes ?,"Mo̱, di me̱nde̱ pe̱te̱ je̱ne̱ bandolo basu bawedi e?"
fr,dua,Pourquoi pouvons-​nous être sûrs que Dieu va réaliser tout ce qu’il a promis ?,Ońola nje jeno̱ ná di be̱ mbaki ná Loba a me̱nde̱ bola mambo me̱se̱ a kakanno̱ e?
fr,dua,"Si vous lisez ce livre, c’est que vous voulez savoir ce que la Bible enseigne. Ce livre vous y aidera. Pour chaque paragraphe, il y a des questions qui vous permettront de mieux comprendre la Bible. Des millions de personnes aiment parler de la Bible avec les Témoins de Jéhovah. Nous espérons que cela vous plaira aussi. Que Dieu bénisse les efforts que vous faites pour découvrir ce que la Bible enseigne !",Langa lo̱ngo̱ la nin kalati di malee̱le̱ ná o mapula o bia nje Bibe̱l e mokwe̱le̱no̱. Nin kalati e me̱nde̱ o jongwane̱ wa. Dongo te̱ di be̱n myuedi mena mi me̱nde̱ jongwane̱ wa o bata so̱ṅtane̱ Bibe̱l. Lodun na lodun la bato lo bwane̱ jakwalisane̱ labu na Mboṅ a Yehova jombwea Bibe̱l muńe̱nge̱. Di pite̱ ná mulemlem pe̱ nde e me̱nde̱no̱ be̱ na wa. Loba a namse̱ wa o ni ponda weno̱ o so̱ nje Bibe̱l e mokwe̱le̱no̱ wa!
fr,dua,"LES enfants posent beaucoup de questions. Quand on leur explique quelque chose, ils demandent souvent : « Pourquoi ? » Et quand on essaie de leur répondre, ils demandent encore : « Mais pourquoi ? »","BANA ba mabaise̱ myuedi jita. We ná o bola babo̱ beteledi ba lambo, nde ba baise̱ ka ko̱lo̱ngo̱ne̱ ná, ‘Ońola nje e?’ O we̱ pe̱ te̱ ná o bole babo̱ jalabe̱, be pe̱te̱ ná ba bata baise̱ ná, ‘Nde ońola nje e?’"
fr,dua,"2 Nous nous posons tous des questions. Par exemple : « Qu’est-​ce que je vais manger ? Comment est-​ce que je vais m’habiller ? Qu’est-​ce que je vais acheter ? » Nous nous posons aussi des questions sur la vie et sur l’avenir. Mais quand nous ne trouvons pas les réponses, nous arrêtons souvent de les chercher.","2 E be̱ ná je eso̱mbe̱ to̱ mudun, biso̱ be̱se̱ di mabaise̱ myuedi. Je ná di baise̱ myuedi jombwea nje di me̱nde̱no̱ da, bo̱to̱ to̱so̱ janda. To̱so̱ je ná di baise̱ myuedi ma mweńa jombwea longe̱ nikame̱ne̱ pe̱ na kie̱le̱ ni maye̱. Nde, je ná jese̱le̱ wasa malabe̱ yete̱na di si kusi ma mena ma malondise̱ ńo̱ng’asu."
fr,dua,"3 La Bible répond-​elle aux questions importantes que nous nous posons ? Des gens pensent que oui, mais qu’elle est trop difficile à comprendre. Ils croient que les enseignants ou les chefs religieux sont les seuls qui connaissent les réponses. D’autres ont honte de ne pas connaître les réponses à certaines questions. Et vous, qu’en pensez-​vous ?","3 Mo̱, Bibe̱l e be̱n malabe̱ ma myuedi ma mweńa di mabaise̱no̱ e? Bato bō̱ ba mo̱nge̱le̱ nika, nde ba mo̱nge̱le̱ pe̱ ná Bibe̱l ńe ndutu jita o so̱ṅtane̱. Be ná bo̱nge̱le̱ ná balēdi ba bebasi buka te̱ nde ba bi malabe̱. Bane̱ pe̱ ba mabwa iso̱n jita o jemea ná ba si bi malabe̱. Mo̱, wa o mo̱nge̱le̱ so̱ na nje e?"
fr,dua,"4 Vous voulez certainement connaître la réponse à ces questions : « Quel est le but de la vie ? Que se passe-​t-​il après la mort ? Comment est Dieu ? » Jésus, l’Enseignant le plus connu, a dit : « Continuez à demander, et on vous donnera. Continuez à chercher, et vous trouverez » ( ). Continuez donc à chercher jusqu’à ce que vous trouviez les vraies réponses.","4 Pondapo̱, o mapula kusa malabe̱ ma myuedi ka min: Ońola nje neno̱ o nin wase e? Nje e me̱nde̱ po̱ye̱ mba ke̱ na wedi e? Ne̱ni Loba eno̱ e? Yesu, Mulēdi nu biane̱ jita, a kwali ná: “Benga baise̱, nde di mabolabe̱ bińo̱; benga wasa, nde lo maso̱; benga jumba, nde di matelabe̱le̱ bińo̱.” ( , NW ) O s’ese̱le̱ muwaso natē̱ o so̱ malabe̱ weno̱ ná o lakisane̱."
fr,dua,"5 En effet, si vous « continuez à chercher », vous trouverez les réponses : elles sont dans la Bible ( ). Et elles ne sont pas difficiles à comprendre. Ce que vous apprendrez vous rendra plus heureux et vous donnera un espoir magnifique pour l’avenir. Parlons maintenant d’une question que beaucoup de gens se posent.","5 E, o me̱nde̱ so̱ malabe̱ o Bibe̱l yete̱na o ‘bengi wasa.’ ( ) Ma malabe̱ ma titi ndutu jita o so̱ṅtane̱. Nje o mokwano̱ e me̱nde̱ bola wa o bwane̱ longe̱ muńe̱nge̱ tatan, o be̱ne̱ pe̱ dipita la betańsedi la kie̱le̱ ni maye̱. Jombweye te̱ myuedi mō̱ mena mi pungo jita la bato."
fr,dua,"6 Beaucoup de gens pensent que Dieu ne s’intéresse pas à eux. Ils se disent que, si Dieu s’intéressait aux humains, le monde serait très différent. Partout, il y a des guerres, de la haine et des malheurs. Les humains tombent malades, ils souffrent et ils meurent. Certaines personnes se demandent : « Si Dieu s’intéresse à nous, pourquoi est-​ce qu’il ne met pas fin aux souffrances ? »","6 Bato jita ba mo̱nge̱le̱ ná Loba a si mombwea biso̱. Ba mo̱nge̱le̱ ná, e be̱ te̱ ná Loba a mombwea biso̱ na mbale̱, wase e wusa be̱ diwengisan jita. Di me̱ne̱ bila, bosinga, na ndenge̱ wuma ye̱se̱. Bato ba maboa, ba mataka, ba mawo̱ pe̱. Bō̱ ba mabaise̱ na babo̱me̱ne̱ ná, ‘Yete̱na Loba a mombwea biso̱, ońola nje a si mabo̱le̱no̱ nin take ńe̱se̱ e?’"
fr,dua,"7 Parfois, des chefs religieux font croire aux gens que Dieu est cruel. Quand un malheur arrive, ils disent que c’est Dieu qui l’a voulu. En fait, en disant cela, ils accusent Dieu. Mais la Bible enseigne que Dieu n’est jamais responsable des malheurs . explique qu’il ne met à l’épreuve, ou ne teste, personne par des choses mauvaises. Ce verset dit : « Dans l’épreuve, que personne ne dise : “Je suis en train d’être éprouvé ( testé ) par Dieu.” Car Dieu ne peut pas être éprouvé par des choses mauvaises, et lui-​même n’éprouve personne de cette façon. » Cela veut dire que, même si Dieu n’empêche pas les malheurs, ce n’est jamais lui qui les provoque ( lire ).","7 Ponda iwo̱, badiedi ba bebasi ba mabola ná bato ba dube̱ ná Loba e njo. Mbeu a ńolo ńe̱ne̱ne̱ te̱, ba makwala ná ye nde jemea la Loba; ná a ta a pula ná nika e bolane̱. Ba manuma nde Loba njo̱m ke̱ ba makwala nika. Nde, Bibe̱l e mokwe̱le̱ ná Loba a si mawana bobe tomtom. a makwala ná Loba a si makekise̱ to̱ moto na bobe. A bati pe̱ ná: “Moto a kekisabe̱ te̱, a si kwala ná: Na makekisabe̱ nde na Loba. Ebanja, Loba a titi ná a kekisabe̱ na bobe, to̱ mo̱ pe̱ a si makekise̱ to̱ moto.” Nika e mapula kwala ná to̱ná Loba a diano̱ a mese̱le̱ ná mambo ma bobe me̱ne̱ne̱, a si mabola tomtom ná ma bolane̱. (Langa .) Di duteye te̱."
fr,dua,"8 Prenons un exemple : Un jeune qui est majeur vit chez ses parents. Son père l’aime beaucoup et il lui a appris à prendre de bonnes décisions. Un jour, le jeune homme décide de ne plus obéir à son père et il quitte la maison. Il se met à faire des choses mauvaises et il finit par avoir de graves problèmes. Diriez-​vous que c’est de la faute du père ? Diriez-​vous que le fils a des problèmes parce que son père l’a laissé partir ? Non ! ( ). Certains humains ont décidé de désobéir à Dieu et de faire ce qui est mal. Et comme le père de l’exemple, Dieu les a laissés faire. Donc, quand un malheur arrive, il faut se rappeler que ce n’est pas Dieu qui l’a provoqué. Ce ne serait pas juste de l’accuser.","8 No̱ngo̱ te̱ eyembilan a eso̱mb’a mun’a mome e maje̱ na bayedi bao. Sango ao a to̱ndi mo̱ jita, okwe̱le̱ pe̱ mo̱ ne̱ni no̱ngo̱ bedomsedi ba bwam. Na muna a pamwa sango, a dia bolongi, ala. A bola mambo ma bobe ma wanedi mo̱ ndutu. Mo̱, o me̱nde̱ numa sango njo̱m ońola nje e po̱ye̱ mo̱ ońolana a s’eki mun’ao ná a s’ala e? Ke̱m! ( ) Ka nu sango a muna, Loba a s’eki bato ba benama ponda ba po̱sino̱ o pamwa mo̱ na bola pe̱ nje ye bobe. Lambo la bobe di bolane̱ so̱ te̱, jangame̱ne̱ o jo̱nge̱le̱ ná seto̱ Loba nde a wan mo̱. E si me̱nde̱ te̱nge̱ne̱ ná di nume Loba njo̱m."
fr,dua,"9 Pourquoi est-​ce que Dieu n’a pas encore mis fin aux souffrances ? Il a une très bonne raison. Au chapitre 11 , vous apprendrez ce que la Bible dit à ce sujet. Mais vous pouvez être sûr que Dieu nous aime et que, quand nous avons des problèmes, ce n’est pas de sa faute. En fait, il est le seul à pouvoir les régler ( ).","9 Njo̱m a bwam ńe ońola nje Loba a diano̱ a mese̱le̱ ná mambo ma bobe ma bolane̱. O Jokwa 11 , o me̱nde̱ jokwa nje Bibe̱l e makwalano̱ jombwea nika. Nde we ná o be̱ mbaki ná Loba a to̱ndi biso̱; di s’angame̱ne̱ pe̱ to̱ numa mo̱ njo̱m ońola ndutu di be̱nno̱. Mbale̱ ńe nde ná, mo̱me̱ne̱ Mō̱ na mune nde e ná a bo̱le̱ ndut’asu.​— ."
fr,dua,"10 Dieu est saint ( ). Tout ce qu’il fait est pur et bien. Nous pouvons donc lui faire confiance. Par contre, les humains ne sont pas comme Dieu. Ils font parfois des choses mauvaises. Et même le chef politique le plus sincère n’a pas le pouvoir de faire disparaître les conséquences de la méchanceté. Personne n’est aussi puissant que Dieu. Dieu peut mettre fin à la méchanceté pour toujours, et il le fera. Il fera aussi disparaître toutes les conséquences de la méchanceté ( lire ).","10 Loba e bosangi. ( ) Nje ye̱se̱ a mabolano̱ ye bosangi na bwam. Je so̱ ná di lakisane̱ mo̱. Bato ba benama ba titi nika. Ponda iwo̱ ba mabola mambo ma bobe. Nate̱na mo̱me̱ne̱ mwanedi ńe mbale̱ buka be̱se̱ a si be̱n ngińa o po̱ngulane̱ bobe bwe̱se̱ babobe ba mabolano̱. Moto to̱ mō̱ a si be̱n ngińa buka Loba. E ná a po̱ngulane̱ ndutu ye̱se̱ babobe ba wanno̱, a me̱nde̱ pe̱ bola nika. A me̱nde̱ bo̱le̱ bobe bwe̱se̱ ná bam o bwindea.​— Langa ."
fr,dua,"11 Quand Dieu voit ce qui se passe dans le monde ou quand il vous voit souffrir, que ressent-​il ? La Bible enseigne qu’il « aime la justice » ( ). Ce qui est bien et ce qui est mal a beaucoup d’importance pour lui. Il déteste voir les humains souffrir. Dans le passé, il a eu « de la peine » en voyant que le monde était plein de méchanceté ( ). Et il n’a pas changé ( ). La Bible dit qu’il s’intéresse vraiment à vous ( lire ).","11 Ne̱ni Loba a masengano̱ o mulema ke̱ a me̱ne̱ nje e mabolane̱ o wase nikame̱ne̱ pe̱ na ndutu o makusano̱ e? Bibe̱l e mokwe̱le̱ ná Loba a “to̱ndi ka ni te̱m.” ( ) Ońola nika a mombwea ná pe̱ńe̱pe̱ńe̱ nje e te̱m na nje ye mpenga. A singe̱ ke̱ bato ba mataka. O mińa mi tombi, ponda e̱nno̱ ná bobe bo málonda o wase, Bibe̱l e makwala ná “nika e bwe̱se̱ mo̱ ndutu jita o mulema.” ( ) Loba a si tuko. ( ) Bibe̱l e makwala ná Loba a mombwea wa na mbale̱.​— Langa ."
fr,dua,"12 La Bible dit aussi que Dieu nous a créés à sa ressemblance ( ). Cela veut dire qu’il nous a faits avec les mêmes qualités que lui. Donc, si vous avez de la peine en voyant des personnes innocentes souffrir, Dieu est certainement encore plus triste que vous ! Comment pouvons-​nous en être sûrs ?","12 Bibe̱l e makwala pe̱ ná Loba a weki biso̱ o bowan bao. ( ) Nika e mapula nde kwala ná Loba a weki biso̱ na milemlem ma bede̱mo ba bwam a be̱nno̱. Ońola nika yete̱na wa o mabwa ndutu ke̱ o me̱ne̱ basibe̱n njo̱m ba mataka, Loba mo̱ a mabwa ndutu buka wa ke̱ a me̱ne̱ nika! Ne̱ni di bino̱ nika e?"
fr,dua,"13 La Bible enseigne que « Dieu est amour » ( ). Tout ce qu’il fait, il le fait par amour. Et si nous aimons, c’est parce que Dieu aime. Si vous aviez le pouvoir de mettre fin aux souffrances et aux injustices, le feriez-​vous ? Oui, parce que vous aimez les gens. Dieu, lui, a le pouvoir de mettre fin aux souffrances et aux injustices, et parce qu’il nous aime, il va le faire ! Les promesses de Dieu qui sont décrites au début de ce livre vont toutes se réaliser. Vous pouvez en être sûr ! Mais pour croire à ces promesses, vous avez besoin de mieux connaître Dieu.","13 Bibe̱l e mokwe̱le̱ biso̱ ná “Loba e nde ndolo.” ( ) Ndolo nde e matute̱le̱ Loba o bebolo bao be̱se̱. Je so̱ nde ndolo ońolana Loba pe̱ e ndolo. Dutea te̱: O be̱ne̱ te̱ ngińa, o wusa bo̱le̱ take ńe̱se̱ na si te̱me̱ la sim le̱se̱ le o wase e? E, o wusa bola nika, ońolana o to̱ndi bato. Loba pe̱ so̱ e? A be̱n ngińa, kana a to̱ndino̱ pe̱ biso̱; a me̱nde̱ sumwa take ńe̱se̱ na ka ni si te̱m ńe̱se̱. We ná o be̱ mbaki ná dikaki la Loba te̱ la ma matilabe̱ o bebotedi ba nin kalati di me̱nde̱ londa! Nde ná o we̱le̱ lakisane̱ man makaki, wangame̱ne̱ o bata jokwa jombwea Loba."
fr,dua,"14 Si vous voulez devenir l’ami de quelqu’un, quelle est la première chose que vous lui dites ? Votre nom. Et Dieu, a-​t-​il un nom ? Beaucoup de religions disent que son nom est Dieu ou Seigneur. Mais ce ne sont pas des noms. Ce sont des titres, comme « roi » ou « président ». Dieu nous dit que son nom est Jéhovah. On lit en : « Toi, dont le nom est Jéhovah, tu es, toi seul, le Très-Haut sur toute la terre ! » Les hommes qui ont écrit la Bible ont utilisé le nom de Dieu plus de 7 000 fois. Jéhovah veut que vous connaissiez son nom et que vous l’utilisiez. Il vous dit son nom pour que vous deveniez son ami.","14 O mapula te̱ o be̱ diko̱m la moto, njika lambo laboso o mase̱le̱no̱ langwea mo̱ e? Dina lo̱ngo̱. Mo̱, Loba a be̱n dina e? Bebasi jita be makwala ná dina lao ná Loba to̱so̱ Sango, nde seto̱ mina ma; beto̱ti be kana “kiṅe̱” to̱so̱ “sango ekombo.” Loba a langwedi biso̱ ná dina lao ná Yehova. mo̱ ná: “Ná ba bie ná wame̱ne̱ mō̱ nu be̱n dina ná Yehova nde we Ńasam omo̱ń a wase ńe̱se̱.” Batiledi ba Bibe̱l ba bolane̱ dina la Loba lokoli la ngedi. Yehova a mapula ná o bie dina lao, o bolane̱ pe̱ mo̱. A malangwea wa dina lao ná o be̱ diko̱m lao."
fr,dua,15 Ce que le nom de Dieu signifie est très important. Son nom signifie qu’il est capable de réaliser son projet et toutes ses promesses. Rien ne peut l’arrêter. Il n’y a que Jéhovah qui peut porter ce nom * .,"15 Dina la Loba, Yehova, di be̱n beteledi ba njiba. Beteledi bao be nde ná, Loba a dongame̱n o londise̱ dikaki te̱ a mabolano̱ nikame̱ne̱ pe̱ na mwano mao. To̱ lambo di si meka mo̱. Yehova mo̱me̱ne̱ mō̱ nde e ná a be̱ne̱ di dina. *"
fr,dua,"16 dit : « Grandes et prodigieuses sont tes œuvres, Jéhovah Dieu, le Tout-Puissant. Justes et vraies sont tes manières d’agir, Roi d’éternité. » Que veut dire le titre « Tout-Puissant » ? Que Jéhovah est la personne la plus puissante de l’univers. Et que veut dire le titre « Roi d’éternité » ? Qu’il est éternel, c’est-à-dire qu’il a toujours existé. explique qu’il existe depuis toujours et qu’il existera toujours. C’est extraordinaire, n’est-​ce pas ?","16 Ka nje te̱ di se̱le̱no̱ langa omo̱ń, mu makwala jombwea Yehova ná: “Wame̱ne̱ mō̱ . . . nde we Ńasam.” pe̱ be makwala ná: “Bebolo bo̱ngo̱ be bonde̱ne̱ na betańsedi, a Sango Loba la Ngum; mangea mo̱ngo̱ ma te̱m na sim, me pe̱ mbale̱, a Kiṅ’a matumba! O Yehova a mabelabe̱ ná “Kiṅ’a bwindea.” Nje ye beteledi ba eto̱ti ná “Ńangum” e? E mapula nde o kwala ná Yehova nde a be̱n ngińa buka bato be̱se̱ o mo̱ń na o wase. Eto̱ti pe̱ ná ‘Kiṅ’a bwindea’ e mapula nde o kwala ná Loba to̱ diwo̱ di si se̱le̱ mo̱ oboso, to̱ diwo̱ pe̱ di si me̱nde̱ be̱ ombus’ao. mi matele̱ye̱ ná e nde o bwindea na bwindea. Nika e titi betańsedi e!"
fr,dua,"17 Il n’y a qu’un seul Créateur : Jéhovah. dit : « Tu es digne, Jéhovah notre Dieu, de recevoir la gloire et l’honneur et la puissance, car tu as créé toutes choses, et c’est par ta volonté qu’elles sont venues à l’existence et ont été créées. » Que veut dire le titre « Créateur » ? Que Jéhovah a tout créé : les anges, les étoiles, les fruits, les animaux et tout le reste !","17 Yehova mo̱me̱ne̱ mō̱ nde e Muwekedi. Kalat’a e makwala ná: “Wa, a Sango asu [Yehova] na Loba lasu, o dongame̱n o kusa sesa n’edube na ngińa; ebanja wa nde o weki mambo me̱se̱, ońola jemea lo̱ngo̱ nde meno̱, ma wekabe̱no̱ pe̱.” Botea na ange̱l a mo̱ń, wala o ngengeti ya dibobe̱ nate̱na o bepuma ba myele na su’a madiba​—Yehova nde a weki mambo me̱se̱!"
fr,dua,"18 Quand certains découvrent les qualités de Jéhovah, ils se disent : « Dieu est si puissant, si grand et si loin. Pourquoi est-​ce qu’il s’intéresserait à moi ? » Mais Jéhovah veut-​il que vous pensiez cela ? Non ! Il veut être votre Ami. Il veut être proche de vous. La Bible dit qu’il n’est « pas loin de chacun de nous » ( ). Et il veut que vous vous rapprochiez de lui. Il promet que, si vous le faites, « il s’approchera de vous » ( ).","18 Bato bō̱ ba langi te̱ o Bibe̱l jombwea bede̱mo ba betańsedi ba Yehova, ba mabwa bo̱ngo̱, ba dutea ná ‘Loba a be̱n ngińa ni pakapakan, e mweńa jita, a po̱ti pe̱ etum jita, ońola nje so̱ eno̱ ná ombwea mba e?’ Nde nika nde Loba a mapulano̱ ná jo̱nge̱le̱ e? Ke̱m. Yehova a mapula o be̱ be̱be̱ na biso̱. Bibe̱l e makwala ná Loba “a titi etum na to̱ mō̱ ńasu.” ( ) Loba a mapula ná o siseye mo̱ be̱be̱, a makakane̱ ná ‘mo̱ pe̱ a masisea be̱be̱ na wa.’​— ."
fr,dua,"19 Comment pouvez-​vous devenir l’ami de Dieu ? Jésus a dit : « Ceci signifie la vie éternelle : qu’ils apprennent à te connaître, toi, le seul vrai Dieu, et celui que tu as envoyé, Jésus Christ » ( ). Continuez d’apprendre à connaître Jéhovah et Jésus. Vous pourrez alors avoir la vie éternelle, c’est-à-dire vivre pour toujours. Par exemple, vous avez déjà appris que « Dieu est amour » ( ). Mais il a beaucoup d’autres qualités. La Bible dit qu’il est « compatissant, lent à se mettre en colère et abondant en amour fidèle et en vérité » ( ). Il est « bon et prêt à pardonner » ( ). Il est aussi patient et fidèle ( ). En lisant la Bible, vous apprendrez encore plus de choses sur Dieu et sur ses qualités.","19 Ne̱ni weno̱ ná o be̱ diko̱m la Loba e? Yesu a kwali ná: “Nde longe̱ la bwindea le nde ná ba bie wa, Loba la mbale̱ mō̱ me̱ne̱, na nu o lomno̱, Yesu Kristo.” ( ) Benga o jokwa, o me̱nde̱ bia Yehova na Yesu. Na nika nde weno̱ ná o be̱ne̱ longe̱ la bwindea. K’eyembilan, di májokwa ná “Loba e nde ndolo.” ( ) Nde a be̱n pe̱ bede̱mo bepe̱pe̱ ba bwam. Bibe̱l e malangwea biso̱ ná Yehova e “muyao na ndolo, muńo̱ngo̱ o malinga, m’bwaṅ o ndedi na mbale̱.” ( ) Yehova e ‘bwam, a le̱le̱m o lakise̱.’ ( ) Loba e we̱lisane̱ na jemea. ( ) O bolanga bo̱ngo̱ ba Bibe̱l, o me̱nde̱ bata jokwa jombwea bede̱mo bao ba bwam."
fr,dua,"20 Comment pouvez-​vous être l’ami de Dieu alors que vous ne le voyez pas ? ( ). En lisant la Bible, vous apprendrez à bien le connaître ( ). Et plus vous apprendrez de choses sur lui, plus vous l’aimerez et plus votre amitié avec lui deviendra forte.","20 Ne̱ni weno̱ ná o sisea Loba be̱be̱ yete̱na o si me̱ne̱ mo̱ e? ( ) O langi te̱ o Bibe̱l mambo jombwea Yehova, o mawe̱le̱ o so̱ṅtane̱ ná e nde Ebe̱yed’a longe̱ yena ye na mbale̱. ( ) Nika o mabatano̱ jokwa jombwea Yehova, o me̱nde̱ bata to̱ndo̱ mo̱ na sisea mo̱ be̱be̱."
fr,dua,"21 Vous comprendrez que Jéhovah est notre Père : il nous a donné la vie, et il veut pour nous la meilleure vie possible ( ). C’est ce que tous les pères pleins d’amour veulent pour leurs enfants ( ). La Bible enseigne que vous pouvez être l’ami de Dieu ( ). Jéhovah, le Créateur de l’univers, veut que vous soyez son ami !","21 O me̱nde̱ so̱ṅtane̱ ná Yehova e nde Tet’asu. ( ) A boli biso̱ longe̱, a mapula pe̱ ná di be̱ne̱ mbad’a longe̱ ńe bwam buka ye̱se̱. Nika nde sango a bana ńa ndolo a mapuleano̱ bana bao. ( ) E, Bibe̱l e mokwe̱le̱ ná we ná o be̱ diko̱m la Yehova. ( ) Dutea te̱ ná Yehova, Muweked’a mo̱ń na wase, a mapula ná o be̱ diko̱m lao!"
fr,dua,22 Certaines personnes voudront peut-être que vous arrêtiez d’étudier la Bible. Elles auront peut-être peur que vous changiez de religion. Mais ne laissez personne vous empêcher de devenir l’ami de Dieu. Jéhovah est le meilleur Ami que vous puissiez avoir.,22 Bato bō̱ be ná ba pula ná wese̱le̱ jokwa lo̱ngo̱ la Bibe̱l. Be ná ba bwa bo̱ngo̱ ná o me̱nde̱ tukwa ebas’ango̱. Nde o s’ese̱le̱ ná to̱ moto eke wa o be̱ diko̱m la Yehova. Mo̱ nde e mpete̱ ma Diko̱m weno̱ ná o be̱ne̱.
fr,dua,23 Il y aura des choses dans la Bible que vous ne comprendrez pas. N’ayez pas honte de poser des questions ou de demander de l’aide. Jésus a dit que nous devons être comme les petits enfants ( ). Les enfants ne sont pas orgueilleux et ils posent beaucoup de questions. Dieu veut que vous trouviez les réponses. Étudiez donc la Bible avec sérieux pour voir si ce que vous apprenez est la vérité ( lire ).,"23 Nika weno̱ o jokwa Bibe̱l, mambo mō̱ me mena o si me̱nde̱no̱ so̱ṅtane̱. O si bwa iso̱n o baise̱ myuedi to̱so̱ jongwane̱. Yesu a kwali ná jangame̱n o sibise̱ ńolo, ka bana basadi. ( ) Bana basadi ba mabaise̱ myuedi jita. Loba a mapula ná o so̱ malabe̱. Ońola nika so̱, okwa Bibe̱l na iwiye̱ ná o be̱ mbaki ná nje weno̱ o jokwa ye nde mbale̱.​— Langa ."
fr,dua,"24 La meilleure façon d’apprendre à connaître Jéhovah est d’étudier la Bible. Dans le chapitre 2, vous découvrirez pourquoi la Bible est différente des autres livres.","24 Mbad’a bwam ni buki ye̱se̱ ńa jokwa jombwea Yehova ńe nde jokwa la Bibe̱l. O jokwa di bupe̱, di me̱nde̱ jombwea ońola nje Bibe̱l ńeno̱ diwengisan na to̱ njika kalati nipe̱pe̱."
fr,dua,"^ § 15 Si le nom « Jéhovah » ne se trouve pas dans votre bible ou si vous voulez en savoir plus sur ce qu’il signifie et sur sa prononciation, lisez la note n o 1 .","^ par. 15 Yete̱na Bibe̱l ango̱ e si be̱n dina la Yehova, to̱so̱ ná o mapula o bata bia mambo jombwea beteledi ba dina la Loba, na ne̱ni pase̱le̱ mo̱, son ombwa Maki 1 ."
fr,dua,IMAGINEZ : un ami vous offre un cadeau. Que ressentez-​vous ? Vous êtes heureux parce qu’il a pensé à vous. Vous lui dites merci. Et vous avez très envie d’ouvrir ce cadeau.,"NE̱NI o masengano̱ o mulema ke̱ diko̱m di boli wa jabea o ponda o s’enganno̱ mo̱ lambo e? We musunga o tele̱ di dibomba, we pe̱ muńe̱nge̱ ná diko̱m lo̱ngo̱ lo̱nge̱le̱ wa. O matimbise̱le̱ mo̱ masoma ońola jabea lao."
fr,dua,"2 La Bible est un cadeau de Dieu. Dans la Bible, nous apprenons des choses que nous ne pouvons pas apprendre ailleurs. Par exemple, elle nous enseigne que Dieu a créé le ciel, la terre, le premier homme et la première femme. Elle nous donne des conseils qui nous aident quand nous avons des problèmes. Elle nous apprend aussi que Dieu a le projet de transformer la terre en paradis. Et elle explique comment il va le faire. La Bible est vraiment un très beau cadeau !","2 Bibe̱l ńe nde jabea di wu na Loba. E malangwea biso̱ mambo di titino̱ ná di so̱ wuma ipe̱pe̱ to̱ iwo̱. K’eyembilan, e malangwea biso̱ ná Loba a weki mo̱ń, wase, mom’a boso na mut’a boso. E mabola biso̱ bete̱sedi be mongwane̱ ke̱ di be̱n mitakisan. O Bibe̱l nde di mokwano̱ ne̱ni Loba a me̱nde̱no̱ londise̱ mwano mao ma timbise̱le̱ wase wum’a boja ya bwam. Bibe̱l ńe nde jabea di makwangwe̱le̱ mulema!"
fr,dua,"3 En étudiant la Bible, vous allez apprendre que Dieu veut que vous soyez son ami. Et plus vous apprendrez à le connaître, plus votre amitié avec lui deviendra forte.","3 Nika weno̱ o jokwa Bibe̱l, o me̱nde̱ so̱ ná Loba a mapula ná o be̱ diko̱m lao. Nika o mabengano̱ jokwa bia mo̱, nika pe̱ nde mulatako mańu mu mabatano̱ be̱ batabata."
fr,dua,"4 La Bible a été traduite en plus de 2 800 langues. Des milliards de bibles ont été imprimées. Presque tout le monde (9 personnes sur 10) peut la lire dans sa langue. Chaque semaine , plus d’un million de personnes se procurent une bible ! Vraiment, il n’y a aucun livre comme la Bible.","4 Bibe̱l e mátukwabe̱ o lambo ka 2 600 la leme̱, lokoli la lodun la Bibe̱l pe̱ lo mábusisabe̱. Buka na 90 ma bato omo̱ń’ebwea be ná ba langa Bibe̱l o eyem’abu ya bwambo. Woki te̱ , buka na edun ewo̱ ya bato ba makusa Bibe̱l! Na mbale̱, kalati to̱ po̱ nipe̱pe̱ ni buki Bibe̱l e titi."
fr,dua,"5 La Bible est « inspirée de Dieu » ( lire ) (voir la note n o 2 ). Mais certaines personnes pourraient se dire : « La Bible a été écrite par des hommes. Alors pourquoi dit-​on qu’elle vient de Dieu ? » La Bible explique : « C’est poussés par l’esprit saint que des hommes ont parlé de la part de Dieu » ( ). C’est comme quand un patron dit à sa secrétaire d’écrire une lettre. De qui vient la lettre ? Du patron, pas de la secrétaire. De même, la Bible vient de Dieu, pas des hommes qu’il a utilisés pour l’écrire. Il a guidé ces hommes pour qu’ils écrivent ses pensées. La Bible est vraiment « la parole de Dieu » ( ).","5 Bibe̱l ‘e wu nde na mudī ma Loba.’ (Langa .) Nde bō̱ be ná ba dutea ná, ‘Nika Bibe̱l e tilabe̱no̱ nde na bato, ne̱ni so̱ e wuno̱ na Loba e?’ Bibe̱l e mabola jalabe̱ ná: “Bato ba ta nde ba tutabe̱le̱ [to̱so̱, diabe̱le̱] na mudī-musangi o to̱po̱ o doi la Loba.” ( ) Ye nde ka sango ebolo nu mabole̱ mutiled’ao doi ná a tile leta. Nja ńe mbondo a di leta e? Sango ebolo, seto̱ mutiledi. Mulemlem pe̱ nde Loba eno̱ Mbondo a Bibe̱l, seto̱ bato a bolane̱no̱ o tila mo̱. Loba a die̱le̱ babo̱ o tila mo̱nge̱le̱ mao. Na mbale̱, Bibe̱l ńe nde “eyal’a Loba.”​— ; ombwa Maki 2 ."
fr,dua,"6 Il a fallu plus de 1 600 ans pour écrire la Bible. Les hommes qui l’ont écrite ont vécu à des époques différentes. Certains avaient une grande instruction et d’autres non. L’un d’eux était médecin. D’autres étaient cultivateurs, pêcheurs, bergers, prophètes, juges ou rois. Même si la Bible a été écrite par plusieurs hommes, elle ne se contredit pas : elle ne dit pas une chose dans un chapitre et le contraire dans un autre chapitre * .","6 Bibe̱l e tilabe̱ o pámbo a ponda ńa buka na 1 600 ba mbu. Batiledi bao ba ta longe̱ o ńo̱ṅo̱n ye diwengisan. Bō̱ ba ta bato boko jita, bō̱ pe̱ ba si ta bokwa. K’eyembilan, mō̱ ńabu a ta nde do̱kita. Bape̱pe̱ ba ta nde bapo̱nge̱ myōnda, bato ba musombo, batate̱ byembe, bato̱pedi ba mudī, bakaisedi, na kiṅe̱. To̱ná batiledi ba tano̱ ńai na ńai, mongo ma Bibe̱l me̱se̱ me nde jo̱nge̱le̱ diwo̱. Kalat’ao to̱ po̱ e si to̱pi diwengisan na nine̱. *"
fr,dua,7 Les premiers chapitres de la Bible expliquent comment les problèmes du monde ont commencé. Les derniers chapitres nous apprennent comment Dieu va régler ces problèmes et transformer la terre en paradis. La Bible raconte l’histoire des humains sur des milliers d’années. Elle montre que Dieu réalise toujours ce qu’il a décidé de faire.,"7 Bepasi baboso ba Bibe̱l be matele̱ye̱ ne̱ni ndutu e botedino̱ o nin wase, besukan pe̱ be malangwea biso̱ ne̱ni Loba a me̱nde̱no̱ bo̱le̱ yi ndutu tongwea na timbise̱le̱ wase paradisi. Bibe̱l e mato̱pea ońola lokoli na lokoli la mimbu ma myango ma mbel’a moto. E malee̱le̱ pe̱ ná mwano ma Loba mu malonda o ponda ye̱se̱."
fr,dua,"8 La Bible n’a pas été écrite pour enseigner la science. Mais quand elle parle de sujets scientifiques, elle est toujours exacte. Et c’est normal, puisqu’elle vient de Dieu. Par exemple, dans le livre du Lévitique, on trouve des lois que les Israélites devaient suivre pour que les maladies ne se répandent pas. Pourtant, ce livre a été écrit longtemps avant qu’on comprenne que les microbes et les virus provoquent des maladies. La Bible est aussi exacte quand elle dit que la Terre est suspendue dans le vide ( ). Il y a longtemps, les gens pensaient que la Terre était plate. Mais la Bible disait déjà qu’elle était ronde ( ).","8 Bibe̱l e si tilabe̱ o jokwe̱le̱ dibie̱ la wase to̱so̱ o be̱ kalat’esukulu, nde ńe te̱ite̱i ponda ye̱se̱ ke̱ e mato̱pea ońola dibie̱ la wase. Nika nde di mengane̱no̱ kalati ni wu na Loba. K’eyembilan, kalat’a Levitiko e be̱n bediedi ba Loba jombwea ne̱ni Bonaisrael ba tano̱ bangame̱n jeka maboa ná ma si lańa. Nika e tilabe̱ etum a ponda oboso ná bato ba mabe̱ne̱ so̱ṅtane̱ la ne̱ni no̱k’a bobe i mabolano̱ maboa. Bibe̱l e mokwe̱le̱ pe̱ ná te̱ite̱i ná wase e paname̱ nde omo̱ń a to̱ lambo. ( ) Ponda pe̱ jita la bato di tano̱ lo̱nge̱le̱ ná wase e bapame̱, Bibe̱l e ta e mákwala ná wase ńe nde te̱ngiledi.​— , NW ."
fr,dua,"9 Tout ce que la Bible dit sur l’Histoire est exact. Beaucoup de livres d’histoire contiennent des erreurs parce que leurs auteurs n’ont pas toujours dit la vérité. Par exemple, ils n’ont pas parlé de toutes les guerres que leur pays a perdues. Par contre, les hommes qui ont écrit la Bible étaient honnêtes. Quand la nation d’Israël perdait une bataille, ils ne le cachaient pas. Ils ont aussi parlé de leurs fautes. Par exemple, dans le livre des Nombres, Moïse dit que Dieu l’a puni pour une faute grave ( Nombres 20:2-12 ). L’honnêteté des hommes qui ont écrit la Bible montre que c’est un livre qui vient de Dieu. Nous pouvons donc croire ce que la Bible dit.","9 Bibe̱l ńe te̱ite̱i o ponda ye̱se̱ e makwaleano̱ jombwea myango. Nde jita la kalat’a myango di titi te̱ite̱i o mambo me̱se̱, ońolana batiledi ba si ta mbale̱. K’eyembilan, ponda iwo̱, ba wuti ne̱ni matumba mabu ma bukabe̱no̱ o bila. O diwengisan, batiledi ba Bibe̱l ba ta mbale̱, ba lango nate̱na mo̱me̱ne̱ bukabe̱ la Israel o bila. Ba tili pe̱ jombwea mawuse̱ ma babo̱me̱ne̱. K’eyembilan, o kalat’a Miso̱ngi, Mose a malangwea biso̱ ná a boli diwuse̱ dinde̱ne̱, na ná Loba a ko̱kise̱ mo̱ ońola nika. ( Miso̱ngi 20:2-12 ) Be̱ la mbale̱ la batiledi ba Bibe̱l di malee̱le̱ ná e wu nde na Loba. Nika e mapula kwala ná je ná di lakisane̱ Bibe̱l."
fr,dua,"10 Les conseils de la Bible sont utiles pour nous. La Bible est « inspirée de Dieu et utile pour enseigner, pour réprimander, pour redresser les choses » ( ). Jéhovah sait comment nous sommes faits. Il comprend notre façon de penser et nos sentiments. Il nous connaît mieux que nous-​mêmes et il veut que nous soyons heureux. Il sait donc ce qui est bon et ce qui est mauvais pour nous.","10 Bibe̱l e wu nde ‘na mudī ma Loba,’ ńe pe̱ “muse̱ṅ ońola belēdi, ońola bola la misan, ońola jome̱le̱.” ( ) E, mome̱le̱ ma Bibe̱l ma mongwane̱ biso̱ we̱nge̱. Yehova a bi ne̱ni di wekabe̱no̱, ońola nika a maso̱ṅtane̱ mo̱nge̱le̱ masu na besengedi basu ba teten. A bi biso̱ buka nje di bino̱ biso̱me̱ne̱, a mapula pe̱ ná di be̱ bonam. A bi nje ye bwam na nje ye bobe ońol’asu."
fr,dua,"11 En Matthieu chapitres 5 à 7 , Jésus nous donne de très bons conseils. Il nous explique comment être heureux, comment bien nous entendre avec les autres, comment prier et comment considérer l’argent. Il a donné ces conseils il y a 2 000 ans, mais ils sont toujours aussi précieux et utiles aujourd’hui.","11 O kalat’a Mateo, bepasi 5 nate̱na 7 , di malanga oten mome̱le̱ me bwam jita mena Yesu a bolino̱ jombwea ne̱ni be̱ bonam, ne̱ni be̱ne̱ mulatako ma bwam na bane̱, ne̱ni kane̱, na ne̱ni be̱ne̱ jo̱nge̱le̱ la bwam jombwea mo̱ni. To̱ná a bolino̱ man mome̱le̱ ye lambo ka 2 000 la mbu we̱nge̱, ma dia ma be̱n ngińa, ma dia pe̱ ma mongwane̱ o nin pond’asu."
fr,dua,"12 Dans la Bible, Jéhovah nous donne aussi des principes (voir la note n o 3 ). Ces principes nous aident à avoir une vie de famille plus heureuse, à être travailleurs et à vivre en paix avec les autres. Ils nous sont toujours utiles, peu importe qui nous sommes, où nous vivons et les problèmes que nous avons ( lire ).","12 O Bibe̱l, Yehova a mokwe̱le̱ pe̱ biso̱ bete̱sedi be mongwane̱ biso̱ o be̱ne̱ longe̱ la ndabo a mbia la bwam, o be̱ ngińa o ebolo, na o ja pe̱ na musango na bane̱. Bete̱sedi ba Bibe̱l be ná bongwane̱ biso̱ o ponda ye̱se̱, e be̱ to̱ njika pat’a moto jeno̱, o to̱ njik’ekombo di maso̱be̱no̱, na o to̱ njika ndutu di be̱nno̱.​— Langa ; ombwa Maki 3 ."
fr,dua,"13 Beaucoup de prophéties de la Bible se sont déjà réalisées (voir la note n o 4 ). Par exemple, Isaïe a prophétisé que la ville de Babylone serait vaincue ( ). Et il a expliqué comment. La ville était protégée par de grandes portes et par un fleuve. Mais les portes seraient laissées ouvertes et le fleuve serait presque mis à sec. L’armée allait entrer dans la ville sans devoir se battre. Isaïe a même annoncé que c’est un homme appelé Cyrus qui vaincrait Babylone ( lire ).","13 Jita la bedinge̱ ba Bibe̱l be mákusa belondisedi. K’eyembilan, Yesaya a ta a bīse̱ ná Babilon e me̱nde̱ o bulabe̱le̱. ( ) A nande̱le̱ ná te̱ite̱i ne̱ni mundi mu me̱nde̱no̱ bukabe̱. Mu mundi mu ta mu dingabe̱le̱ na mo̱mbe̱ mande̱ne̱ na mo̱pi. Nde Yesaya a se̱le̱ bīse̱ ná mo̱pi mu me̱nde̱ banjisabe̱, mo̱mbe̱ pe̱ ma me̱nde̱ dia telame̱. Bato ba bwemba pe̱ ba dumba mundi esibe̱ jana. Yesaya a bīse̱ pe̱ nate̱na mo̱me̱ne̱ ná Babilon e me̱nde̱ nde o bukabe̱ na moto nu belabe̱ ná Kores.​— Langa ; ombwa Maki 4 ."
fr,dua,"14 Deux cents ans après que cette prophétie a été écrite, une armée est arrivée pour attaquer Babylone. Qui était le chef de cette armée ? Cyrus, le roi de Perse. La prophétie était donc exacte. Mais l’armée de Cyrus pourrait-​elle entrer dans Babylone, comme la prophétie l’avait annoncé ?","14 Bebwea ba mbu beba ombusa tilabe̱ la yen edinge̱, nde mulo̱ṅ ma bwemba mu po̱ino̱ o janane̱ Babilon. Nja nu ta nu die̱le̱ mu mulo̱ṅ e? Ka nje te̱ edinge̱ e kwalino̱, Kores, kiṅ’a Persia nde a ta a die̱le̱ mo̱. Ponda e ta e mápo̱ ná edinge̱ e londe o mususu mao mwe̱se̱."
fr,dua,"15 La nuit de l’attaque, les habitants de Babylone faisaient la fête. Ils pensaient être en sécurité parce que leur ville était protégée par de grands murs et par un fleuve. Toutefois, à l’extérieur de la ville, Cyrus et son armée avaient creusé un fossé pour faire baisser le niveau de l’eau. Ainsi, les soldats ont pu traverser le fleuve à pied. Mais puisque la ville était entourée de grands murs, comment allaient-​ils entrer ? Comme la prophétie l’avait dit, les portes de la ville étaient ouvertes. L’armée a donc pu vaincre la ville sans se battre.","15 O bo bulu ba bwemba, bato ba Babilon ba ta ba bolise̱ ndema. Ba ta mbaki ná mbeu a ńolo to̱ po̱ e titi ná e ko̱ye̱ babo̱, kana ba tano̱ ba tatabe̱ na bebapa ba bedima basame̱, nikame̱ne̱ pe̱ na mo̱pi. Nde o yen’epas’a mundi, Kores na milo̱ṅ mao ma bila ba ta ba pula musima o sibise̱ dime̱ne̱ la madiba ma mo̱pi. Mo̱pi mu banji eyeka ńai ńena bato ba bila ba Persia ba dangono̱ oteten ao. Nde ne̱ni milo̱ṅ mi wusano̱ o kata bedima ba Babilon e? Ka nje te̱ edinge̱ e to̱pino̱, mo̱mbe̱ ma mundi ma ta matelame̱, na bato ba bila ba dumba mundi esibe̱ jana."
fr,dua,"16 Isaïe a aussi annoncé qu’un jour plus personne n’habiterait à Babylone. Il a écrit : « Elle ne sera plus jamais habitée » ( ). Cela s’est-​il réalisé ? Oui. La ville de Babylone est en ruines. Ces ruines se trouvent en Irak, à environ 80 kilomètres au sud de Bagdad. Personne ne vit là-bas. Jéhovah a balayé Babylone « avec le balai de l’anéantissement ( de la destruction ) » ( ) * .","16 Yesaya a bīse̱ ná Babilon e si me̱nde̱ pe̱ jabe̱ tomtom. A tili ná: “E si me̱nde̱ pe̱ jabe̱ tom, to̱ be̱ne̱ bato o ńo̱ṅo̱n na ńo̱ṅo̱n.” ( ) Mo̱, nika e timbi be̱ mbale̱ e? Wuma Babilon e tano̱ e boka, nika ńe nde lambo ka 80 ma kilometa o mikondo ma mundi ma Bagdad, o Irak, embamba nde e mádie̱ oten. To̱ o nin we̱nge̱, moto to̱ mō̱ a si maja oten. Yehova a bumbise̱ Babilon “na dipapan la dibumbe [to̱so̱, la beńamsedi].”​— . *"
fr,dua,"17 Beaucoup de prophéties de la Bible se sont déjà réalisées. Nous pouvons donc croire ce que la Bible annonce pour l’avenir. Nous pouvons être sûrs que Jéhovah tiendra sa promesse de transformer la terre en paradis ( lire ). Nous pouvons espérer avoir « la vie éternelle que Dieu, qui ne peut mentir, a promise » ( ) * .","17 Kana jita la bedinge̱ ba Bibe̱l be mákusano̱ belondisedi, nika e mapula kwala ná je ná di lakisane̱ nje Bibe̱l e makwalano̱ jombwea kie̱le̱ ni maye̱. Je ná di be̱ mbaki ná Yehova a me̱nde̱ londise̱ dikaki lao la timbise̱le̱ wase paradisi. (Langa .) Na mbale̱, di be̱n dipita la “longe̱ la bwindea lena Loba nu si mato̱pe̱ lobango a kakanno̱ nate̱na koba na ngindi.”​— . *"
fr,dua,"18 Nous avons appris qu’il n’y a aucun livre comme la Bible. Elle ne se contredit pas. Quand elle parle de sujets scientifiques ou historiques, elle est toujours exacte. Elle donne de bons conseils. Et elle contient des prophéties qui se sont déjà réalisées. Mais la Bible est extraordinaire pour une autre raison encore. L’apôtre Paul a écrit : « La parole de Dieu est vivante et puissante. » Qu’est-​ce que cela veut dire ? ( Lire ).","18 Joko ná kalati nipe̱pe̱ to̱ po̱ ńe ka Bibe̱l e titi. Mongo mao me̱se̱ me nde jo̱nge̱le̱ diwo̱, ńe pe̱ te̱ite̱i o ponda ye̱se̱ e mato̱peano̱ jombwea mabie̱ ma wase na myango. E mabola pe̱ biso̱ mome̱le̱ ma bwam; e be̱n pe̱ bedinge̱ jita be mákuse̱ belondisedi. Nde Bibe̱l e mabola buka nika. Ńamuloloma Paulo a tili ná: “Eyal’a Loba ye longe̱ na ngińa.” Nje nika e mapulano̱ o kwala e?​— Langa ."
fr,dua,"19 La Bible peut changer votre vie. Elle peut vous aider à savoir qui vous êtes vraiment. Elle peut vous aider à mieux comprendre vos pensées et vos sentiments les plus profonds. Par exemple, nous pensons peut-être aimer Dieu. Mais pour prouver que nous l’aimons, nous devons faire ce que la Bible dit.","19 Bibe̱l ńe ná e tukwa longe̱ lo̱ngo̱. Ńe ná ńongwane̱ wa o bia nja weno̱ ná te̱ite̱i. Ńe ná ńongwane̱ wa o so̱ṅtane̱ mo̱nge̱le̱ na besengedi bo̱ngo̱ ba mulema ba njiba. K’eyembilan, je ná jo̱nge̱le̱ ná di to̱ndi Loba. Nde ná di lee̱le̱ ná di to̱ndi mo̱, jangame̱ne̱ o we̱le̱ o ebolo nje Bibe̱l e makwalano̱."
fr,dua,"20 La Bible est vraiment un livre qui vient de Dieu. Dieu nous demande de la lire, de l’étudier et de l’aimer. Montrez que vous appréciez ce cadeau en continuant de l’étudier. Alors vous comprendrez quel est le projet de Dieu pour les humains. Dans le chapitre suivant, nous en parlerons en détail.","20 Na mbale̱, Bibe̱l ńe nde kalati ni wu na Loba. A mapula ná o lange mo̱, wokwe mo̱, o to̱nde pe̱ mo̱. Timbise̱le̱ masoma ońola di jabea, o benge pe̱ o jokwa mo̱. Na nika nde o me̱nde̱no̱ o so̱ṅtane̱ mwano ma Loba ońola bato. O jokwa di bupe̱, di me̱nde̱ bata jokwa jombwea mu mwano."
fr,dua,"^ § 6 Certaines personnes disent que la Bible se contredit, mais ce n’est pas vrai (voir le chapitre 7 du livre La Bible : Parole de Dieu ou des hommes ? , publié par les Témoins de Jéhovah).","^ par. 6 Bato bō̱ ba makwala ná mongo ma Bibe̱l me̱se̱ ma titi jo̱nge̱le̱ diwo̱, nde nika e titi mbale̱. Ombwa jokwa 7 la kalati La Bible: Parole de Dieu ou des hommes? ni busisabe̱ na Mboṅ a Yehova."
fr,dua,"^ § 16 Si vous voulez en savoir plus sur les prophéties de la Bible, lisez les pages 252 et 253 du livre Étude perspicace des Écritures , volume 1, publié par les Témoins de Jéhovah.","^ par. 16 Yete̱na o mapula bata jokwa jombwea bedinge̱ ba Bibe̱l, we ná o langa mapapa 27-29 ma kalati nisadi Un livre pour tous, ni busisabe̱ na Mboṅ a Yehova."
fr,dua,^ § 17 La prophétie concernant la destruction de Babylone est une des nombreuses prophéties de la Bible qui se sont déjà réalisées. La note n o 5 parle de prophéties concernant Jésus Christ.,^ par. 17 Beńamsedi ba Babilon be nde eding’a Bibe̱l ewo̱ e timbi o be̱ mbale̱. We ná o so̱ bedinge̱ bepe̱pe̱ jombwea Yesu Kristo o Maki 5 .
fr,dua,La Bible. Traduction du monde nouveau est disponible en de nombreuses langues.,Les Saintes Écritures. Traduction du monde nouveau e maso̱be̱ o jita la leme̱
fr,dua,"Isaïe, un des hommes qui ont écrit la Bible, a annoncé que Babylone serait vaincue.",Mutiled’a Bibe̱l Yesaya a bīse̱ ná Babilon e me̱nde̱ o bukabe̱
fr,dua,Les ruines de Babylone.,Bembamba ba Babilon
fr,dua,"DIEU a un très beau projet pour les humains (voir la note n o 6 ). Il a créé le premier homme et la première femme, Adam et Ève, pour qu’ils vivent dans un beau jardin. Son projet était qu’ils aient des enfants, qu’ils transforment toute la terre en paradis et qu’ils s’occupent des animaux ( ).","LOBA a be̱n mwano ma betańsedi ońola bato. A weki mom’a boso na mut’a boso, Adam na Eva, ná ba be̱ longe̱ o mudo̱led’a mōnda. Mwano mao mu ta nde ná ba ye bana, ba timbise̱le̱ wase ńe̱se̱ paradisi, bombweye pe̱ ńama.​— ; ombwa Maki 6 ."
fr,dua,"2 Pensez-​vous qu’un jour nous vivrons dans un paradis ? Jéhovah a dit : « J’ai parlé [...], et je le réaliserai » ( ). Il va donc faire ce qu’il a prévu, et rien ne peut l’arrêter. Il nous explique qu’il n’a pas créé la terre « pour rien » ( ). Il veut qu’elle soit habitée. Par qui ? Et pour combien de temps ? La Bible répond : « Les justes [ ceux qui obéissent à Dieu ] posséderont la terre et ils y vivront éternellement » ( ).","2 Mo̱, o mo̱nge̱le̱ ná di me̱nde̱ be̱ longe̱ o paradisi buńa bō̱ e? Yehova mo̱ na biso̱ ná: “Mba nde na to̱pi, na mabola pe̱.” ( ) E, a me̱nde̱ londise̱ mwano mao, to̱ lambo di si me̱nde̱ jeka mo̱. Yehova mo̱ ná a weki nde wase na jándá. A “si weki mo̱ o be̱ na wom.” ( ) A mapula ná bato ba londise̱ wase ńe̱se̱. Njika pat’a bato Loba a mapulano̱ ná ba be̱ longe̱ o wase, na ońola ponda ininga e? Bibe̱l e makwala ná: “Bate̱m na sim [to̱so̱, basengane̱] ba me̱nde̱ sangwa wase na ja oten bebe be̱se̱. ”​— ."
fr,dua,"3 Aujourd’hui, les humains tombent malades et meurent. Dans beaucoup de pays, ils se font la guerre et ils se tuent les uns les autres. Mais ce n’est pas ce que Dieu voulait. Alors que s’est-​il passé ? Il n’y a que la Bible qui l’explique.","3 Nde o nin we̱nge̱, bato ba maboa, ba mawo̱ pe̱. O jita la bepolo, bato ba manane̱ na bwane̱ pe̱ mō̱ na nune̱. Nde, seto̱ nika nde ńe mwano ma Loba. Nje so̱ e tombi, na ońola nje nika e tombino̱ e? Bibe̱l mo̱me̱ne̱ mō̱ nde ńe ná e bola beteledi."
fr,dua,4 La Bible dit que Dieu a un ennemi. C’est un ange appelé « Diable » et « Satan » (voir la note n o 7 ). Satan s’est servi d’un serpent pour parler à Ève dans le jardin d’Éden ( ). Il lui a fait croire que c’était le serpent qui parlait.,4 Bibe̱l e malangwea biso̱ ná Loba a be̱n musingedi nu “belabe̱ ná Diabolo na Satan.” Satan a bolane̱ ńama-bwaba o kwalisane̱ Eva o mōnda ma Ede̱n. ( ) A boli ná ye̱ne̱ne̱ biana ńama-bwaba nde ńe o to̱pe̱.​—Ombwa Maki 7 .
fr,dua,"5 Qui a créé Satan le Diable ? Est-​ce Dieu ? Non ! Quand Dieu préparait la terre pour Adam et Ève, il y avait beaucoup d’anges dans le ciel (voir la note n o 8 ). L’un de ces anges a changé et il est devenu le Diable ( ). Comment est-​ce possible ? Prenons un exemple : Comment quelqu’un d’honnête devient-​il un voleur ? À sa naissance, ce n’est pas un voleur. Mais un jour, il se met à vouloir une chose qui ne lui appartient pas. Il continue d’y penser , et son mauvais désir devient de plus en plus fort. Puis, quand il en a l’occasion, il vole cette chose. Il a changé : il est devenu un voleur ( lire ).","5 Loba so̱ nde a weki Satan Diabolo e? Ke̱m! Ange̱l po̱ ńena ni ta o mo̱ń ke̱ Loba a maboṅsane̱ wase ońola Adam na Eva, nde e tuko na mo̱ e timbise̱le̱ mo̱me̱ne̱ Diabolo. ( ) Ne̱ni nika e we̱lino̱ be̱ e? Ne̱ni moto ńe mbale̱, eno̱ ná a tukwa, a timbise̱le̱ mo̱me̱ne̱ mwibedi e? A si yabe̱ mot’a jiba. Nde a mabe̱ne̱ ńo̱ngi, to̱so̱ bepuledi, ba lambo lená di titi lao. Nika a mabengano̱ o jo̱nge̱le̱ di lambo, nika pe̱ nde bepuledi bao ba bobe be mabatano̱ be̱ ngińa. Epolo ye̱ne̱ne̱ so̱ te̱, na mo̱ iba mo̱. Nika nde a matimbise̱le̱no̱ mo̱me̱ne̱ mwibedi.​— Langa ; ombwa Maki 8 ."
fr,dua,"6 C’est ce qui est arrivé à cet ange. Après avoir créé Adam et Ève, Jéhovah leur a dit d’avoir des enfants et de ‘remplir la terre’ ( ). Cet ange a peut-être pensé : « Au lieu d’adorer Jéhovah, tous ces humains pourraient m’adorer moi ! » Plus il pensait à cela, plus il désirait ce qui appartient à Jéhovah. Il voulait que les humains l’adorent. Alors il a menti à Ève et il l’a trompée ( lire ). C’est comme cela qu’il est devenu Satan le Diable, un ennemi de Dieu.","6 Nje e po̱yedi ni ange̱l yin. Ponda Loba a wekino̱ Adam na Eva, a langwedi babo̱ ná ba ye bana, ba “londise̱ wase.” ( ) Pondapo̱, ni ange̱l e dutedi nde ná, ‘Ban bato be̱se̱ be po̱n ná bowe̱ mba o mulopo ma jowe̱ Yehova!’ Kana a tano̱ a benga dutea jombwea nika , nika pe̱ nde ńo̱ng’ao ńa be̱ne̱ nje yena ye nde ya Yehova e bengino̱ ńaka. Ni ange̱l e puli ná bato bowe̱ nde mo̱. Na mo̱ e wo̱ndo̱ Eva, e lemse̱ mo̱. (Langa .) Di bola la nika so̱ nde di timbise̱le̱ mo̱ Satan Diabolo, musinged’a Loba."
fr,dua,"7 Adam et Ève ont désobéi à Jéhovah et ils ont mangé du fruit ( ). Ils ont péché contre Jéhovah (voir la note n o 9 ). Et ils ont fini par mourir, comme Jéhovah l’avait dit ( ). Puisque les enfants d’Adam et Ève étaient pécheurs, ils sont morts aussi ( lire ). Pour comprendre pourquoi les enfants d’Adam et Ève étaient pécheurs, prenons un exemple : Si vous faites des gâteaux dans un moule qui a une bosse, les gâteaux auront la même bosse que le moule. Quand Adam a désobéi à Jéhovah, il est devenu pécheur. Parce qu’Adam est notre ancêtre, nous sommes tous pécheurs. Nous avons la même « bosse » que lui. Et parce que nous sommes tous pécheurs, nous vieillissons et nous mourons ( ).","7 Adam na Eva ba kwe̱m Loba, ba da epuma. ( ) Ba boli bobe te̱nge̱ne̱ Yehova, ombusa ponda na babo̱ ba wo̱, ka nje te̱ Yehova a kwalino̱. ( ) Bana ba Adam na Eva pe̱ ba ta nde babobe, ońola nika nde ba wedino̱. (Langa .) Ná di we̱le̱ so̱ṅtane̱ ońola nje bana ba Adam na Eva pe̱ ba tano̱ babobe, ombwea yen eyembilan. Bipe̱ te̱ eko̱ki o ekwe̱m yena e ńo̱sedi o tongo diwo̱, nika ná e be̱n ele̱m; eko̱ki e mabuse̱ pe̱ e mabe̱ne̱ nde mu mulemlem ma ele̱m. Ponda Adam a kwe̱mno̱ Loba, Adam a timbi nde ńabobe. Kana jeno̱ bana ba Adam, biso̱ be̱se̱ je nde babobe, to̱so̱ di be̱n nde mulemlem ma “ele̱m” a tano̱ a be̱ne̱. Nika biso̱ be̱se̱ jeno̱ so̱ babobe, ońola nika nde di madunano̱, di mawo̱no̱ pe̱.​— ; ombwa Maki 9 ."
fr,dua,"8 Satan a commencé une rébellion contre Jéhovah en poussant Adam et Ève à lui désobéir. Il voulait leur faire croire que Jéhovah mentait, qu’il était un mauvais chef et qu’il ne voulait pas leur bonheur. Satan affirmait que les humains n’ont pas besoin que Dieu leur dise ce qu’ils doivent faire. Il disait aussi qu’Adam et Ève devaient décider eux-​mêmes de ce qui est bien et de ce qui est mal. Comment Jéhovah allait-​il réagir ? Il aurait pu tuer les rebelles pour mettre fin à cette rébellion. Mais cela aurait-​il prouvé que Satan est un menteur ? Non !","8 Satan a botedi nde pamo te̱nge̱ne̱ Yehova ponda a tute̱le̱no̱ Adam na Eva o kwe̱me̱ Loba. A puli ná Adam na Eva ba dube̱ ná Yehova e nde mot’a mpoṅ, mwaned’a bobe nu si puli bwam babu. Satan a ta nde a pula kwala ná bato ba si be̱n ńo̱ngi ná Loba a langweye babo̱ nje bangame̱nno̱ o bola, na ná Adam na Eva ba no̱nge bedomsedi ońola babo̱me̱ne̱ ba nje ye bwam na bobe. Nje so̱ Yehova a tano̱ angame̱ne̱ o bola e? A wusa bwa bapamo be̱se̱ o bo̱le̱ pamo. Nde nika e wusa so̱ o lee̱le̱ ná Satan e nde mot’a mpoṅ e? Ke̱m."
fr,dua,"9 Jéhovah n’a donc pas tué les rebelles tout de suite. Il a laissé du temps aux humains pour qu’ils se dirigent eux-​mêmes. Cela permettrait de prouver que Jéhovah sait ce qu’il y a de mieux pour les humains et que Satan est un menteur. Le chapitre 11 parle de tout cela en détail. Mais que pensez-​vous de la décision d’Adam et Ève ? Ont-​ils bien fait de croire Satan et de désobéir à Jéhovah ? Jéhovah leur avait tout donné : une vie parfaite, un magnifique endroit pour vivre et un travail agréable. Par contre, Satan n’avait rien fait pour eux. À leur place, qu’auriez-​vous fait ?","9 Ońola nika, Yehova a si bo bapamo o di dibokime̱ne̱. O diwengisan, a boli bato ponda ná baneye babo̱me̱ne̱. Nika e me̱nde̱ lee̱le̱ ná bwē ná Satan e nde mot’a mpoṅ, na ná Yehova a bi nje ye bwam ońola bato. Di me̱nde̱ bata jokwa jombwea nika o Jokwa 11 . O mo̱nge̱le̱ so̱ ná nje jombwea bedomsedi Adam na Eva ba no̱ngino̱ e? Mo̱, e ta e te̱nge̱ne̱ ná ba dube̱ Satan nde ba kwe̱me̱ Loba e? Yehova nde a boli Adam na Eva mambo me̱se̱ ba tano̱ ba be̱ne̱. A boli babo̱ longe̱ le ke̱nge̱nge̱, mudo̱led’a wum’a boja, na ebolo yena ba tano̱ ba bwane̱ muńe̱nge̱. Nde Satan a si boledi babo̱ lambo la bwam to̱ diwo̱. O be̱ te̱ o epol’abu, nje o wusano̱ bola e?"
fr,dua,"10 Aujourd’hui, nous avons tous un choix à faire, comme Adam et Ève. Ce choix est une question de vie ou de mort. Nous pouvons choisir Jéhovah comme Chef et prouver que Satan est un menteur. Ou bien nous pouvons choisir Satan comme chef ( ; lire ). Très peu de gens obéissent à Dieu. En fait, Dieu n’est pas le chef du monde. Mais si ce n’est pas Dieu, qui est-​ce ?","10 O nin we̱nge̱, je nde o mulemlem ma bete̱medi, mō̱ ńasu te̱ angame̱ne̱ o po̱so̱; longe̱ lasu pe̱ di se̱medi nde o be bepo̱sedi. Je ná di po̱so̱ o sengane̱ Yehova ka Mwaned’asu ná di lee̱le̱ ná Satan e nde mot’a mpoṅ. To̱so̱ je ná di po̱so̱ Satan ka mwaned’asu. ( ; langa .) Ngus’a bato o nin wase nde ba masengane̱ Loba. Mbale̱ ńe nde ná, seto̱ mo̱ nde e mwaned’a wase. Ye so̱ te̱ ná seto̱ Loba, ke̱ nja so̱ e mo̱ e?"
fr,dua,"11 Jésus savait qui est le chef du monde. Un jour, Satan lui ‘a montré tous les royaumes du monde et leur gloire’. Puis il lui a promis : « Toutes ces choses, je te les donnerai si tu tombes à genoux et fais envers moi un acte d’adoration » ( ). Si tous ces royaumes ne lui appartenaient pas, aurait-​il pu les offrir à Jésus ? Non. Tous les gouvernements appartiennent donc à Satan.","11 Yesu a ta a bia nja nu maneye̱ wase na mbale̱. Buńa bō̱, Satan “a lee̱le̱ mo̱ bekombo ba wase be̱se̱ n’edub’abu.” Na Satan a kakane̱ Yesu ná: “Na mabola wa man me̱se̱, yete̱na o nungam wase, wowe̱ mba.” ( ) Baise̱ o wame̱ne̱ ná, ‘Satan a si be̱ te̱ mube̱ned’a ma manea, a wusa o bola mo̱ Yesu ka jabea e?’ Ke̱m. Manea ma wase me̱se̱ me nde ma Satan."
fr,dua,"12 Vous vous dites peut-être : « Satan ne peut pas être le chef du monde ! C’est quand même Jéhovah, le Dieu Tout-Puissant, qui a créé l’univers ! » ( ). C’est vrai, Jéhovah est le Créateur. Mais Jésus a été clair : il a appelé Satan « le chef du monde » ( ). L’apôtre Paul a appelé Satan « le dieu de ce monde » ( ). Et l’apôtre Jean a écrit que « le monde entier se trouve au pouvoir du méchant » ( ).","12 We ná o baise̱ o wame̱ne̱ ná: ‘Ne̱ni Satan eno̱ ná a be̱ mwaned’a nin wase e? Seto̱ Yehova Loba la Ngum nde a weki mo̱ń na wase e?’ ( ) E, mo̱ nde a weki, nde Yesu a bele̱ Satan na bwē ná “mwaned’a nin wase.” ( ) Ńamuloloma Paulo a bele̱ Satan Diabolo ná “loba la mun mundi ma wase,” nika ńe nde yen ebe̱yed’a mambo. ( ) Ńamuloloma Yohane pe̱ a tili ná “wase ńe̱se̱ ńe owas’a ngiń’a [“ńabobe,” NW ].”​— ."
fr,dua,"13 Le monde devient de plus en plus dangereux. Partout, il y a des guerres, de la violence, de la corruption et de l’hypocrisie. Les humains font beaucoup d’efforts pour régler ces problèmes, mais ils n’y arrivent pas. Bientôt, pendant la guerre d’Armaguédon, Dieu va détruire ce monde méchant. Il va le remplacer par un monde nouveau et juste ( ) (voir la note n o 10 ).","13 Nin wase e mabenga nde be̱ bobe mo̱ na mo̱. Di me̱ne̱ bila, mate̱ki, itaba, na njo wuma ye̱se̱. Bato ba titi ná ba bo̱le̱ yin ndutu ye̱se̱, to̱ ba we̱ nde ne̱ni. Nde son a ponda, Loba a mala ńamse̱ nin was’a bobe o bila bao bo belabe̱ ná Armagedon, a wana was’a peńa ńa te̱me̱ la sim ni matimbane̱ mo̱.​— ; ombwa Maki 10 ."
fr,dua,"14 Jéhovah a choisi Jésus pour être le Roi de son royaume, c’est-à-dire de son gouvernement au ciel (voir la note n o 11 ). Il y a des milliers d’années, la Bible a annoncé que Jésus serait le « Prince de paix » et que ce gouvernement existerait pour toujours ( ). Jésus a appris à ses disciples à prier pour ce gouvernement de cette façon : « Que ton royaume vienne. Que ta volonté se fasse sur la terre, comme au ciel » ( ). Comme nous le verrons au chapitre 8 , le royaume de Dieu remplacera tous les gouvernements humains ( lire ). Puis il transformera la terre en paradis.","14 Yehova a po̱si Yesu Kristo o be̱ Kiṅ’a Janea lao lena di boki nde o mo̱ń. Ye we̱nge̱ etum a lokoli la mbu Bibe̱l e bīse̱no̱ ná Yesu a me̱nde̱ o janea ka “Mwaned’a Musango” na ná janea lao di si me̱nde̱ be̱ne̱ su tom! ( ) Yesu okwe̱le̱ bokwedi bao o kane̱ ońola din janea ponda a kwalino̱ ná: “Janea lo̱ngo̱ di ye. Jemea lo̱ngo̱ di bolabe̱ o wase kana o mo̱ń.” ( ) O Jokwa 8 , di me̱nde̱ je̱ne̱ ne̱ni Janea la Loba di me̱nde̱no̱ o timbane̱ manea ma wase. (Langa .) Ombusa nika nde Janea la Loba di me̱nde̱no̱ timbise̱le̱ wase ńe̱se̱ mudo̱led’a paradisi.​—Ombwa Maki 11 ."
fr,dua,"15 La Bible promet : « Nous attendons un nouveau ciel et une nouvelle terre dans lesquels habitera la justice » ( ). La Bible utilise parfois le mot « terre » pour parler des personnes qui vivent sur la terre ( ). La « nouvelle terre » juste, ce sont donc tous les humains qui obéissent à Dieu et qu’il bénit.","15 Bibe̱l e kakan ná: “Di menge̱le̱ mo̱ń a peńa na was’a peńa, bena oten nde te̱me̱ la sim di majano̱.” ( ) Ponda iwo̱ Bibe̱l e mabolane̱ eyal’a “wase” o pula kwalea ońola bato ba benama ba maje̱ o wase. ( ) “Was’a peńa” so̱ ńa te̱me̱ la sim ńe nde bato ba benama be̱se̱ ba masengane̱ Loba, bena ba namsabe̱ pe̱ na mo̱."
fr,dua,"16 Jésus a promis que les humains qui vivraient dans le monde nouveau recevraient la « vie éternelle » ( ). Que doit-​on faire pour recevoir ce cadeau ? Pour le savoir, lisez et . Voyons ce que la Bible dit sur la vie dans le paradis sur la terre.",16 Yesu a kakan ná be̱se̱ bena ba me̱nde̱ be̱ longe̱ o was’a peńa ńa Loba ba me̱nde̱ kusa “longe̱ la bwindea.” ( ) Nje jangame̱nno̱ bola ná di kuse din jabea e? Son langa na ná o so̱ jalabe̱. Jombweye so̱ tatan nje Bibe̱l e malangweano̱ biso̱ jombwea ne̱ni longe̱ di me̱nde̱no̱ be̱ o Paradisi o wase.
fr,dua,"17 Il n’y aura plus de méchanceté, ni de guerres, ni de crimes, ni de violence. Il n’y aura plus aucune personne méchante sur la terre ( ). Dieu ‘mettra fin aux guerres’ ( ). La terre sera remplie d’humains qui aiment Dieu et qui lui obéissent. Il y aura la paix pour toujours ( ).","17 Bobe, bila, ebwan, na njo ba me̱nde̱ bo̱. Ńabobe to̱ mō̱ a si me̱nde̱ pe̱ be̱ o wase. ( ) Loba a “mabo̱le̱ bila nate̱na o su la wase.” ( ; ) Wase e me̱nde̱ londa na bato ba to̱ndi Loba, ba masengane̱ pe̱ mo̱. Musango mu me̱nde̱ be̱ o bwindea.​— ."
fr,dua,"18 Les humains seront en sécurité. Quand les Israélites obéissaient à Dieu, Dieu les protégeait et ils vivaient en sécurité ( ). Dans le paradis, nous n’aurons peur de rien ni de personne. Nous serons toujours en sécurité ( lire ).","18 Baboledi ba Yehova ba me̱nde̱ be̱ne̱ mbo̱le̱. O mińa ma Bibe̱l, Bonaisrael ba ta be̱ ba sengane̱ te̱ Loba, ba mabe̱ne̱ mbo̱le̱ ońolana a ta be̱ a tata babo̱. ( ) O Paradisi, di si me̱nde̱ bwa to̱ lambo to̱so̱ to̱ moto bo̱ngo̱. Di me̱nde̱ be̱ne̱ mbo̱le̱ ponda ye̱se̱!​— Langa ."
fr,dua,"19 Il y aura de la nourriture en grande quantité. « Les céréales abonderont sur la terre » et « sur le sommet des montagnes » ( ). Jéhovah, « notre Dieu, nous bénira » et la terre produira de la nourriture ( ).","19 Tut’a da e me̱nde̱ be̱. “Mbasi i tute o ekombo nate̱na o sas’a mudongo!” ( ) Yehova, ‘Loba lasu a me̱nde̱ o namse̱ biso̱,’ na ná ‘mińangadu pe̱ mi me̱nde̱ bola muto̱nde̱ mao.’​— ."
fr,dua,20 Toute la terre deviendra un paradis. Les humains auront de belles maisons et de beaux jardins ( lire ). La terre entière sera aussi belle que le jardin d’Éden. Jéhovah nous donnera toujours tout ce qu’il nous faut. La Bible dit de lui : « Tu ouvres ta main et tu combles le désir de toute créature vivante » ( ).,"20 Wase ńe̱se̱ e me̱nde̱ timba paradisi. Bato ba me̱nde̱ be̱ne̱ milongi na myōnda ma mbonji ma mpesa. (Langa .) Wase ńe̱se̱ e me̱nde̱ o do̱lo̱ mulemlem ka ne̱ni te̱ mōnda ma Ede̱n mu tano̱. Yehova a me̱nde̱ bola biso̱ o ponda ye̱se̱ to̱ nje di be̱nno̱ ńo̱ngi. Bibe̱l e makwala jombwea mo̱ ná: “O matele̱ dia, na wa wulise̱ be̱se̱ be longe̱ kaponda mpuli mabu.”​— ."
fr,dua,21 Il y aura la paix entre les humains et les animaux. Les animaux ne feront plus de mal aux humains. Les petits enfants pourront s’approcher sans risque des animaux qui sont dangereux aujourd’hui ( lire ).,21 Musango mu me̱nde̱ be̱ oteten a bato na ńama. Ńama i si me̱nde̱ pe̱ je̱nse̱ moto sese. Bana basadi ba me̱nde̱ be̱ mbo̱le̱ to̱ oteten a ńama i kwań we̱nge̱.​— Langa .
fr,dua,"22 Personne ne sera malade. Quand Jésus était sur la terre, il a guéri beaucoup de gens ( ). Mais dans son rôle de Roi du royaume de Dieu, il guérira tous les humains. Personne ne dira plus jamais : « Je suis malade » ( ).","22 To̱ moto a si me̱nde̱ pe̱ boa. Ponda Yesu a tano̱ o wase, a bo̱lise̱ jita la bato. ( ) Nde, ka Kiṅ’a Janea la Loba, Yesu a me̱nde̱ o bo̱lise̱ moto te̱. To̱ moto a si me̱nde̱ pe̱ kwala ná: “Na si jai bwam.”​— ."
fr,dua,23 Les morts reviendront à la vie. Dieu promet de ressusciter des millions de gens. « Il va y avoir une résurrection tant des justes que des injustes » ( lire ).,23 Bawedi ba me̱nde̱ pe̱te̱ be̱ longe̱. Loba a kakan ná a me̱nde̱ pumbwe̱le̱ lodun la bato lo wedi. “Bepumbwedi ba bate̱m na sim na basite̱m na sim be me̱nde̱ be̱.”​— Langa .
fr,dua,"24 Nous avons tous un choix à faire. Nous pouvons apprendre à connaître Jéhovah et faire ce qu’il veut. Ou bien nous pouvons faire ce que nous voulons. Si nous choisissons de faire ce que Jéhovah veut, nous aurons un avenir merveilleux. Un jour, un homme a demandé à Jésus de se souvenir de lui après sa mort. Jésus lui a promis : « Tu seras avec moi dans le paradis » ( ). Dans les chapitres suivants, nous apprendrons plus de choses sur Jésus et nous découvrirons comment il va réaliser les très belles promesses de Dieu.","24 Biso̱ be̱se̱ jangame̱n o po̱so̱. Je ná di po̱so̱ jokwa bia Yehova na bolea mo̱, to̱so̱ je ná di bola nje di mapulano̱ bola. Di po̱si te̱ o bolea Yehova, nika ńena e lenea biso̱ kie̱le̱ ni maye̱ ńa betańsedi. Ponda moto mō̱ a baise̱no̱ Yesu ná a tate jo̱nge̱le̱ mo̱ ombusa kwed’ao, Yesu a kakane̱ mo̱ ná: “O mabe̱ na mba o Paradisi.” ( ) Di bate jokwa jombwea Yesu Kristo na ne̱ni pe̱ a me̱nde̱no̱ o londise̱ makaki ma betańsedi ma Loba."
fr,dua,"Si tous les royaumes du monde n’appartenaient pas à Satan, aurait-​il pu les offrir à Jésus ?","Satan a si be̱ te̱ mube̱ned’a manea ma wase me̱se̱, a wusa jabea mo̱ Yesu e?"
fr,dua,"DANS le monde, il y a beaucoup de gens célèbres. Vous connaissez peut-être le nom d’une personne célèbre. Mais ce n’est pas parce que vous connaissez son nom que vous la connaissez bien. Vous ne savez pas tout de sa vie ni qui elle est vraiment.",BATO bena ba biane̱ jita ba londi o mundi ma wase. Pondapo̱ o bi dina la moto mō̱ nu busi dina. Nde bia la dina lao buka te̱ di si mapula kwala ná o bi nja nu moto eno̱ bwambwam. Nika e si mapula pe̱ to̱ kwala ná o bi mambo me̱se̱ jombwea longe̱ lao to̱so̱ ne̱ni eno̱.
fr,dua,"2 Jésus Christ a vécu sur la terre il y a 2 000 ans (voir la note n o 12 ). Vous avez certainement entendu parler de lui. Mais la plupart des gens ne savent pas qui il était vraiment. Certaines personnes disent que c’était un homme bon. D’autres disent que c’était un prophète. D’autres encore croient qu’il est Dieu. Et vous, qu’en pensez-​vous ?","2 Yen ebe, o sengi ońola Yesu Kristo, to̱ná a tano̱ o mundi ma wase ye we̱nge̱ lambo ka 2 000 la mbu. Nde jita la bato di si bi njika pat’a moto Yesu a tano̱. Bō̱ ba makwala ná a ta nde mot’a bwam, bō̱ pe̱ ná a ta nde muto̱ped’a mudī, bape̱pe̱ pe̱ ba dube̱ ná e nde Loba. Wa pe̱ o mo̱nge̱le̱ ná nje e?​—Ombwa Maki 12 ."
fr,dua,"3 Il est important de connaître la vérité sur Jésus. Pourquoi ? La Bible répond : « Ceci signifie la vie éternelle : qu’ils apprennent à te connaître, toi, le seul vrai Dieu, et celui que tu as envoyé, Jésus Christ » ( ). Si vous connaissez la vérité sur Jéhovah et sur Jésus, vous pourrez vivre pour toujours dans le paradis sur la terre ( ). De plus, connaître Jésus vous sera utile dès maintenant. Jésus nous a montré comment vivre et comment agir avec les autres. Et il est le meilleur exemple qui soit ( ). Dans le chapitre 1 , nous avons appris la vérité sur Dieu. Dans ce chapitre, nous allons apprendre ce que la Bible enseigne sur Jésus.","3 Ye mweńa ná o bie mbale̱ jombwea Yesu. Ońola nje e? Bibe̱l e malangwea biso̱ ná: “Nde longe̱ la bwindea le nde ná ba bie wa, Loba la mbale̱ mō̱ me̱ne̱, na nu o lomno̱, Yesu Kristo.” ( ) E, o bi te̱ mbale̱ jombwea Yehova na Yesu, we ná o be̱ longe̱ o bwindea o paradisi o wase. ( ) Bia la Yesu pe̱ di me̱nde̱ jongwane̱ wa ońolana e nde eyembilan e buki be̱se̱ ya ne̱ni die̱le̱ longe̱, na njika bedangwedi be̱ne̱ o mbasanedi ma bane̱. ( ) O Jokwa 1 , joko mbale̱ jombwea Loba. Tatan di mala jokwa nje Bibe̱l e mokwe̱le̱no̱ jombwea Yesu."
fr,dua,"4 De nombreuses années avant la naissance de Jésus, Jéhovah avait promis qu’il enverrait le Messie, ou le Christ, sur la terre. « Messie » vient d’un mot hébreu et « Christ » vient d’un mot grec. Ces titres veulent dire « oint », c’est-à-dire choisi par Dieu pour un rôle particulier. Grâce au Messie, toutes les promesses de Jéhovah se réaliseront.","4 Etum a mimbu oboso ná Yesu a mayabe̱, Yehova a ta a kakane̱ o Bibe̱l ná a me̱nde̱ loma Mesia, to̱so̱ Kristo. Eyal’a “Mesia” e mawa nde o bwambo ba Bonahebe̱r, eyal’a “Kristo” pe̱ o bwambo ba Grikia. Ben beto̱ti bebane̱ be ta nde be pula kwala ná Loba a me̱nde̱ po̱so̱ Mesia ńa dikaki, a bola pe̱ mo̱ epol’a tobotobo. Mesia a me̱nde̱ londise̱ makaki ma Loba me̱se̱. Yesu e ná ongwane̱ wa o nin tatan. Nde oboso ná Yesu a mayabe̱, bato jita ba baise̱ na babo̱me̱ne̱ ná, ‘Nja nu me̱nde̱ be̱ Mesia e?’"
fr,dua,"5 Les disciples de Jésus étaient sûrs que Jésus était le Messie ( ). Par exemple, l’apôtre Pierre lui a dit : « Tu es le Christ » ( ). Et nous, comment pouvons-​nous être sûrs que Jésus est le Messie ?","5 Bokwedi ba Yesu ba si ta ba be̱ne̱ penda to̱ po̱ ná mo̱ nde a ta Mesia ńa dikaki. ( ) K’eyembilan, Simon Petro a kwalane̱ Yesu ná: “Wa we nde Kristo.” ( ) Ne̱ni jeno̱ ná di be̱ mbaki ná Yesu nde e Mesia e?"
fr,dua,"6 Longtemps avant la naissance de Jésus, les prophètes de Dieu ont donné beaucoup de détails sur le Messie pour que les gens puissent le reconnaître. Prenons un exemple : On vous demande d’aller chercher dans un aéroport plein de monde une personne que vous n’avez jamais rencontrée. Si on vous décrit cette personne, vous pourrez la reconnaître. De la même façon, Jéhovah s’est servi de ses prophètes pour nous donner des détails sur ce que le Messie ferait et sur ce qui lui arriverait. La réalisation de toutes ces prophéties aide les gens sincères à comprendre que Jésus est le Messie.","6 Etum a ponda oboso ná Yesu a mayabe̱, bato̱pedi ba mudī ba Loba ba tili mambo jita mena ma ta mangame̱ne̱ o jongwane̱ bato o so̱ Mesia. Ne̱ni nika e wusano̱ jongwane̱ e? Dutea te̱ ná ba baise̱ wa ná wale no̱ngo̱ moto ńena o se̱nno̱ to̱ buńa o wum’a ndio. We nde ná o we̱le̱ so̱ mo̱ yete̱na moto a tele̱ye̱ wa ná te̱ite̱i ne̱ni a me̱ne̱ne̱no̱. Mulemlem pe̱ nde Yehova a bolane̱no̱ bato̱pedi ba mudī o langwea biso̱ nje Mesia a me̱nde̱no̱ bola na nje e me̱nde̱ po̱ye̱ mo̱. Belondisedi ba ben bedinge̱ be̱se̱ be mongwane̱ bato ba milema misibi o bia ná Yesu nde e Mesia."
fr,dua,"7 Voici deux prophéties au sujet du Messie : 1) Le prophète Michée a annoncé 700 ans à l’avance que le Messie allait naître dans la petite ville de Bethléem ( ). Et c’est là que Jésus est né ! ( ). 2) Le prophète Daniel a annoncé que le Messie arriverait en l’année 29 ( ) (voir la note n o 13 ). Ces deux prophéties, comme beaucoup d’autres prophéties, prouvent que Jésus est le Messie promis.","7 Bedinge̱ beba ben oteten a be be bīsabe̱. Yaboso, 700 ba mbu oboso ná Yesu a mayabe̱, Mika a bīse̱ ná Mesia a me̱nde̱ o yabe̱ o son a mundi ma Betlehem. ( ) Oten pe̱ nde Yesu a yabe̱no̱! ( ) E londe̱ beba, Daniel a bīse̱ ná Mesia a me̱nde̱ nde o je̱ne̱ne̱ o mbu ma 29 P.A. (Pond’Asu) ( ) Bedinge̱ beba ben buka te̱ oteten a jita bena be mabole̱ mboṅ ná bwē ná Yesu nde e Mesia ńa dikaki.​—Ombwa Maki 13 ."
fr,dua,"8 Jéhovah a fait savoir très clairement que Jésus était le Messie. Il avait promis à Jean le Baptiseur de lui donner un signe pour l’aider à reconnaître le Messie. Jean a vu ce signe au moment du baptême de Jésus. En l’année 29, Jésus a demandé à Jean de le baptiser dans un fleuve, le Jourdain. La Bible raconte ce qui s’est passé : « Après avoir été baptisé, Jésus remonta immédiatement de l’eau. Alors le ciel s’ouvrit, et il vit l’esprit de Dieu descendre comme une colombe et venir sur lui. De plus, une voix venant du ciel dit : “Voici mon Fils, le bien-aimé, qui a mon approbation” » ( ). Quand Jean a vu et entendu ce signe, il a compris que Jésus était le Messie ( ). Ce jour-​là, quand Jéhovah a fait venir son esprit sur Jésus, Jésus est devenu le Messie. Il était celui que Jéhovah avait choisi pour être Guide et Roi ( ).","8 Yehova a lee̱le̱ ná bwē ná Yesu nde e Mesia. Loba a ta a kakane̱ o bola Yohane Mudubisedi eyemban ná a bie nja ńe Mesia. Ponda Yesu a po̱ino̱ na Yohane o Mo̱pi ma Yordan ná a dubisabe̱ o mbu ma 29 P.A., Yohane e̱n y’eyemban. Bibe̱l e malangwea biso̱ nje e tombi: “Niponda Yesu a dubisabe̱no̱, na mo̱ a wa o madiba dibokime̱ne̱; nde ombwa, mo̱ń i ta i telame̱, na mo̱ e̱ne̱ mudī ma Loba mu masiba ka mbenga, mu po̱ omo̱ń ao. Nde ombwa, doi di ta di wa o mo̱ń, di kwala ná: Nun nde e Mun’am ńa ndolo na do̱lisanno̱.” ( ) Ponda Yohane e̱nno̱ yen eyemban, a senga pe̱ doi, a so̱ṅtane̱ ná Yesu nde e Mesia. ( ) O bo buńa, ponda Yehova o̱kise̱no̱ mo̱ na mudī mao, nde Yesu a timbino̱ Mesia. Mo̱ nde a ta nu Loba a po̱sino̱ o be̱ Mudiedi na Kiṅe̱.​— ."
fr,dua,"9 Les prophéties de la Bible, ce que Jéhovah a dit et le signe qu’il a donné au moment du baptême de Jésus prouvent que Jésus est le Messie. Mais d’où Jésus venait-​il ? Comment était-​il ? Voyons ce que la Bible dit.","9 Bedinge̱ ba Bibe̱l, byala ba Yehova mo̱me̱ne̱, na eyemban a bolino̱ o ponda dubise̱ la Yesu, ben be̱se̱ be boli mboṅ ná Yesu nde e Mesia. Nde owe̱ni Yesu a wuno̱, na njika pat’a moto a tano̱ e? Jombweye nje Bibe̱l e makwalano̱."
fr,dua,"10 La Bible enseigne qu’avant de venir sur la terre, Jésus a vécu au ciel pendant longtemps. Michée a dit que le Messie existait depuis les « temps anciens » ( ). Et Jésus a dit plusieurs fois qu’il avait vécu au ciel avant d’être un humain ( lire et ). Déjà avant que Jésus vienne sur la terre, les liens qui l’unissaient à Jéhovah étaient uniques et très forts.","10 Bibe̱l e mokwe̱le̱ ná Yesu a se̱le̱ be̱ longe̱ o mo̱ń etum a ponda bwaba oboso ná a mayabe̱ o wase. Mika a kwali ná mbond’a Mesia e botedi nde “nate̱na kwaṅ, o koba na ngindi.” ( ) Yesu mo̱me̱ne̱ pe̱ a kwali ngedi jita ná a se̱le̱ nde be̱ longe̱ o mo̱ń obiana a mayabe̱ o wase ka moto. ( Langa .) To̱ mo̱me̱ne̱ obiana a mapo̱ o wase, Yesu a ta a mábe̱ne̱ mulatako ma tobotobo na Yehova."
fr,dua,"11 Jéhovah aime beaucoup Jésus parce qu’il l’a créé en premier. C’est pourquoi Jésus est appelé « le premier-né de toute création » ( ). De plus, Jéhovah aime beaucoup Jésus parce que Jésus est le seul qu’il a créé directement. C’est pourquoi Jésus est appelé le « Fils unique » * ( ). Jésus est aussi le seul que Jéhovah a utilisé pour créer toutes les autres choses ( ). Et il est le seul qui est appelé « la Parole ». Il est appelé comme cela parce que Jéhovah l’a utilisé pour transmettre des messages et des instructions aux anges et aux humains ( ).","11 Yesu e Yehova tiki jita. Ońola nje e? Ońolana Yehova a weki mo̱ oboso ná a maweka bene̱ bewekedi be̱se̱ ná bam. Ońola nika nde Yesu a mabelabe̱no̱ ná “mun’a boso o bewekedi be̱se̱.” * ( ) Yesu e pe̱ Yehova tiki ońolana mo̱ nde e mu mpo̱m m’ewekedi Yehova a wekino̱ esibe̱ jongwane̱. Ońola nika nde a belabe̱no̱ ná ‘mpo̱m ma Muna.’ ( ) Yesu mo̱me̱ne̱ mō̱ pe̱ nde Yehova a bolane̱no̱ o weka mane̱ mambo me̱se̱. ( ) Yesu mo̱me̱ne̱ mō̱ pe̱ nde a mabelabe̱ ná “Eyala,” ońolana Yehova a bolane̱ mo̱ o tombe̱le̱ ange̱l na bato mye̱ndi na byanedi bao.​— ."
fr,dua,"12 Certains croient que Jésus et Dieu sont la même personne (voir la note n o 14 ). Mais ce n’est pas ce que la Bible enseigne. Elle dit que Jésus a été créé. Il a donc eu un commencement. Mais Dieu, qui a tout créé, n’a pas eu de commencement ( ). Jésus, le Fils de Dieu, n’a jamais essayé de prendre la place de son Père. D’après la Bible, le Père est plus grand que le Fils ( lire ). Jéhovah est le seul « Dieu Tout-Puissant » ( ). Il est la personne la plus importante et la plus puissante de l’univers.","12 Bato bō̱ ba dube̱ ná Yesu na Loba be nde mulemlem ma moto. Nde seto̱ nika nde Bibe̱l e mokwe̱le̱no̱. Bibe̱l e makwala ná Yesu a wekabe̱; nika e mapula o kwala ná a be̱n bebotedi. Nde Yehova, nu weki me̱se̱, a si be̱n bebotedi. ( ) Yesu, Mun’a Loba, a si bolane̱ to̱ buńa jo̱nge̱le̱ la be̱ kapo̱ na Loba. Bibe̱l e mokwe̱le̱ ná se̱ṅse̱ṅ ná Tete̱ a buki Muna. (Langa .) Yehova mo̱me̱ne̱ mō̱ nde e ‘Loba la Ngum.’ ( ) Mo̱ nde asame̱ buka be̱se̱, a be̱ne̱ pe̱ ngińa buka to̱ nja nde o mo̱ń na o wase.​—Ombwa Maki 14 ."
fr,dua,"13 Avant la création du ciel et de la terre, Jéhovah et Jésus ont travaillé ensemble pendant des milliards d’années. Un amour très fort s’est développé entre eux pendant tout ce temps ! ( ). Jésus a si bien imité les qualités de son Père que la Bible l’appelle « l’image du Dieu invisible » ( ).","13 Yehova na Mun’ao, Yesu, ba boli ebolo mwemba lokoli la lodun la mimbu oboso ná wase na mo̱ń ba mawekabe̱. Ye̱ke̱i te̱ ba ta ba to̱ndo̱ne̱le̱ mō̱ na nune̱ eyeka! ( ) Yesu embilane̱ bede̱mo ba sango bwam bwambi kańena Bibe̱l e mabele̱no̱ mo̱ ná “bowan ba Loba nu si me̱ne̱ne̱.”​— ."
fr,dua,14 Jésus a été prêt à quitter le ciel et à devenir un humain. Comment cela a-​t-​il été possible ? Jéhovah a fait un miracle : il a mis la vie de son Fils dans le ventre d’une femme vierge qui s’appelait Marie. Jésus n’a donc pas eu besoin d’un père humain. Marie a donné naissance à un fils parfait. Elle l’a appelé Jésus ( ).,"14 Mun’a Yehova ńa tiki emedi o jese̱le̱ mo̱ń ná a yabe̱ o wase ka mot’a benama. Ne̱ni nika e we̱lino̱ be̱ e? O mbad’a betańsedi, Yehova a tombe̱le̱ longe̱ la Mun’ao o esal’a ngo̱ndedi ni si ta ni mabie̱ mome, ni belabe̱ ná Maria. Ońola di tombe̱le̱, Yesu a si ta a be̱ne̱ ńo̱ng’a sango ń’eyobo. Maria a yai so̱ nde muna nu ta ná ke̱nge̱nge̱, a bele̱ mo̱ ná Yesu.​— ."
fr,dua,"15 Les livres de Matthieu, de Marc, de Luc et de Jean sont appelés les Évangiles. En les lisant, vous apprendrez beaucoup de choses sur Jésus, sur sa vie et sur ses qualités. Jésus a dit : « Celui qui m’a vu a vu le Père aussi » ( ). Jésus a dit cela parce qu’il ressemble beaucoup à son Père. Ce que vous lisez sur Jésus vous aidera donc à mieux connaître Jéhovah.","15 We ná wokwa jita jombwea Yesu, longe̱ lao, na bede̱mo bao tongwea na kalat’a Bibe̱l ya Mateo, Marko, Lukas na Yohane. Yi kalati i belabe̱ ná kalat’a Myango ma Bwam. Kana Yesu eno̱ bowan ba Sango, nje o malangano̱ jombwea mo̱ e mongwane̱ pe̱ wa o bata bia nja ńe Yehova. Ońola nika nde Yesu a kwalino̱ ná: “Nu ńe̱n mba e̱n nde Tete̱.”​— ."
fr,dua,"16 Beaucoup de gens appelaient Jésus « Enseignant » ( ). Une des choses les plus importantes qu’il a enseignées était « la bonne nouvelle du Royaume ». Qu’est-​ce que ce royaume ? C’est un gouvernement qui est au ciel et que Dieu utilisera pour diriger la terre. Ce gouvernement apportera des bienfaits aux humains qui obéissent à Dieu ( ). Tout ce que Jésus a enseigné venait de Jéhovah. Jésus a dit : « Ce que j’enseigne n’est pas de moi, mais de celui qui m’a envoyé » ( ). Il savait que Jéhovah voulait que les gens entendent cette bonne nouvelle : le royaume de Dieu dirigera la terre.","16 Bato jita ba ta be̱ ba bele̱ Yesu ná “Mulēdi.” ( ) Lambo la mweńa di buki me̱se̱ okwe̱le̱no̱ di ta nde “myango ma bwam ma Janea.” Nje ye di Janea e? Le nde janea la Loba lena di me̱nde̱ janeye̱ wase ńe̱se̱ la mo̱ń, na wanea pe̱ mbel’a moto ni masengane̱ Loba minam. ( ) Mambo me̱se̱ Yesu okwe̱le̱no̱ ma wu nde na Yehova. Yesu a kwali ná: “Belēdi bam be titi bam, be nde ba nu nu lom mba.” ( ) Yesu a ta a bia ná Yehova a mapula ná bato ba senge myango ma bwam me nde ná Janea la Loba di me̱nde̱ o janea wase ńe̱se̱."
fr,dua,"17 Où Jésus enseignait-​il les gens ? Partout où il les trouvait : chez eux, dans les fermes, dans les villes, dans les villages, sur les marchés et dans les lieux de culte. Il n’attendait pas que les gens viennent vers lui. Souvent, il allait vers eux ( ). Jésus a fait beaucoup d’efforts pour les enseigner. Et il a passé beaucoup de temps à prêcher. Pourquoi ? Parce qu’il savait que c’était ce que Dieu voulait et parce qu’il obéissait toujours à son Père ( ). Jésus prêchait aussi parce qu’il avait pitié des gens ( lire ). Il voyait bien que les chefs religieux n’enseignaient pas la vérité sur Dieu et sur son royaume. Et il voulait que le plus de gens possible entendent la bonne nouvelle.","17 O njika bepolo Yesu a tano̱ okwe̱le̱ e? Wuma te̱ a tano̱ a bomane̱ bato. Okwe̱le̱ ombusa mundi, o mindi misadi na minde̱ne̱, o madon, o bepolo ba jowe̱ na o mamboa ma bato. A si ta enge̱le̱ ná bato ba ye na mo̱. Mo̱ nde a ta be̱ ala bomane̱ babo̱. ( ) Yesu a tuse̱ ńolo, a bolane̱ pe̱ ponda eyeka nikame̱ne̱ pe̱ na ngudi o jokwe̱le̱ bato. Ońola nje e? Ońolana a ta a bia ná Loba a ta a pula ná a bole nika, na ná a ta pe̱ a sengane̱ Sango ponda ye̱se̱. ( ) Yesu a te̱ pe̱ dikalo ońolana a ta a bwea bato ndedi. (Langa .) A ta e̱ne̱ ná badiedi ba bebasi ba si ta ba lee̱ mbale̱ jombwea Loba na Janea lao. Ońola nika nde a tano̱ a pula jongwane̱ jita la bato ná ba senge myango ma bwam."
fr,dua,"18 Jésus aimait les gens et il s’intéressait à eux. Il était gentil et c’était facile de lui parler. Même les enfants aimaient être avec lui ( ). Jésus était toujours juste. Il détestait la corruption et l’injustice ( ). À son époque, les femmes n’étaient pas respectées et elles n’avaient pas beaucoup de droits. Mais Jésus avait toujours du respect pour elles ( ). Jésus était aussi vraiment humble. Par exemple, un soir, il a lavé les pieds de ses apôtres. Pourtant, d’habitude, c’était le travail des serviteurs ( ).","18 Yesu a ta nde moto nu ta nu to̱ndo̱ bato, na nu ta pe̱ ńombwea babo̱. A ta muyao, a ta pe̱ mbadi beno̱ ná ba kwalisane̱ mo̱ na bo̱bise̱ la ńolo. Nate̱na mo̱me̱ne̱ bana basadi ba ta ba to̱ndo̱ be̱ na mo̱. ( ) Yesu a ta ńai nite̱m na sim o ponda ye̱se̱. A ta a singe̱ mate̱ki na si te̱me̱ la sim. ( ) O ponda Yesu, bito ba si ta ba be̱ne̱ bwam na mambo jita, ba si ta pe̱ to̱ ba bolabe̱ edube. Nde Yesu a ta be̱ ombwea bito n’edube o ponda ye̱se̱. ( ) Yesu a ta pe̱ sibise̱ la ńolo na mbale̱. K’eyembilan, ebiamu ewo̱, ou myende ma bokwedi bao, ebolo yena e ta nde m’bē̱ ma muboled’a mboa.​— ."
fr,dua,"19 Jésus savait de quoi les gens avaient besoin et il voulait les aider. Cela se voyait quand il utilisait la puissance de Dieu pour les guérir ( ). Par exemple, un jour, un lépreux a dit à Jésus : « Si tu le veux, tu peux me rendre pur. » En voyant sa souffrance, Jésus a eu pitié de lui et il a voulu l’aider. Il l’a touché et il lui a dit : « Je le veux ! Deviens pur. » Et le lépreux a été guéri ! ( ). Pouvez-​vous imaginer ce qu’il a ressenti ?","19 Yesu a ta a bia nje bato ba tano̱ ba be̱ne̱ ńo̱ngi na mbale̱; a ta pe̱ a pula jongwane̱ babo̱. Nika ńe̱ne̱ne̱ na bwē ponda a bolane̱no̱ ngińa Loba a bolino̱ mo̱ o bo̱lise̱ bato o mbad’a betańsedi. ( ) K’eyembilan, mot’a mulo̱ngo̱ mō̱ a ta a po̱ na Yesu, a kwala ná: “Wemedi te̱ we ná o sangise̱ mba.” Yesu a bo ndutu ońola sese na tak’a nu moto; a bwea mo̱ ndedi, a pula o jongwane̱ mo̱. Na Yesu a sambise̱ dia lao, a tapa nu moto, a kwala ná: “Nemedi, sanga!” Na muboedi a bo̱le̱! ( ) Dutea te̱ ne̱ni nu moto a sengino̱ o mulema!"
fr,dua,"20 Jésus est le meilleur exemple d’obéissance à Dieu. Même quand la situation était difficile ou quand ses ennemis lui faisaient du mal, il restait fidèle à son Père. Par exemple, quand Satan l’a tenté, il n’a pas péché ( Matthieu 4:1-11 ). Certains membres de sa famille ne croyaient pas qu’il était le Messie. Ils disaient qu’il était fou. Mais Jésus a continué de faire ce que Dieu voulait ( ). Quand ses ennemis le faisaient souffrir, il restait fidèle à Dieu et il n’essayait jamais de leur faire du mal ( ).","20 Yesu e nde eyembilan a bwam e buki be̱se̱ ya sengane̱ la Loba. A ta jemea na Sango, e be̱ o to̱ njika makekisan na o to̱ nje basingedi bao ba bolane̱no̱ mo̱. K’eyembilan, Yesu a si boli bobe, ponda Satan a kekise̱no̱ mo̱. ( Mateo 4:1-11 ) Belongi ba mbia ma Yesu bō̱ be si ta be dube̱ ná e nde Mesia, ba kwala na ná, “a maboa njou,” nde Yesu a bengi nde bola ebol’a Loba. ( ) Ponda basingedi bao ba bolane̱no̱ mo̱ njo, Yesu a bengi be̱ jemea na Loba, a si wasi o je̱nse̱ babo̱ sese.​— ."
fr,dua,"21 Avant sa mort, Jésus a beaucoup souffert. Mais il est resté fidèle à Jéhovah ( lire ). Pensez à tout ce qu’il a supporté le jour de sa mort. Il a été arrêté. Des gens l’ont accusé d’avoir insulté Dieu. Des juges corrompus l’ont condamné. Des foules se sont moquées de lui. Des soldats l’ont torturé et ils l’ont cloué sur un poteau. Juste avant de mourir, Jésus a crié : « Cela s’est accompli ! » ( ). Mais trois jours plus tard, Jéhovah a ressuscité Jésus et il lui a donné un corps spirituel, c’est-à-dire un corps comme celui des anges ( ). Quelques semaines après, Jésus est retourné au ciel et il « s’est assis à la droite de Dieu ». Ensuite, il a attendu que Dieu le fasse Roi ( ).","21 To̱ ponda Yesu a tano̱ angame̱ne̱ wo̱ kwed’a konjo, ńa sese, a bengi nde be̱ jemea na Yehova. (Langa .) Dutea te̱ nje ye̱se̱ a tano̱ angame̱n o lembe̱ buńa a wedino̱. A damabe̱le̱, mboṅ a lobango i bake̱le̱ mo̱ ná a to̱pi dibena, bakaisedi ba mate̱ke̱ ba bakwea mo̱ mbako a kwedi, mamuti ma yo̱ye̱ mo̱, bato ba bila ba túse̱ mo̱, ba bome̱le̱ mo̱ o ebongo. Ke̱ a ni patea, na mo̱ a kwala ná: “Me̱se̱ ma dom.” ( ) Mińa milalo ombusa kwed’a Yesu, Yehova a pumbwe̱le̱ mo̱, a bola mo̱ ńol’a mudī. ( ) Woki to̱ ininga ombusa ponda, Yesu a timbi o mo̱ń, “a ja o dia la mom la Loba,” na mo̱ enge̱le̱ natē̱ Loba a timbise̱le̱ mo̱ Kiṅe̱.​— ."
fr,dua,"22 Parce que Jésus est resté fidèle à son Père, nous avons la possibilité de vivre pour toujours dans le paradis sur la terre. C’est ce que Jéhovah veut. Dans le chapitre suivant, nous verrons pourquoi la mort de Jésus nous permet de vivre pour toujours.","22 Kana Yesu a tikino̱ be̱ jemea na Sango, mo̱ nde o nin we̱nge̱ jeno̱ ná di we̱le̱ be̱ne̱ longe̱ la bwindea o paradisi o wase, ka nje te̱ Yehova a kakanno̱. O jokwa di bupe̱, di me̱nde̱ kwalea ne̱ni tongwea na kwed’a Yesu jeno̱ ná di we̱le̱ be̱ne̱ longe̱ la bwindea."
fr,dua,^ § 11 La Bible dit que Jéhovah est un Père parce qu’il est le Créateur ( ). Jésus est appelé le Fils de Dieu parce que Jéhovah l’a créé. Les anges et Adam sont aussi appelés « fils de Dieu » ( ).,"^ par. 11 Yehova a mabelabe̱ ná Tete̱ ońolana e nde Muwekedi. ( ) Yesu a mabelabe̱ ná Mun’a Loba ońolana Yehova nde a weki mo̱. Ange̱l, nikame̱ne̱ pe̱ na moto Adam, ba mabelabe̱ ná bana ba Loba.​— ."
fr,dua,"Au moment de son baptême, Jésus est devenu le Messie, ou le Christ.","O buńa bao ba dubise̱, Yesu a timbi Mesia, to̱so̱ Kristo"
fr,dua,Jésus prêchait partout où il trouvait des gens.,Yesu a te̱ dikalo wuma te̱ a tano̱ a bomane̱ bato
fr,dua,"QUEL est le plus beau cadeau que vous ayez reçu dans votre vie ? Un cadeau n’a pas besoin de coûter cher pour avoir de la valeur. Quand un cadeau vous fait très plaisir ou quand vous en avez vraiment besoin, vous l’appréciez beaucoup.","NJIKA jabea di buki me̱se̱ o tano̱ o mákusa e? Jabea di titi eto̱m o be̱ diye̱ nde ná di be̱ wa tiki. Jabea di mabwese̱ te̱ wa muńe̱nge̱ to̱so̱ le te̱ lambo o to̱ndino̱ na mbale̱, o matimbise̱le̱ masoma ońol’ao."
fr,dua,"2 Dieu nous fait beaucoup de cadeaux. Mais il y a un cadeau dont nous avons particulièrement besoin. C’est le cadeau le plus précieux que Dieu a fait aux humains. Dans ce chapitre, nous apprendrons que Jéhovah a envoyé Jésus sur la terre pour que nous puissions vivre pour toujours ( lire ). En donnant Jésus en rançon, il a prouvé qu’il nous aime vraiment.","2 Oteten a mabea me̱se̱ Loba a bolino̱ biso̱, diwo̱ le lena di be̱nno̱ ńo̱ngi buka me̱se̱. Le nde jabea di buki me̱se̱ Loba a bolino̱ bato ba benama. Di me̱nde̱ je̱ne̱ o din jokwa ná Yehova a lom Mun’ao, Yesu Kristo, ná di we̱le̱ kusa longe̱ la bwindea. (Langa .) Yehova a lee̱le̱ ná a to̱ndi biso̱ na mbale̱ ponda a lomno̱ Yesu o wase ka diko̱ti."
fr,dua,"3 La rançon est le moyen que Jéhovah a prévu pour libérer les humains du péché et de la mort ( ). Pour comprendre pourquoi la rançon était nécessaire, nous devons savoir ce qui s’est passé il y a des milliers d’années dans le jardin d’Éden. Nos premiers parents, Adam et Ève, ont péché. Parce qu’ils ont péché, ils sont morts. Et nous mourons parce qu’ils nous ont transmis le péché (voir la note n o 9 ).","3 Diko̱ti le nde mwano ma Yehova o te̱se̱ mbel’a moto wonja na bobe na kwedi. ( ) Ná di so̱ṅtane̱ ońola nje e tano̱ e pula diko̱ti, jangame̱n bia nje e tombi o mōnda ma Ede̱n ye we̱nge̱ lokoli la mimbu. Bayedi basu baboso, Adam na Eva, ba kwedi o bobe. Kana ba kwedino̱ o bobe, ba wedi. Biso̱ pe̱ di mawo̱ ońolana di sango bobe bo wu na Adam na Eva.​—Ombwa Maki 9 ."
fr,dua,"4 Quand Jéhovah a créé le premier homme, Adam, il lui a donné quelque chose de très précieux : une vie parfaite. Adam avait une intelligence parfaite et un corps parfait. Il ne tombait jamais malade, il ne vieillissait pas et il ne devait pas mourir. Parce que Jéhovah avait créé Adam, il était comme un père pour lui ( ). Il lui parlait souvent. Il lui a clairement expliqué ce qu’il devait faire. Et il lui a donné un travail agréable ( ).","4 Ponda Yehova a wekino̱ mot’a boso, Adam, Loba a boli mo̱ lambo le tiki jita. A boli Adam longe̱ la ke̱nge̱nge̱. A ta a be̱ne̱ mo̱nge̱le̱ nikame̱ne̱ pe̱ na ńolo ba ta ke̱nge̱nge̱. A si wusa boa tom, duna tom, to̱ wo̱ tomtom. Kana Yehova a wekino̱ Adam, a ta nde mo̱ ka sango. ( ) Yehova a ta be̱ a kwalisane̱ mo̱ ponda te̱. Loba a langwedi Adam ná se̱ṅse̱ṅ nje a tano̱ engane̱ mo̱, a bola pe̱ mo̱ ebolo a tano̱ a bwane̱ muńe̱nge̱ o bola.​— ."
fr,dua,"5 Adam a été créé « à l’image de Dieu » ( ). Il a été créé avec des qualités comme celles de Dieu : par exemple l’amour, la sagesse, la justice et la puissance. Dieu lui a aussi donné la liberté de faire des choix. Adam n’était pas un robot. Il pouvait choisir de faire ce qui est bien ou ce qui est mal. S’il avait choisi d’obéir à Dieu, il aurait vécu pour toujours dans le paradis.","5 Adam a ta nde a wekabe̱ o “bowan ba Loba.” ( ) Yehova a boli mo̱ mulemlem ma bede̱mo kana bao, nikame̱ne̱ pe̱ na ndolo, dibie̱, te̱me̱ la sim na ngińa. A boli Adam wonj’a bepo̱sedi. Adam a si ta so̱ masin ma we̱le̱be̱ mudango ma bebolo ba mambo. Loba a weki mo̱ ńai a wusano̱ po̱so̱ o bola bwam to̱ bobe. Adam a po̱so̱ te̱ o sengane̱ Loba, a wusa ja o Paradisi o bwindea."
fr,dua,"6 Quand Adam a désobéi à Dieu, il a été condamné à mort. Il a perdu beaucoup de choses : son amitié exceptionnelle avec Dieu, sa vie parfaite et le paradis où il vivait ( ). Parce qu’Adam et Ève ont choisi de désobéir à Dieu, il n’y avait plus d’espoir pour eux. À cause de ce qu’Adam a fait, « le péché est entré dans le monde et par le péché la mort, et la mort s’est donc étendue à tous les hommes parce que tous avaient péché » ( ). Quand Adam a péché, il s’est « vendu » comme esclave au péché et à la mort. Et il nous a « vendus » comme esclaves en même temps que lui ( ). Y a-​t-​il un espoir pour nous ? Oui. Jéhovah a fourni une rançon !","6 Ponda a kwe̱mno̱ Loba a kusa pe̱ mbako a kwedi, Adam a bo̱lo̱ne̱ mambo ma si be̱n mususedi​—nika ńe nde mulatako mao ma tobotobo ma diko̱m na Yehova, longe̱ lao la ke̱nge̱nge̱, na Paradisi wum’ao ya boja. ( ) Adam na Eva ba po̱si o kwe̱me̱ Loba, ba si ta pe̱ so̱ ba be̱ne̱ dipita to̱ diwo̱. Ońola nje Adam a bolino̱, nde ‘bobe bo po̱ino̱ o wase, kwedi pe̱ ońola bobe, nika nde kwedi e tombedino̱ na bato be̱se̱, ońolana be̱se̱ ba boli bobe.’ ( ) Ponda Adam a bolino̱ bobe, ‘andise̱’ mo̱me̱ne̱ na biso̱ pe̱ o mukoma ma bobe na kwedi. ( ) Mo̱, dipita le ońol’asu e? E, dipita le."
fr,dua,"7 Qu’est-​ce qu’une rançon ? Une rançon est le prix à payer pour libérer quelqu’un ou pour racheter quelque chose. Dans la Bible, une rançon est aussi le prix à payer pour réparer des dégâts.","7 Nje ye diko̱ti e? Eyal’a diko̱ti e lati mambo maba. Laboso, diko̱ti le nde mususedi mu masawabe̱le̱ o te̱se̱ moto wonja to̱so̱ o ko̱to̱ lambo. Di londe̱ maba, diko̱ti le nde pú, mususedi mu makudumane̱, to̱so̱ mu masawe̱ lambo."
fr,dua,8 Adam a provoqué de très gros dégâts en péchant et en nous transmettant la mort. Aucun humain imparfait n’aurait pu fournir le prix à payer pour réparer ces dégâts. Mais Jéhovah a fourni le moyen de nous libérer du péché et de la mort. Voyons comment il a fourni la rançon et quelles bénédictions elle peut nous apporter.,8 Mot’a benama to̱ mō̱ a si wusa sawa ońola ni mbo̱lo̱n ninde̱ne̱ Adam a wanno̱ ponda a bolino̱ bobe bo lenedi biso̱ kwedi. Nde Yehova a bolane̱ mwano o te̱se̱ biso̱ wonja na bobe na kwedi. Jokwe te̱ ebolo diko̱ti di be̱nno̱ na ne̱ni leno̱ ná di wanea biso̱ tombwane̱.
fr,dua,9 Aucun de nous n’aurait pu payer la rançon. Pourquoi ? Parce que nous sommes tous imparfaits ( ). Et Adam avait perdu une vie humaine parfaite. La rançon devait donc être une autre vie humaine parfaite. C’est pour cela qu’elle est appelée « rançon correspondante » ( ). La rançon devait avoir la même valeur que la vie qu’Adam avait perdue.,"9 To̱ mō̱ ńasu a si wusa sawa diko̱ti ońola longe̱ la ke̱nge̱nge̱ Adam a bo̱lo̱ne̱no̱. Ońola nje nika e? Ońolana to̱ mō̱ ńasu a titi ke̱nge̱nge̱. ( ) Diko̱ti lena di ta langame̱ne̱ sawabe̱ di ta nde longe̱ la ke̱nge̱nge̱ dipe̱pe̱ la mot’a benama. Ońola nika nde di belabe̱no̱ ná “diko̱ti di te̱nge̱n.” ( , NW ) Diko̱ti di ta langame̱ne̱ be̱ kapo̱ na longe̱ Adam a bo̱lo̱ne̱no̱."
fr,dua,"10 Comment Jéhovah a-​t-​il fourni la rançon ? Il a envoyé sur la terre son Fils, qu’il aimait beaucoup et qu’il avait créé en premier ( ). Jésus a accepté de quitter son Père et le ciel, où il vivait ( ). Jéhovah a fait passer la vie de Jésus du ciel sur la terre. Quand Jésus est né, il était un humain parfait, sans péché ( ).","10 Ne̱ni Yehova a bolino̱ ná diko̱ti di be̱ e? Yehova a lom o wase Mun’ao ńe mo̱ tiki buka be̱se̱. Nu Muna, Yesu, nde a ta eweked’ao ya boso. ( ) Yesu emedi o dia Sango nikame̱ne̱ pe̱ na boja bao o mo̱ń. ( ) Yehova a tombe̱le̱ Yesu, jasumwe̱ o mo̱ń po̱ o wase, na Yesu a yabe̱ ka mot’a benama ńe ná ke̱nge̱nge̱, nu si sango bobe.​— ."
fr,dua,"11 Parce que le premier homme, Adam, a désobéi à Jéhovah, tous les humains ont perdu la possibilité d’avoir une vie parfaite. Mais un seul homme pourrait-​il libérer de la mort tous les descendants d’Adam ? Oui ( lire ). Jésus n’a jamais péché et il a donné sa vie parfaite en rançon ( ). Sa vie parfaite pouvait servir à libérer de la mort tous les descendants d’Adam ( ).","11 Ponda Adam, mot’a boso, a kwe̱mno̱ Yehova, a bo̱lo̱ne̱ longe̱ la ke̱nge̱nge̱ a wusano̱ tombe̱le̱ mbel’a moto ńe̱se̱. Mo̱, moto nupe̱pe̱ a wusa so̱ te̱se̱ mbot’a Adam ńe̱se̱ wonja na kwedi e? E. (Langa .) Yesu, ńena nu si boli bobe to̱ buńa, a boli longe̱ lao la ke̱nge̱nge̱ ka diko̱ti. ( ) Longe̱ lao la ke̱nge̱nge̱ di ta ńai di mate̱se̱no̱ mbot’a Adam ńe̱se̱ wonja na kwedi.​— ."
fr,dua,"12 La Bible explique que Jésus a beaucoup souffert avant de mourir. Il a été fouetté avec cruauté, il a été cloué sur un poteau et il a subi une mort lente et douloureuse ( ) (voir la note n o 15 ). Pourquoi fallait-​il que Jésus souffre autant ? Parce que Satan avait affirmé que, si un humain subissait de terribles épreuves, il ne resterait pas fidèle à Dieu. Jésus a prouvé qu’un homme parfait peut rester fidèle à Dieu même quand il souffre beaucoup. Jéhovah a dû être très fier de Jésus ! ( ).","12 Bibe̱l e mabola beteledi ba njika take Yesu a takino̱ obiana a mawo̱. A dipabe̱ diwopi na njo ńe̱se̱, a bomabe̱le̱ o ebongo, a da sese, denge̱ a mawo̱ kwed’a konjo. ( ) Ońola nje Yesu a tano̱ angame̱ne̱ taka nin take ńe̱se̱ e? Ońolana Satan a kai ná, moto to̱ mō̱ a titi ná a tingame̱ na Loba yete̱na a we̱le̱be̱ owas’a makekisan mande̱ne̱. Yesu a lee̱le̱ ná mot’a benama ńe ná ke̱nge̱nge̱ e ná a tingame̱ na Loba to̱ a be̱ nde oteten a take ni buki dime̱ne̱. Dutea te̱ ne̱ni Yehova a bwane̱no̱ Yesu muńe̱nge̱!​— ; ombwa Maki 15 ."
fr,dua,"13 Comment la rançon a-​t-​elle été payée ? En l’année 33, le 14 nisan (un mois du calendrier juif), Jéhovah a permis que les ennemis de Jésus le tuent ( ). Trois jours plus tard, quand Jéhovah a ressuscité Jésus, il l’a fait redevenir un ange, et pas un humain. Ensuite, Jésus est retourné au ciel et il a présenté à Jéhovah la rançon : la valeur de sa vie humaine parfaite. En d’autres termes, il a donné à Dieu son droit de vivre en tant qu’humain parfait sur la terre pour que Dieu le donne aux descendants d’Adam ( ). Maintenant que la rançon est payée, nous avons la possibilité d’être libérés du péché et de la mort ( lire ).","13 Ne̱ni diko̱ti di sawabe̱le̱no̱ e? Yesu a boli Sango tik’a di longe̱ lao la ke̱nge̱nge̱. O mbu ma 33, o 14 ma mo̱di ma Nisan bupisane̱ elange̱mbu ya Bonayuda, Yehova ese̱le̱ ná basingedi ba Yesu ba bwe mo̱. ( ) Ombusa mińa milalo, Yehova a timbise̱le̱ pe̱te̱ Yesu o longe̱, seto̱ na ńol’a mot’a benama, nde na ńol’a mudī. Ombusa ponda, Yesu a timbino̱ ombo’a Sango o mo̱ń, na mo̱ a bola Yehova tik’a di longe̱ lao la ke̱nge̱nge̱ la mot’a benama ka diko̱ti. ( ) Tatan diko̱ti di másawabe̱le̱no̱, je ná di we̱le̱ te̱se̱be̱ wonja na bobe na kwedi.​— Langa ."
fr,dua,"14 Nous pouvons profiter du plus beau cadeau de Dieu dès maintenant, et nous pourrons aussi en profiter dans l’avenir. Voyons comment.","14 Di jabea la Loba di buki me̱se̱ di mábotea wanea biso̱ tombwane̱. Jombweye te̱ ne̱ni di matombwane̱no̱ o nin we̱nge̱, na ne̱ni di me̱nde̱no̱ tombwane̱ o kie̱le̱ ni maye̱."
fr,dua,"15 Nos péchés sont pardonnés. Ce n’est pas facile de toujours faire le bien. Nous faisons des erreurs, et parfois nous disons ou nous faisons quelque chose de mal. Que devons-​nous faire pour être pardonnés ? Nous devons vraiment regretter ce que nous avons fait. De plus, nous devons être humbles et demander à Jéhovah de nous pardonner. Alors nous pouvons être sûrs que nos péchés seront pardonnés ( ).","15 Myobe masu mi lakisabe̱. Ye ndutu o bola nje e te̱nge̱n ponda ye̱se̱. Di mawusa, ponda iwo̱ pe̱ di makwala na bola pe̱ nje e si te̱nge̱n. ( ) Ne̱ni jeno̱ ná di lakisabe̱ e? Jangame̱n o jate̱le̱ na mbale̱ ońola bobe di bolino̱, nde di baise̱ pe̱ Yehova na sibise̱ la ńolo le̱se̱ ná a lakise̱ biso̱. Na nika, je ná di be̱ mbaki ná myobe masu mi lakisabe̱.​— ."
fr,dua,"16 Nous avons une bonne conscience. Quand notre conscience nous dit que nous avons fait quelque chose de mal, nous nous sentons coupables. Parfois, nous pensons même que nous ne valons rien. Mais nous ne devons pas nous décourager. Jéhovah veut que nous lui parlions de nos faiblesses et de nos problèmes ( ). Nous pouvons être sûrs que, si nous le supplions de nous pardonner, il nous écoutera et nous pardonnera ( ). Nous pourrons alors être en paix avec Dieu.","16 Je ná di be̱ne̱ doi la mulema la bwam. Doi lasu la mulema di bīse̱ te̱ biso̱ ná di boli bobe, di mabwa iso̱n, di bo̱lo̱ne̱ dipita, je̱ne̱ biso̱me̱ne̱ ka tet’a moto. Nde di s’angame̱ne̱ o bo̱bo̱ tom. Di so̱so̱me̱ye̱ te̱ Yehova ná a lakise̱ biso̱, je ná di be̱ mbaki ná a me̱nde̱ senga muka masu, a lakise̱ pe̱ biso̱. ( ) Yehova a mapula ná di kwalisane̱ mo̱ jombwea mambo ma matakise̱ biso̱ nikame̱ne̱ pe̱ na bo̱bo̱ lasu. ( ) Nika e mabola ná di be̱ musango na Loba."
fr,dua,"17 Nous avons l’espoir de vivre pour toujours. « Le salaire payé par le péché, c’est la mort, mais le don fait par Dieu, c’est la vie éternelle par Christ Jésus » ( ). Parce que Jésus est mort pour nous, nous avons l’espoir de vivre pour toujours et d’avoir une santé parfaite ( ). Mais que devons-​nous faire pour recevoir ces bénédictions ?","17 Di be̱n dipita la be̱ longe̱ o bwindea. “Musawedi ma bobe mwe nde kwedi; nde jabea la ndedi la Loba le nde longe̱ la bwindea o Kristo Yesu, Sango asu.” ( ) Kana Yesu a wedino̱ ońol’asu, je ná di be̱ longe̱ o bwindea, di bwane̱ pe̱ ja la bwam la ke̱nge̱nge̱ muńe̱nge̱. ( ) Nde, nje jangame̱nno̱ bola ná di kuse min minam e?"
fr,dua,"18 Quand on nous fait un beau cadeau, cela nous fait très plaisir. La rançon est le plus précieux de tous les cadeaux. Nous devrions donc montrer à Jéhovah que nous apprécions beaucoup son cadeau. dit que « Dieu a tellement aimé le monde qu’il a donné son Fils unique ». Jéhovah nous aime tellement qu’il nous a donné ce qu’il avait de plus précieux : son Fils. Et puisque Jésus a été prêt à mourir pour nous, il nous aime aussi ( ). La rançon devrait vous convaincre que Jéhovah et Jésus vous aiment ( ).","18 Dutea te̱ ne̱ni jabea la bwam o kusanno̱ moto di matapano̱ wa mulema. Diko̱ti le nde jabea le tiki buka me̱se̱, jangame̱ne̱ o timbise̱le̱ Yehova masoma ma ńo̱ngo̱ńo̱ngo̱ ońola di jabea. a malangwea biso̱ ná, “Ebanja ninka nde Loba a to̱ndino̱ wase ná a boli mpo̱m mao ma Muna.” E, Yehova a to̱ndi biso̱ jita ná a boli biso̱ tik’ao ńa Muna, Yesu. Di bi ná Yesu pe̱ a to̱ndi biso̱, ońolana emedi wo̱ ońol’asu. ( ) Jabea la diko̱ti langame̱ne̱ o bola wa mbaki ná Yehova na Yesu ba to̱ndi wa na mbale̱.​— ."
fr,dua,"19 Nous avons appris que Jéhovah est plein d’amour. Mais comment devenir son ami ? Ce n’est pas facile d’aimer quelqu’un qu’on ne connaît pas. dit que nous pouvons apprendre à connaître Jéhovah . Si vous apprenez à le connaître, votre amour pour lui deviendra plus fort, vous voudrez lui faire plaisir et vous deviendrez son ami. Continuez donc d’étudier la Bible ( ).","19 Tatan so̱ o májokwano̱ jombwea ndol’a Loba ninde̱ne̱, ne̱ni weno̱ ná o be̱ diko̱m lao e? Ye ndutu ná o to̱nde moto o si bino̱. a makwala ná je ná jokwa bia Yehova. Nika weno̱ o jokwa bia mo̱, ndolo o be̱ne̱nno̱ mo̱ e me̱nde̱ bata sikime̱ye̱, o pula do̱lisane̱ mo̱, o timba pe̱ diko̱m lao. Benga so̱ bata jokwa bia nja ńe Yehova tongwea na jokwa la Bibe̱l.​— ."
fr,dua,"20 Ayez foi dans la rançon. La Bible dit que « celui qui exerce la foi dans le Fils a la vie éternelle » ( ). Que veut dire « exercer la foi » ? C’est faire ce que Jésus nous demande de faire ( ). Il ne suffit pas de dire que nous croyons en Jésus. Nous devons montrer par nos actions que nous avons foi en lui. En , nous lisons : « La foi sans œuvres est morte. »","20 Emea jabea la diko̱ti la Yesu. Bibe̱l e makwala ná “nu nu madube̱ Muna a be̱n longe̱ la bwindea.” ( ) Mo̱, be̱ne̱ la dube̱ nje nika e mapulano̱ kwala e? Nika ńe nde ná di bole nje Yesu okwe̱le̱no̱ biso̱ o bola. ( ) Di titi ná di kwala buka te̱ na bepopo ná di dube̱ Yesu. Jangame̱ne̱ o bola bebolo ba dube̱ o lee̱le̱ ná jemedi diko̱ti. a makwala ná: ‘Dube̱ di wedi, ke̱ bebolo be titi.’"
fr,dua,"21 Assistez au Mémorial de la mort de Jésus. Jésus veut que nous nous souvenions qu’il a donné sa vie parfaite en rançon pour nous. Le soir avant sa mort, il a dit à ses disciples : « Continuez à faire cela en souvenir de moi » ( lire ). C’est ce que les Témoins de Jéhovah font chaque année. Ils célèbrent une cérémonie appelée « Mémorial » ou « Repas du Seigneur » ( ). En assistant au Mémorial, vous montrez que vous appréciez la rançon et le grand amour que Jéhovah et Jésus ont pour vous (voir la note n o 16 ).","21 Ukea o Buńa ba Jo̱nge̱le̱ la kwed’a Kristo. Ebiamu e se̱le̱ na kwed’a Yesu, okwe̱le̱ biso̱ ná jangame̱ne̱ jo̱nge̱le̱ buńa bao ba kwedi. Di mabola nika mbu te̱, nika e mabelabe̱ ná Buńa ba Jo̱nge̱le̱ to̱so̱ “Da la Sango.” ( ) Yesu a mapula ná jo̱nge̱le̱ ná a boli longe̱ lao la ke̱nge̱nge̱ ka diko̱ti ońol’asu. A kwali ná: “[Benga] bola nika o jo̱nge̱le̱ mba.” (Langa .) Jukea lo̱ngo̱ o Buńa ba Jo̱nge̱le̱, di malee̱le̱ ná o mo̱nge̱le̱ diko̱ti nikame̱ne̱ pe̱ na ndolo ninde̱ne̱ Yehova na Yesu ba be̱ne̱nno̱ biso̱.​—Ombwa Maki 16 ."
fr,dua,22 Il n’y a pas de plus beau cadeau que la rançon ( ). Ce cadeau précieux va même apporter des bénédictions à des millions de personnes qui sont mortes. Les chapitres 6 et 7 expliqueront comment c’est possible.,22 Diko̱ti le nde jabea di buki me̱se̱ jeno̱ ná di kusa. ( ) Di jabea la tiki le ná di wanea nate̱na mo̱me̱ne̱ lodun la bato lo máwo̱ tombwane̱. Mokwa 6 na 7 ma me̱nde̱ to̱pea ne̱ni nika ńeno̱ ná e we̱le̱ be̱.
fr,dua,Jéhovah a donné son Fils en rançon pour nous.,Yehova a boli tik’ao ńa Muna ka diko̱ti ońol’asu
fr,dua,"Si nous apprenons à connaître Jéhovah, notre amour pour lui deviendra plus fort et nous deviendrons ses amis.","Nika jeno̱ o jokwa bia Yehova, di me̱nde̱ be̱ diko̱m lao, ndolo di be̱ne̱nno̱ mo̱ pe̱ e me̱nde̱ bata sikime̱ye̱"
fr,dua,"LA Bible promet qu’un jour « la mort n’existera plus » ( ). Dans le chapitre 5 , nous avons appris que la rançon nous donne la possibilité de vivre pour toujours. Mais aujourd’hui, les humains continuent de mourir ( ). Beaucoup de gens se demandent donc : « Où sont les morts ? »","BIBE̱L e makakane̱ biso̱ ná, buńa bō̱, “kwedi e si me̱nde̱ pe̱ be̱.” ( ) O Jokwa 5 , joko ná tongwea na diko̱ti je ná di we̱le̱ be̱ne̱ longe̱ la bwindea. Nde, bato ba dia ba mawo̱. ( ) Ońola nika, myuedi minde̱ne̱ mō̱ di mabaise̱no̱ me nde ná, Nje e mapo̱ye̱ biso̱ ke̱ di wedi e?"
fr,dua,2 Nous voulons encore plus connaître la réponse à cette question quand quelqu’un que nous aimons est mort. Nous nous demandons : « Où est-​il ? Est-​ce qu’il me voit ? Peut-​il m’aider ? Est-​ce que je vais le revoir un jour ? »,"2 Jalabe̱ la mi myuedi le mweńa tobotobo ke̱ di bo̱lo̱ne̱ ńandolo. Je ná di baise̱ na biso̱me̱ne̱ ná: ‘Owe̱ni alono̱ e? Mo̱, a me̱ne̱ biso̱ e? Mo̱, e ná ongwane̱ biso̱ e? Di me̱nde̱ pe̱te̱ je̱ne̱ mo̱ e?’"
fr,dua,"3 Les religions répondent à ces questions de différentes façons. Certaines religions disent que les bons vont au ciel et que les méchants vont en enfer. D’autres religions disent que, quand quelqu’un meurt, il devient un esprit et va vivre avec les membres de sa famille qui sont déjà morts. Et d’autres religions disent qu’après la mort, on est jugé et on renaît avec un corps différent, un corps humain ou animal.","3 Malabe̱ bebasi be mabolano̱ o mi myuedi me diwengisan. Bō̱ be malee̱ ná we te̱ mot’a bwam, o mala o mo̱ń, we pe̱ te̱ ńabobe, o madia nde wea o he̱l. Bō̱ pe̱ be makwala ná, o wedi te̱ o matimba nde eweked’a mudī nde wala ja na belongi bo̱ngo̱ ba mbia bena be se̱le̱ wo̱. Bepe̱pe̱ pe̱ be makwala ná ombusa kwedi na bekaisedi bo̱ngo̱, o mayabe̱ pe̱te̱ peńa, to̱so̱ o matimba pe̱te̱ o longe̱ na ńolo nipe̱pe̱, pondapo̱ ka moto nupe̱pe̱ to̱so̱ ka ńama."
fr,dua,"4 Les religions enseignent des choses très différentes sur la mort. Mais elles disent presque toutes que, quand un humain meurt, une partie de lui continue de vivre. Est-​ce vrai ?","4 E me̱ne̱ne̱ ná bebasi be mokwe̱le̱ belēdi be diwengisan. Nde be̱be̱ na be̱se̱ be mokwe̱le̱ nde belēdi be se̱medi o jo̱nge̱le̱ diwo̱. Be mokwe̱le̱ ná moto a wedi te̱, dongo diwo̱ la ńol’ao di matika be̱ longe̱. Mo̱, nika ńe mbale̱ e?"
fr,dua,"5 Jéhovah sait ce qui nous arrive après notre mort. Il nous dit que, quand quelqu’un meurt, il cesse de vivre . La mort est le contraire de la vie. Donc, quand quelqu’un meurt, ses sentiments et ses souvenirs ne continuent pas de vivre ailleurs * . Quand on est mort, on ne voit plus, on n’entend plus et on ne pense plus.","5 Yehova a bi nje e mapo̱ye̱ biso̱ ke̱ di wedi, a langwedi pe̱ biso̱ ná moto a wedi te̱, longe̱ lao di masuwea nde wa. Kwedi ńe nde diwengisan la longe̱. Moto a wedi so̱ te̱, besengedi bao ba mulema na mo̱nge̱le̱ mao ba si matika be̱ longe̱ wuma ipe̱pe̱. * Di wedi te̱, di si me̱ne̱ pe̱, di si masenga pe̱, di si madutea pe̱ to̱."
fr,dua,"6 Le roi Salomon a écrit que les morts « ne savent rien ». Les morts ne peuvent pas aimer ni avoir de la haine. « Il n’y a ni œuvre, ni projet, ni connaissance, ni sagesse dans la Tombe » ( lire ). En , la Bible dit que, quand quelqu’un meurt, « ses pensées » meurent.","6 Kiṅe̱ Salomo a tili ná “bawedi ba si bi to̱ lambo.” Bawedi ba titi ná ba to̱ndo̱ to̱ singe̱, “ebanja t’ebolo, to̱ jo̱nge̱le̱, to̱ dutea, to̱ dibie̱, ba titi o So̱ngo̱.” (Langa .) O kalat’a , Bibe̱l e malangwea biso̱ ná moto a wedi te̱, “myano mao” pe̱ mi wedi na mo̱."
fr,dua,"7 Lazare était un ami de Jésus. Quand il est mort, Jésus a dit à ses disciples : « Lazare, notre ami, s’est endormi. » Mais il ne voulait pas dire que Lazare dormait. Juste après, il a dit : « Lazare est mort » ( ). Jésus a donc comparé la mort au sommeil. Il n’a pas dit que Lazare était au ciel ou avec les membres de sa famille qui étaient déjà morts. Il n’a pas dit que Lazare était dans un enfer de feu. Et il n’a pas dit que Lazare était revenu à la vie dans un autre corps. En fait, c’était comme si Lazare dormait. D’autres versets de la Bible comparent la mort à un profond sommeil. La Bible dit que, quand Étienne a été tué, il ‘s’est endormi dans la mort’ ( ). L’apôtre Paul aussi a écrit que certains chrétiens « se sont endormis dans la mort » ( ).","7 Ponda diko̱m lao la bwam, Lasaro, a wedino̱, Yesu a langwedi bokwedi bao ná: “Diko̱m lasu Lasaro a kwedi iyo̱.” Nde Yesu a si ta a pula kwala ná Lasaro e nde wumse̱. Na Yesu a bata kwala ná: “Lasaro a wedi.” ( ) Yesu a kobisane̱ so̱ kwedi na iyo̱. A si kwali ná Lasaro a ta o mo̱ń to̱so̱ na belongi bao ba mbia bena be ta be máwo̱. A si kwali pe̱ to̱ ná Lasaro a ta a taka o he̱l, to̱so̱ ná a yabe̱ pe̱te̱ peńa ka mot’a benama nupe̱pe̱ to̱so̱ ka ńama. Ke̱m, e ta nde biana Lasaro a ta nde a po̱to̱ o iyo̱. Bepasi ba Bibe̱l bepe̱pe̱ be makobisane̱ kwedi na iyo̱ a njiba. Bibe̱l e makwala ná ponda Stefano a bwabe̱no̱, ‘a kwedi nde iyo̱’ o kwedi. ( ) Ńamuloloma Paulo pe̱ a tili ná Kriste̱n iwo̱ i “máko̱ iyo̱” o kwedi.​— ."
fr,dua,"8 Quand Jéhovah a créé Adam et Ève, voulait-​il qu’ils meurent un jour ? Non ! Il les avait créés pour qu’ils vivent pour toujours et en parfaite santé. Il leur a même donné l’envie de vivre pour toujours ( ). Les parents ne veulent pas voir leurs enfants vieillir et mourir. C’est la même chose pour Jéhovah. Mais alors, si Jéhovah nous a créés pour vivre éternellement, pourquoi mourons-​nous ?","8 Mo̱, Loba a weki nde Adam na Eva ná ba me̱nde̱ wo̱ buńa bō̱ e? Ke̱m! Yehova a weki babo̱ ná ba be̱ne̱ ja la bwam la ke̱nge̱nge̱, nde ná ba bwane̱ longe̱ la bwindea muńe̱nge̱. Ponda Yehova a wekino̱ bato, a we̱le̱ babo̱ jo̱nge̱le̱ la longe̱ la bwindea o mulema. ( ) Bayedi ba si mapula je̱ne̱ ná bana babu ba maduna, ba wo̱; mulemlem ma besengedi ba teten pe̱ nde Yehova a be̱ne̱nno̱ biso̱. Nde, ye so̱ te̱ ná Loba a weki nde biso̱ ná di be̱ longe̱ o bwindea, ońola nje di mawo̱no̱ e?"
fr,dua,"9 Dans le jardin d’Éden, Jéhovah avait dit à Adam : « Tu peux manger des fruits de tous les arbres du jardin — autant que tu veux —, mais tu ne dois pas manger de fruits de l’arbre de la connaissance du bien et du mal. Car le jour où tu en mangeras, tu mourras » ( ). Cet ordre était clair, et ce n’était pas difficile d’y obéir. De plus, Jéhovah avait le droit de décider de ce qui était bien et de ce qui était mal pour Adam et Ève. S’ils avaient obéi à Jéhovah, ils auraient montré qu’ils respectaient son autorité et qu’ils appréciaient tout ce qu’il leur avait donné.","9 Yehova a langwedi Adam o mōnda ma Ede̱n ná: “We wonja o da bepuma ba myele mye̱se̱ mye o mōnda; nde ba bwele ba dibie̱ la bwam na la bobe o si da mo̱: ebanja buńa o madano̱ mo̱ o mawo̱.” ( ) Ben byanedi ba bwē be si ta ndutu o sengane̱, Yehova a ta pe̱ a be̱ne̱ bwam o langwea Adam na Eva nje ye bwam na nje ye bobe. Ba wusa o lee̱le̱ ná ba boli doi la byanedi la Yehova edube tongwea na sengane̱ labu. Ba wusa pe̱ o lee̱le̱ mo̱ ná ba matimbise̱le̱ mo̱ masoma ońola nje ye̱se̱ a boledino̱ babo̱."
fr,dua,"10 Malheureusement, Adam et Ève ont décidé de désobéir à Jéhovah. Satan a demandé à Ève : « Dieu a-​t-​il vraiment dit que vous ne devez pas manger de fruits de tous les arbres du jardin ? » Ève lui a répondu : « Nous pouvons manger des fruits des arbres du jardin. Mais en ce qui concerne les fruits de l’arbre qui est au milieu du jardin, Dieu a dit : “Vous ne devez pas en manger, [...] sinon vous mourrez.” » ( ).","10 Nje e mabwesane̱ ndutu ye nde ná, Adam na Eva ba po̱si nde o banga sengane̱ Yehova. Satan a langwedi Eva ná: “Obwa, Loba a kwali na mbale̱ ná: Lo si da ńai a myele ye̱se̱ ye o mōnda e?” Na Eva a timbise̱le̱ ná: “Je wonja o da bepuma ba ńai a myele ma mōnda ye̱se̱; nde ońola bepuma ba bwele bo te̱m oteten a mōnda, Loba a kwali ná: ‘Bińo̱ lo si da mo̱, lo si tapa pe̱ to̱ mo̱, lo si ya be̱ lo wo̱.’”​— ."
fr,dua,"11 Alors Satan a dit : « Vous ne mourrez absolument pas. Car Dieu sait que, le jour même où vous en mangerez, [...] vous serez comme Dieu : vous connaîtrez le bien et le mal » ( ). Satan voulait faire croire à Ève qu’elle pouvait décider toute seule de ce qui était bien et de ce qui était mal. Et il lui a menti sur ce qui allait se passer si elle désobéissait : il lui a dit qu’elle n’allait pas mourir. Alors Ève a pris un fruit, en a mangé et elle en a donné à Adam. Adam et Ève savaient que Jéhovah leur avait dit de ne pas manger de ce fruit. Mais ils ont décidé de désobéir à cet ordre clair et raisonnable. C’était évident : ils n’avaient pas de respect pour leur Père plein d’amour. Et ils n’ont aucune excuse pour avoir fait cela !","11 Na Satan a timbise̱le̱ ná: “Lo si mawo̱ tomtom. Nde Loba a bi bwambwam ná o buńa lo madano̱ mo̱, miso̱ mańu ma matelame̱, nde lo mabe̱ ka Loba mo̱me̱ne̱, lo bia nje ye bwam na bobe.” ( ) Satan a ta a pula ná Eva o̱nge̱le̱ ná e ná a no̱ngo̱ bedomsedi ońola mo̱me̱ne̱ ba nje ye bwam na bobe. O ni ponda me̱ne̱, a wo̱ndi jombwea nje e me̱nde̱ po̱ yete̱na Eva a si sengane̱. Satan a kwali ná Eva a si me̱nde̱ wo̱, na Eva a da epuma, a bola pe̱ mom’ao. Adam na Eva ba ta ba bia ná Yehova a langwedi babo̱ ná ba si da y’epuma. Ponda ba dedino̱ mo̱, ba po̱si nde o kwe̱me̱ byanedi be bolabe̱ na bwē, na bena be si ta pe̱ to̱ ndutu. Da labu l’epuma di lee̱le̱ ná ba si boli Sango abu ńa ndolo ńe o mo̱ń edube. Esunge̱-ńolo to̱ ewo̱ e titi ońola nje ba bolino̱!"
fr,dua,12 Jéhovah a été très déçu de voir qu’Adam et Ève n’avaient aucun respect pour lui ! Prenons un exemple : Vous avez fait de votre mieux pour bien élever votre fils et votre fille. Mais ils se rebellent et ils font le contraire de ce que vous leur avez demandé. Que ressentez-​vous ? Vous êtes certainement très triste.,"12 Nika ńe ndutu bwambi ná bayedi basu baboso ba kwe̱m Muweked’abu o ni mbadi! Ne̱ni o masengano̱ o mulema yete̱na o tuse̱ ńolo o kokise̱ mun’a mome to̱so̱ ńa muto, nde a pamwa wa, a bola nje o kwalane̱no̱ mo̱ ná a si bola e? Nika e si me̱nde̱ bwese̱ mulema mo̱ngo̱ ndutu e?"
fr,dua,"13 En désobéissant à Dieu, Adam et Ève ont perdu la possibilité de vivre pour toujours. Jéhovah a dit à Adam : « Tu es poussière et tu retourneras à la poussière » ( lire ). Cela voulait dire qu’Adam redeviendrait de la poussière. Ce serait comme s’il n’avait jamais été créé ( ). Après avoir péché, il est mort : il a cessé d’exister.","13 Adam na Eva ba bo̱lo̱ne̱ longe̱ la bwindea ba wusano̱ kusa ponda ba si sengane̱no̱ Yehova. Yehova a kwalane̱ Adam ná: “We nde mińangadu, o mińangadu pe̱ nde o matimbano̱.” (Langa .) Nika e ta nde e pula kwala ná Adam a me̱nde̱ pe̱te̱ nde timba mińangandu biana a si wekabe̱ to̱ buńa. ( ) Ombusa Adam ko̱ o bobe, a wedi, a si ta pe̱."
fr,dua,"14 Si Adam et Ève avaient obéi à Dieu, ils seraient toujours vivants aujourd’hui. Mais en désobéissant, ils ont péché, et ils ont fini par mourir. Le péché est comme une maladie très grave qu’Adam et Ève, nos premiers parents, nous auraient transmise. Nous sommes tous nés pécheurs et c’est pour cela que nous mourons ( ). Mais ce n’est pas ce que Dieu veut pour les humains. Il n’a jamais voulu que les humains meurent. D’ailleurs, la Bible dit que la mort est un « ennemi » ( ).","14 Adam na Eva ba sengane̱ te̱ Loba, ke̱ ba dia longe̱ nate̱na bon ba we̱nge̱. Nde ponda ba si sengane̱no̱ mo̱, ba boli bobe, na babo̱ ba wo̱ o sukan. Bobe bwe nde ka diboa la bobe lena di sangono̱ na bayedi basu baboso. Biso̱ be̱se̱ di yabe̱ nde ka babobe, ońola nika pe̱ nde di mawo̱no̱. ( ) Nde, seto̱ nika nde ńe mwano ma Loba ońola bato. Loba a si puli to̱ buńa ná bato ba wo̱, Bibe̱l pe̱ e mabele̱ kwedi ná “musingedi.”​— ."
fr,dua,"15 Savoir ce qui se passe après la mort nous libère de beaucoup de mensonges. La Bible dit que les morts ne ressentent ni douleur ni tristesse. Nous ne pouvons pas leur parler et ils ne peuvent pas nous parler. Nous ne pouvons pas les aider et ils ne peuvent pas nous aider. Ils ne peuvent pas nous faire de mal et nous ne devons pas avoir peur d’eux. Pourtant, beaucoup de religions disent que les morts vivent quelque part et que nous pouvons les aider en donnant de l’argent aux chefs religieux (par exemple pour qu’ils fassent une cérémonie pour eux). Mais quand on connaît la vérité sur la mort, on ne se laisse plus tromper par ces mensonges.","15 Mbale̱ jombwea kwedi e mate̱se̱ biso̱ wonja na jita la mo̱nge̱le̱ ma mpenga. Bibe̱l e mokwe̱le̱ biso̱ ná bawedi ba si masenga sese to̱ bwa ndutu. Di titi ná di kwalisane̱ babo̱, to̱ babo̱ pe̱ ba titi ná ba kwalisane̱ biso̱. Di titi ná jongwane̱ bawedi, to̱ babo̱ pe̱ ba titi ná bongwane̱ biso̱. Ba titi ná be̱nse̱ biso̱ sese, di s’angame̱ne̱ so̱ bwa babo̱ bo̱ngo̱. Nde, jita la bebasi be malangwea biso̱ ná bawedi be longe̱ wuma iwo̱ te̱nge̱; ná je ná jongwane̱ babo̱ yete̱na di sawedi badiedi ba bebasi to̱so̱ bō̱ ba malangabe̱ ka basangedi mo̱ni. Nde, mu mpoṅ mwe̱se̱ mu titi ná mu wo̱ndo̱ biso̱ yete̱na di bi mbale̱ jombwea kwedi."
fr,dua,"16 Satan se sert des fausses religions pour nous tromper et nous faire croire que les morts continuent de vivre. Certaines religions disent que, quand un humain meurt, une partie de lui continue de vivre. Votre religion enseigne-​t-​elle cela ? Ou enseigne-​t-​elle ce que la Bible dit sur les morts ? Satan fait croire des mensonges aux gens pour les éloigner de Jéhovah.","16 Satan a mabolane̱ ebasi e kwedi o wo̱ndo̱ biso̱, na bola ná jo̱nge̱le̱ ná bawedi ba dia pe̱te̱ longe̱. K’eyembilan, bebasi bō̱ be mokwe̱le̱ ná, di wedi te̱, dongo diwo̱ la ńol’asu di matika be̱ longe̱ o wuma iwo̱ te̱nge̱. Mo̱, nika nde ebas’ango̱ e mokwe̱le̱no̱ wa e, nga e mokwe̱le̱ nde wa nje Bibe̱l e makwalano̱ jombwea bawedi e? Satan a mabolane̱ mpoṅ o pandise̱ bato etum na Yehova."
fr,dua,"17 Ce que beaucoup de religions enseignent est vraiment choquant. Par exemple, certaines religions disent que les méchants vont brûler en enfer pour toujours. Ce mensonge insulte Dieu. Jéhovah ne permettrait jamais que des humains souffrent de cette façon ! ( Lire ). Prenons un exemple : Quelqu’un punit son enfant en lui mettant les mains dans le feu. Qu’allez-​vous penser de lui ? Vous allez le trouver cruel. Et vous n’aurez pas envie d’apprendre à le connaître. Eh bien, c’est ce que Satan veut que nous pensions de Jéhovah !","17 Nje jita la bebasi be mokwe̱le̱no̱ e mabwesane̱ ndutu. K’eyembilan, bō̱ be malee̱ ná bato ba bobe ba me̱nde̱ dia wea o bwindea o he̱l. Mu mpoṅ mwe nde lou ońola Yehova. A si me̱nde̱ jese̱le̱ tomtom ná bato ba take o ni mbadi! (Langa .) Ne̱ni o me̱ne̱no̱ moto nu madise̱ dia la mun’ao o wea o ko̱kise̱ mo̱ e? O me̱nde̱ je̱ne̱ mo̱ ka moto ńe njo bwambi. O si me̱nde̱ to̱ pula bia mo̱. Mulemlem pe̱ nde Satan a mapulano̱ ná je̱ne̱ Yehova!"
fr,dua,18 Certaines religions disent que les humains deviennent des esprits après leur mort. Elles disent que nous devons respecter les esprits et avoir peur d’eux parce qu’ils peuvent être des amis puissants ou de terribles ennemis. Beaucoup de gens croient à ce mensonge. Ils ont peur des morts. Et ils leur rendent un culte au lieu d’adorer Jéhovah. Mais rappelez-​vous : les morts ne ressentent rien. Il ne faut donc pas avoir peur d’eux. Jéhovah est notre Créateur et il est le vrai Dieu. Nous ne devons adorer personne d’autre que lui ( ).,"18 Bebasi bō̱ be malangwea biso̱ ná bato ba wedi te̱, ba matimba nde bewekedi ba mudī. Be bebasi be malee̱ ná jangame̱n o bola mi midī edube na mo̱me̱ne̱ bwa mo̱ bo̱ngo̱, ońolana me ná mi be̱ biso̱ mako̱m ma ngińa to̱so̱ basingedi ba po̱ko̱po̱ko̱. Jita la bato di dube̱ mu mpoṅ; ońola nika nde ba mabwano̱ bawedi bo̱ngo̱, ba mowe̱no̱ pe̱ babo̱ o mulopo ma jowe̱ Yehova. O si dimbea ná bawedi ba si bi to̱ lambo, ba si masenga pe̱ to̱; di s’angame̱ne̱ so̱ bwa babo̱ bo̱ngo̱. Yehova nde e Muweked’asu. Mo̱ nde e Loba la mbale̱, jangame̱ne̱ pe̱ nde o jowe̱ mo̱me̱ne̱ mō̱ buka te̱.​— ."
fr,dua,19 Connaître la vérité sur la mort nous libère des mensonges que les religions enseignent. Et cela nous aide à comprendre les très belles promesses de Jéhovah qui concernent notre avenir.,19 Bia la mbale̱ jombwea kwedi di mate̱se̱ biso̱ wonja na mpoṅ ma bebasi. Nin mbale̱ e mongwane̱ biso̱ o so̱ṅtane̱ makaki ma betańsedi Yehova a bolino̱ jombwea longe̱ lasu na kie̱le̱ ńasu ni maye̱.
fr,dua,"20 Il y a longtemps, Job, un serviteur de Dieu, a demandé : « Si un homme meurt, peut-​il revivre ? » ( ). Dans la Bible, Jéhovah nous donne une réponse très intéressante. Nous la découvrirons dans le chapitre suivant.","20 Muboled’a Loba mō̱ nu belabe̱ ná Hiob, a baise̱ ye we̱nge̱ etum a ponda bwaba ná: “Moto a wedi te̱, a matimba pe̱te̱ be̱ longe̱ e?” ( , NW ) Mo̱, ye mbale̱ ná nuwedi e ná a timba pe̱te̱ o longe̱ e? Jalabe̱ Loba a mabolano̱ biso̱ o Bibe̱l di makwangwe̱le̱ mulema. Di me̱nde̱ bia di jalabe̱ o jokwa di bupe̱."
fr,dua,"^ § 5 Certaines personnes croient qu’après la mort, l’âme, ou l’esprit, continue de vivre. Pour plus de renseignements, voir les notes n os 17 et 18 .","^ par. 5 Bato bō̱ ba madube̱ ná mudī mu matika be̱ longe̱ ombusa kwed’a moto. O mapula te̱ bata bia mambo mape̱pe̱, ombwa Maki 17 ."
fr,dua,Jéhovah a créé les humains pour qu’ils vivent sur la terre pour toujours.,Yehova a weki bato ná ba be̱ longe̱ o bwindea o wase
fr,dua,Adam venait de la poussière et il est retourné à la poussière.,"Adam a wu nde o mińangadu, o mińangadu pe̱ nde a timbino̱"
fr,dua,"IMAGINEZ : Vous êtes condamné pour un crime que vous n’avez pas commis. On vous envoie en prison pour le reste de votre vie. Vous n’avez aucune chance d’être libéré. Votre avenir est sans espoir, et vous ne pouvez rien y faire. Finalement, vous perdez tout espoir. Mais un jour, vous apprenez que quelqu’un peut vous libérer et qu’il a promis de vous aider ! Que ressentez-​vous ?","DUTEA te̱ ná o kusi mbako o ja o beboa o longe̱ lo̱ngo̱ le̱se̱ ońola bobe o si bolino̱. Ńai to̱ po̱ ńa jo̱so̱ wa oten e titi. O si be̱n dipita to̱ diwo̱, to̱ ńai to̱ po̱ o bola. O ni ponda o bo̱lo̱ne̱no̱ dipita ná bambam nde weno̱ o so̱ ná moto e ńena nu be̱n doi o jo̱so̱ wa, na ná a kakan pe̱ o jongwane̱ wa! Ne̱ni o me̱nde̱no̱ senga o mulema e?"
fr,dua,"2 Nous sommes tous prisonniers de la mort. Nous ne pouvons rien faire pour lui échapper. Mais Jéhovah peut nous libérer de la mort. Et il a promis que la mort, notre « dernier ennemi », ‘serait réduite à rien’ ( ).","2 Kwedi e damedi biso̱ be̱se̱ o beboa. Di titi ná di sunga ńolo, to̱ di we̱ nde ne̱ni. Nde Yehova a be̱n ngińa o sunga biso̱ o kwedi. A kakan pe̱ ná “musingedi nusukan nu me̱nde̱ ńamsabe̱ e nde kwedi.”​— ."
fr,dua,3 Pensez au jour où vous n’aurez plus à avoir peur de la mort. Quel soulagement ! Mais Jéhovah ne va pas seulement faire disparaître la mort. Il va aussi ramener les morts à la vie. Réfléchissez à ce que cela veut dire pour vous. Jéhovah promet que « ceux qui sont sans force dans la mort » vont revivre ( ). C’est ce que la Bible appelle « la résurrection ».,3 Dutea te̱ o lo̱ko̱mea o me̱nde̱no̱ senga ke̱ bo̱ngo̱ ba kwedi bo bo̱i na wa! Nde Yehova a si me̱nde̱ buka te̱ bo̱le̱ kwedi. A me̱nde̱ pe̱ o timbise̱le̱ pe̱te̱ bawedi o longe̱. O̱nge̱le̱ te̱ njika tombwane̱ nika e me̱nde̱no̱ wanea wa. A kakan ná ba ba “nanga o dibudu” ba me̱nde̱ pe̱te̱ be̱ longe̱. ( ) Bibe̱l e mabele̱ nika ná bepumbwedi.
fr,dua,"4 Quand un membre de notre famille ou un ami meurt, nous sommes souvent très tristes et complètement découragés. Nous ne pouvons rien faire pour le ramener à la vie. Mais la Bible nous apporte une vraie consolation ( lire ). Voyons un exemple qui montre que Jéhovah et Jésus veulent vraiment ramener à la vie les gens que nous aimons. Jésus est souvent allé voir Lazare et ses sœurs, Marthe et Marie. Ils étaient tous les trois les amis de Jésus. La Bible dit : « Jésus aimait Marthe et sa sœur et Lazare. » Mais un jour, Lazare est mort ( ).","4 Di bo̱lo̱ne̱ te̱ elong’asu ya mbia to̱so̱ diko̱m la batabata, sese na ndutu be ná ba be̱ ńai di titino̱ ná di we̱lisane̱. Di masenga na biso̱me̱ne̱ ná di si be̱n ngudi to̱ po̱. Di titi ná di bola to̱ lambo o timbise̱le̱ pe̱te̱ nu moto o longe̱. Nde Bibe̱l e mabola biso̱ belo̱ko̱medi ba mbale̱. (Langa .) Jombweye te̱ eyembilan ewo̱ e malee̱le̱ njika ńo̱ngi ninde̱ne̱ Yehova na Yesu ba be̱nno̱ o timbise̱le̱ pe̱te̱ bandolo basu o longe̱. Ponda Yesu a tano̱ o wase, a ta a ko̱lo̱ngo̱ne̱ pe̱pe̱le̱ Lasaro na bandome̱ bao, Marta na Maria. Babo̱ balalo ba ta nde mako̱m ma bwam ma Yesu. Bibe̱l e makwala ná: “Yesu a ta a to̱ndo̱ Marta na munańango na Lasaro pe̱.” Na buńa bō̱ Lasaro a wo̱.​— ."
fr,dua,"5 Jésus est allé consoler Marthe et Marie. Quand Marthe a appris que Jésus arrivait, elle est sortie du village pour aller vers lui. Elle était heureuse de voir Jésus, mais elle lui a dit : « Si tu avais été là, mon frère ne serait pas mort. » Pour elle, Jésus était arrivé trop tard. Ensuite, Jésus a vu Marie en train de pleurer. En voyant que les gens étaient tristes, il a eu de la peine et il a pleuré ( ). Il a ressenti la très grande tristesse qu’on ressent quand quelqu’un qu’on aime meurt.","5 Yesu a ta ala o lo̱ko̱ Marta na Maria. Marta a sengino̱ ná Yesu a niya, na mo̱ ala o dongame̱ne̱ mo̱ o jingea la mundi. A ta muńe̱nge̱ o je̱ne̱ Yesu, nde a langwedi mo̱ ná: “O be̱ te̱ wan, ke̱ munańango am a si wedi.” Marta a ta o̱nge̱le̱ ná Yesu indedi jita. Ponda Yesu e̱nno̱ munańango ao, Maria, a meya, na mo̱ a bwa ndutu ońola sinea labu la milema, a koma miso̱di. ( ) Yesu a sengi mulemlem ma sese ninde̱ne̱ di masengano̱ ke̱ di bo̱lo̱ne̱ ńandolo mō̱."
fr,dua,"6 D’une certaine manière, c’est encourageant de savoir que Jésus a ressenti de la tristesse. Cela montre qu’il déteste la mort. Et puisqu’il ressemble beaucoup à Jéhovah, Jéhovah aussi déteste la mort ( ). Jéhovah peut faire disparaître la mort pour toujours, et c’est ce qu’il fera très bientôt.","6 Nika ńe belo̱ko̱medi ońol’asu o bia ná Yesu pe̱ a masenga mulemlem ma sese di masengano̱ jombwea kwedi. Yesu e nde mulemlem ka Sango. ( ) Yehova a be̱n ngińa o bo̱le̱ kwedi ná bam, nika pe̱ nde a me̱nde̱no̱ bola son a ponda."
fr,dua,"7 La tombe de Lazare était fermée avec une grosse pierre. Quand Jésus est arrivé devant la tombe, il a dit : « Enlevez la pierre. » Mais Marthe ne voulait pas qu’on l’enlève parce que le corps de Lazare était dans la tombe depuis déjà quatre jours ( ). Elle ne savait pas ce que Jésus allait faire pour son frère.","7 Ponda Yesu a po̱ino̱ o so̱ngo̱ wuma mbimba ma Lasaro mu tano̱ mu we̱le̱be̱, dale dinde̱ne̱ di ta o múna ma so̱ngo̱. Na Yesu a kwala ná: “Bińo̱ sumwa dale!” Nde Marta a si ta a pula ná ba bole nika. Mbimba ma Lasaro mu ta mā o so̱ngo̱ etum a “mińa mine̱i.” ( ) A si ta a bia nje Yesu a tano̱ a pula bola o jongwane̱ munańango."
fr,dua,"8 La pierre a été enlevée, puis Jésus a dit à Lazare : « Viens dehors ! » Marthe et Marie ont vu alors quelque chose d’extraordinaire : Lazare est sorti de la tombe ( ). Jésus avait ressuscité Lazare ! Lazare était de nouveau là, avec sa famille et ses amis. Ils pouvaient le prendre dans leurs bras, le toucher et lui parler. Quel miracle magnifique !","8 Na Yesu a kwalane̱ Lasaro ná: “Busa!” Nje Marta na Maria be̱nno̱ ombusa ponda e ta betańsedi. “Na mudimo a busa na myende na mā bena ba kakabe̱ na mabato, na boso bo kakabe̱ na wangisi.” ( ) Lasaro a timbisabe̱ pe̱te̱ o longe̱! A timba pe̱te̱ ja na mbia mao na mako̱m. Ba ta ba we̱le̱ tapa mo̱, ba kwala pe̱ na mo̱. A se̱ betańsedi e! Yesu a pumbwe̱le̱ Lasaro."
fr,dua,"9 Est-​ce par ses propres forces que Jésus pouvait ressusciter les morts ? Non. Avant de ressusciter Lazare, il a prié Jéhovah. Et Jéhovah lui a donné le pouvoir de le ressusciter ( lire ). Lazare n’est pas le seul à avoir été ramené à la vie * . La Bible parle aussi d’une petite fille de 12 ans qui était très malade. Son père, Jaïre, ne savait plus quoi faire pour la soigner. Il a supplié Jésus de la guérir. Elle était son seul enfant. Pendant qu’il parlait à Jésus, des hommes sont venus lui dire : « Ta fille est morte ! Pourquoi déranger l’Enseignant plus longtemps ? » Mais Jésus a dit à Jaïre : « N’aie pas peur, aie simplement foi, et elle sera sauvée. » Ensuite, Jésus a accompagné Jaïre chez lui. En approchant de la maison, Jésus a vu et entendu des gens pleurer. Il leur a dit : « Ne pleurez plus, car elle n’est pas morte. Elle dort. » Les parents de la petite fille se sont certainement demandé ce qu’il voulait dire. Jésus a demandé aux personnes qui étaient dans la maison de sortir. Il a emmené Jaïre et sa femme dans la pièce où la petite fille était couchée. Avec douceur, il lui a pris la main et il lui a dit : « Petite fille, lève-​toi ! » Aussitôt, elle s’est levée et elle s’est mise à marcher. Ses parents étaient très heureux : Jésus avait ressuscité leur fille ! ( ). À partir de ce jour-​là, à chaque fois qu’ils regardaient leur fille, ils pensaient à ce que Jéhovah avait fait pour eux par le moyen de Jésus.","9 Mo̱, Yesu a ta nde a pumbwe̱le̱ bato na ngiń’ao ńa mo̱me̱ne̱ e? Ke̱m. Oboso ná a mapumbwe̱le̱ Lasaro, Yesu a kane̱ Yehova, na Yehova a bola mo̱ ngińa o pumbwe̱le̱ Lasaro. (Langa .) Seto̱ buka te̱ Lasaro nde a pumbwabe̱le̱. Bibe̱l e malangwea biso̱ ońola ngo̱ndedi ńa 12 la mbu ni ta ni boa jita. Sango ao, Yairo, a ta a mábo̱lo̱ne̱ dipita, na mo̱ a so̱so̱me̱ye̱ Yesu ná a bo̱lise̱ mo̱. A ta nde mpo̱m mao ma muna. Nde ke̱ Yairo a dia a makwalisane̱ Yesu, na bato bō̱ ba po̱, ba kwalane̱ mo̱ ná: “Mun’ango̱ a máwo̱. Nje o matakise̱no̱ pe̱ Mulēdi e?” Nde Yesu a kwalane̱ Yairo ná: “O si bwa bo̱ngo̱, dube̱ nde, nde a me̱nde̱ jonga.” Na Yesu ala ombo’a Yairo mwemba na mo̱. Nika ba tano̱ ba nisisea be̱be̱ na ndabo, Yesu e̱n a senga pe̱ bato ba meya mbembe. Na Yesu mo̱ na babo̱ ná: “Lo s’eya; a si wedi, a kwedi nde iyo̱.” Ye̱ke̱i te̱ sango na ńango a muna ba baise̱ na babo̱me̱ne̱ nje Yesu a tano̱ a pula kwala. Na Yesu a panga be̱se̱, a no̱ngo̱ sango a muna na ńango, ingea na babo̱ o wuma nu muna a tano̱ a nanga. Na mo̱ alea dia la muna, a kwalane̱ mo̱ ná: “A ngo̱ndedi, na makwalane̱ wa ná ‘Umwe̱!’” Dutea te̱ muńe̱nge̱ bayedi bao ba bono̱ ponda muna a te̱mno̱ dibokime̱ne̱, a dangwa! Yesu a pumbwe̱le̱ mun’abu ńa muto. ( ) Botea bo buńa, ponda te̱ ba tano̱ be̱ne̱ mun’abu ńa muto, ba ta nde bo̱nge̱le̱ nje Yehova a boledino̱ babo̱ tongwea na Yesu. *"
fr,dua,"10 Les personnes que Jésus a ramenées à la vie ont fini par mourir de nouveau. Mais les récits de ces résurrections sont très précieux pour nous parce qu’ils nous donnent un vrai espoir : Jéhovah veut ressusciter les morts, et il le fera.","10 Ba bena Yesu a pumbwe̱le̱no̱ ba timbi pe̱te̱ wo̱ ombusa ponda. Nde nje di malangano̱ jombwea ba bato ye mweńa ońolana e mabola biso̱ dipita la mbale̱. Yehova a mapula pumbwe̱le̱ bato, a me̱nde̱ pe̱ bola nika."
fr,dua,"11 La Bible dit que les morts « ne savent rien » ( ). Le récit de la résurrection de Lazare montre que c’est vrai. Quand il était dans la tombe, Lazare ‘ne savait rien’. Comme Jésus l’avait dit, c’était comme s’il dormait ( ).","11 Bibe̱l e makwala ná bwē ná “bawedi ba si bi to̱ lambo.” Nika e ta mbale̱ jombwea Lasaro. ( ) Ka nje te̱ Yesu a kwalino̱, e ta nde biana Lasaro a ta nde o iyo̱. ( ) Ni ponda a tano̱ o so̱ngo̱, Lasaro a si ta a bia “to̱ lambo.”"
fr,dua,"12 Beaucoup de gens ont vu Jésus ressusciter Lazare. Même les ennemis de Jésus savaient qu’il avait fait ce miracle. Lazare était vivant, et cela prouvait qu’il avait été ressuscité ( ). Beaucoup de gens sont venus voir Lazare. Quand ils l’ont vu, ils ont compris que Jésus avait été envoyé par Dieu. Mais les ennemis de Jésus n’étaient pas contents. Ils ont alors décidé de tuer Jésus et Lazare ( ).","12 Ponda Yesu a pumbwe̱le̱no̱ Lasaro, bato jita be̱n. Nate̱na basingedi ba Yesu ba ta ba bia ná a boli be betańsedi. Lasaro a ta longe̱, nika e lee̱le̱ ná a pumbwabe̱le̱ na mbale̱. ( ) Bato jita pe̱ ba ta bala pe̱pe̱le̱ Lasaro, na babo̱ ba botea o dube̱ ná Loba nde a lom Yesu. Basingedi ba Yesu ba si ta ba to̱ndo̱ nika, na babo̱ ba weka mwano o bwa Yesu na Lasaro.​— ."
fr,dua,"13 Jésus a dit que « tous ceux qui sont dans les tombes » seraient ressuscités ( ). Cela veut dire que tous les humains dont Jéhovah se souvient reviendront à la vie. Mais pour que Jéhovah ressuscite quelqu’un, il faut qu’il se souvienne de tout sur lui. Est-​ce possible ? Oui. Il y a des milliards d’étoiles. Pourtant, la Bible dit que Jéhovah connaît le nom de toutes les étoiles ( lire ). S’il se souvient du nom de toutes les étoiles, il se souviendra sans problème et en détail des humains qu’il va ressusciter. De plus, puisqu’il a tout créé, il a le pouvoir de ramener les morts à la vie.","13 Yesu a kwali ná “be̱se̱ be o so̱ngo̱ a jo̱nge̱le̱” ba me̱nde̱ timba o bepumbwedi. ( , NW ) Nika e mapula kwala ná be̱se̱ bena Yehova a ne̱nge̱no̱ o mo̱nge̱le̱ mao ba me̱nde̱ pe̱te̱ timba o longe̱. Nde ná Yehova a pumbwe̱le̱ moto, angame̱ne̱ o jo̱nge̱le̱ mambo me̱se̱ jombwea nu moto. Mo̱, e ná a bola nika na mbale̱ e? Ombwa ná dibobe̱ di londi na lokoli la lodun la ngengeti. Nde Bibe̱l e makwala ná Yehova a bi ngengeti te̱ na dina. (Langa .) Yete̱na e ná o̱nge̱le̱ dina la ngengeti te̱, nika e mabola mbaki ná e pe̱ ná o̱nge̱le̱ na bo̱bise̱ la ńolo le̱se̱ lambo te̱ jombwea ba be̱se̱ a me̱nde̱no̱ pe̱te̱ timbise̱le̱ o longe̱. Lena le mweńa buka me̱se̱ le nde ná, Yehova nde a weki me̱se̱, ońola nika di bi ná a be̱n ngińa o timbise̱le̱ bato o longe̱."
fr,dua,"14 Job était un homme fidèle à Jéhovah. Il a demandé : « Si un homme meurt, peut-​il revivre ? » Ensuite, il a dit à Jéhovah : « Tu appelleras, et je te répondrai. Tu désireras ardemment revoir l’œuvre de tes mains. » Job croyait en la résurrection. Il savait que Jéhovah attend avec impatience le moment où il ressuscitera les morts ( ).","14 Hiob a ta nde mot’a jemea nu ta nu dube̱ bepumbwedi. A baise̱ ná: “Moto a wedi te̱, a matimba pe̱te̱ be̱ longe̱ e?” Na mo̱ a kwalane̱ Yehova ná: “O me̱nde̱ bele̱, na mba nalabe̱, o me̱nde̱ bwa ebol’a mā mo̱ngo̱ ńo̱ngi.” E, Hiob a ta a bia ná Yehova a be̱n ńo̱ngi ninde̱ne̱ o pumbwe̱le̱ bawedi o ponda ni te̱nge̱n.​— , NW."
fr,dua,15 Que ressentez-​vous en pensant à la résurrection ? Savoir que Jéhovah veut vraiment ramener les morts à la vie nous console. Mais vous vous demandez peut-être : « Est-​ce que les membres de ma famille et mes amis seront aussi ressuscités ? » Qui sera ressuscité ? Et où vivront ceux que Dieu ramènera à la vie ? Voyons ce que la Bible dit.,"15 Ne̱ni o masengano̱ o mulema jombwea dipita la bepumbwedi e? We ná o baise̱ o wame̱ne̱ ná, ‘Mbia na mako̱m mam ba wedi, babo̱ pe̱ ba me̱nde̱ pumbwabe̱le̱ e?’ Nika ńe biso̱ belo̱ko̱medi o bia ná Yehova a mapula na mbale̱ o timbise̱le̱ pe̱te̱ bawedi longe̱. Jombweye so̱ te̱ nje Bibe̱l e makwalano̱ jombwea we̱ni ba me̱nde̱no̱ ja, na ba nja ba me̱nde̱ pumbwabe̱le̱."
fr,dua,"16 Dans le passé, les personnes ressuscitées ont retrouvé leur famille et leurs amis ici sur la terre. C’est aussi ce qui se passera dans l’avenir, mais ce sera beaucoup mieux. Pourquoi ? Parce que les humains qui seront ressuscités sur la terre pourront vivre pour toujours. Et ils vivront dans un monde très différent du monde d’aujourd’hui. Il n’y aura plus de guerres, ni de crimes, ni de maladies.","16 O ponda ni tombi, ba bena ba timbi o longe̱ ba jai pe̱te̱ na mbia mabu na mako̱m o nin wase. Mulemlem pe̱ nde e me̱nde̱no̱ be̱ o kie̱le̱ ni maye̱, nde o ńai ni me̱nde̱ be̱ bwam buka nika. Ońola nje e? Ońolana ba bena ba me̱nde̱ pe̱te̱ timbe̱ o longe̱ o wase ba me̱nde̱ be̱ne̱ epolo o be̱ longe̱ o bwindea, esibe̱ pe̱ wo̱ tomtom. Ba me̱nde̱ ja o wase ni me̱nde̱ be̱ diwengisan na nin ńa we̱nge̱. Bila be si me̱nde̱ pe̱ be̱, to̱ ebwan, to̱ diboa."
fr,dua,"17 Qui sera ressuscité ? Jésus a dit que « tous ceux qui sont dans les tombes entendront sa voix et sortiront » ( ). Et dit : « La mer a rendu les morts qui se trouvaient en elle, et la mort et la Tombe ont rendu les morts qui se trouvaient en elles. » Des milliards de personnes vont donc revivre. L’apôtre Paul a dit aussi qu’il y aurait « une résurrection tant des justes que des injustes » ( lire ). Qu’est-​ce que cela veut dire ?","17 Nja nu me̱nde̱ pumbwabe̱le̱ e? Yesu a kwali ná “be̱se̱ be o so̱ngo̱ a [jo̱nge̱le̱] ba me̱nde̱ senga doi lao, nde ba busa.” ( ) Kalat’a pe̱ e makwala ná: “Munja mu ta mu busise̱ bawedi ba ta oteten ao, kwedi na mundi ma kwedi [So̱ngo̱] pe̱ ba ta ba busise̱ bawedi ba ta oteten abu.” E, lodun la bato lo me̱nde̱ pe̱te̱ timba o longe̱. Ńamuloloma Paulo pe̱ a kwali ná “bate̱m ná sim na basite̱m ná sim” ba me̱nde̱ pumbwa. (Langa .) Nje nika e mapulano̱ kwala e?"
fr,dua,"18 Parmi les « justes », il y a les serviteurs de Jéhovah qui ont vécu avant que Jésus vienne sur la terre. Par exemple, Noé, Abraham, Sara, Moïse, Ruth et Esther seront ressuscités sur la terre. Hébreux chapitre 11 parle de certains de ces hommes et de ces femmes. Et les serviteurs de Jéhovah qui meurent à notre époque, seront-​ils ressuscités ? Oui, puisqu’ils font aussi partie des « justes ».","18 O muso̱ngi ma “bate̱m ná sim” o be̱n oten bautu ba Yehova ba jemea ba ta longe̱ oboso ná Yesu a mapo̱ o wase. Bato ka Noa, Abraham, Sara, Mose, Rut na Este̱r ba me̱nde̱ pumbwabe̱le̱ o be̱ longe̱ o nin wase. We ná o langa myango ma ban bome na bito o kalat’a Bonahebe̱r 11 bepasi. E me̱nde̱ nde be̱ ne̱ni na bautu ba Yehova ba jemea bena be o wo̱ o nin pond’asu e? Babo̱ pe̱ be nde “bate̱m ná sim,” ba me̱nde̱ so̱ o pumbwabe̱le̱."
fr,dua,"19 Parmi les « injustes », il y a les milliards d’humains qui sont morts sans avoir eu l’occasion de connaître Jéhovah. Jéhovah ne les oublie pas. Il les ressuscitera et il leur donnera la possibilité de le connaître et de l’adorer.","19 O muso̱ngi ma “basite̱m ná sim” o be̱n oten lodun la bato bena ba si kusi epolo o bia Yehova. To̱ná ba wedino̱, Yehova a si dimbedi babo̱. A me̱nde̱ pumbwe̱le̱ babo̱, ba me̱nde̱ be̱ne̱ epolo o jokwa bia mo̱ na bolea pe̱ mo̱."
fr,dua,20 Cela veut-​il dire que tous les morts seront ressuscités ? Non. Jésus a dit que certaines personnes ne seraient pas ramenées à la vie ( ). Qui décidera si une personne sera ressuscitée ou non ? Jéhovah est le Juge qui a la plus haute autorité. Mais il a aussi donné à Jésus l’autorité pour être le « juge des vivants et des morts » ( ). Qui ne sera pas ressuscité ? Ceux qui sont jugés comme méchants et comme ne voulant pas changer (voir la note n o 19 ).,"20 Mo̱, nika e mapula nde kwala ná be̱se̱ ba wedi ba me̱nde̱ o pumbwa e? Ke̱m. Yesu a kwali ná bato bō̱ ba si me̱nde̱ timba o longe̱. ( ) Nja nu me̱nde̱ no̱nge̱ bedomsedi nga moto a me̱nde̱ o pumbwabe̱le̱ to̱ ke̱m e? Yehova nde e Mukaisedi nu mabakwe̱ mbako nisukan, nde a boli pe̱ Yesu doi o be̱ “mukaised’a baweńa na bawedi.” ( ) Nu na nu te̱ nu me̱nde̱ langabe̱ ka ńabobe nu si mapule̱ tukwe̱ a si me̱nde̱ pumbwabe̱le̱.​—Ombwa Maki 18 ."
fr,dua,"21 La Bible dit aussi que certaines personnes vivront au ciel. Quand quelqu’un est ressuscité au ciel, il n’est pas ramené à la vie avec un corps humain. Il reçoit un corps spirituel, c’est-à-dire un corps comme celui des anges.","21 Bibe̱l e malangwea pe̱ biso̱ ná bato bō̱ ba me̱nde̱ wala ja o mo̱ń. Moto a pumbo te̱ o be̱ longe̱ o mo̱ń, a si matimba pe̱ o longe̱ ka mot’a benama na ńol’eyobo. A mapumbwabe̱le̱ nde k’eweked’a mudī o wala ja o mo̱ń."
fr,dua,"22 Jésus a été le premier à être ressuscité pour vivre au ciel ( ). Il a été ressuscité par Jéhovah trois jours après avoir été tué ( ). Il n’a pas été ressuscité avec un corps humain. L’apôtre Pierre explique qu’il a été « mis à mort dans la chair, mais rendu à la vie dans l’esprit » ( ). Jésus est alors redevenu un ange puissant ! ( ). Mais la Bible dit que d’autres personnes sont ressuscitées au ciel.","22 Yesu nde a ta mot’a boso o pumbwabe̱le̱ o ni mbadi. ( ) Mińa milalo ombusa bwabe̱ la Yesu, Yehova a pumbwe̱le̱ mo̱. ( , NW ; ) Yesu a si pumbo na ńol’eyobo. Ńamuloloma Petro a tele̱ye̱ ná Yesu “a ta a bwabe̱ o eyobo, a timbisabe̱ longe̱ o mudī.” ( ) Yesu a timbisabe̱ longe̱ k’eweked’a mudī ya ngińa! ( ) Nde Bibe̱l e makwala ná a si me̱nde̱ be̱ mo̱me̱ne̱ mō̱."
fr,dua,"23 Avant de mourir, Jésus a dit à ses disciples : « Je m’en vais pour vous préparer une place » ( ). Cela voulait dire que certains de ses disciples seraient ressuscités pour vivre au ciel avec lui. Combien seraient-​ils ? Jésus a dit qu’ils seraient un « petit troupeau ». Donc ils ne seraient pas nombreux ( ). L’apôtre Jean a donné leur nombre exact : il a vu Jésus qui était « debout sur le mont Sion [ au ciel ], et avec lui 144 000 » ( ).","23 Oboso ná a mawo̱, Yesu a kwalane̱ bokwedi bao ba jemea ná: “Na mala o boṅsane̱ bińo̱ wuma.” ( ) Nika e mapula nde kwala ná bato bō̱ ba mabupe̱ mo̱ ba me̱nde̱ o pumbwabe̱le̱ o wala ja mwemba na mo̱ o mo̱ń. Bato baninga so̱ e? Yesu a kwali ná ba me̱nde̱ be̱ ngusu, a bele̱ babo̱ ná “dibemba disadi.” ( ) Ńamuloloma Yohane a boli muso̱ngi mabu ma te̱ite̱i ponda e̱nno̱ Yesu “a te̱m o Mudongo ma Sion [mwe o mo̱ń] n’ebwe’a lokoli la bato na mwane̱i na lone̱i mwemba na mo̱ [144 000].”​— ."
fr,dua,"24 Quand ces 144 000 chrétiens allaient-​ils être ressuscités ? D’après la Bible, leur résurrection commencerait après que Jésus serait devenu roi au ciel ( ). Nous vivons à cette époque, et la plupart de ces 144 000 chrétiens ont déjà été ressuscités au ciel. Quand ceux qui sont encore sur la terre meurent, ils sont tout de suite ressuscités au ciel. Par contre, la plupart des humains seront ressuscités plus tard sur la terre, dans le paradis.","24 Njika ponda ye 144 000 la Kriste̱n e me̱nde̱no̱ pumbwabe̱le̱ e? Bibe̱l e malangwea biso̱ ná nika e ta ńangame̱n botea ombusa te̱se̱be̱ la Kristo ka janea o mo̱ń. ( ) O ni ponda nde jeno̱ tatan, jita la ye 144 000 pe̱ di mápumbwabe̱le̱ o wala o mo̱ń. Bane̱ babu pe̱ ba dia o wase bena ba mawo̱ o pond’asu, ba me̱nde̱ nde pumbwabe̱le̱ ná pe̱m ombusa kwed’abu. Nde dongo dinde̱ne̱ la bato ba benama di me̱nde̱ nde pumbwabe̱le̱ o mińa mi maye̱ o be̱ longe̱ o Paradisi o nin wase."
fr,dua,"25 Très bientôt, Jéhovah va libérer les humains de la mort. La mort n’existera plus ! ( Lire ). Mais que feront les 144 000 au ciel ? La Bible dit qu’ils seront rois d’un royaume avec Jésus. Le chapitre suivant nous apprendra plus de choses sur ce royaume.","25 Son a ponda, Yehova a me̱nde̱ te̱se̱ bato be̱se̱ wonja na kwedi, kwedi e me̱nde̱ bo̱ o bwindea! (Langa .) Nde nje ba ba male̱ o mo̱ń ba malano̱ bola owo e? Bibe̱l e matele̱ye̱ ná ba me̱nde̱ janea mwemba na Yesu o Janea la mo̱ń. Di me̱nde̱ bata jokwa jombwea di janea o jokwa di bupe̱."
fr,dua,"^ § 9 La Bible dit que d’autres personnes ont été ressuscitées (des jeunes, des gens âgés, des hommes, des femmes, des Israélites et des non-Israélites). Voir Luc 8:40-56, et .","^ par. 9 Bibe̱l e be̱n pe̱ myango mipe̱pe̱ jombwea bepumbwedi ba beso̱mbe̱ na badun, bome na bito, Bonaisrael na be̱n ba bato. We ná o langa mo̱ o kalat’a 8:40-56; ."
fr,dua,Imaginez la joie de la famille et des amis de Lazare quand il a été ressuscité ( ).,Dutea te̱ muńe̱nge̱ mbia na mako̱m ma Lasaro ba bono̱ ponda a pumbwabe̱le̱no̱!​—
fr,dua,L’apôtre Pierre a ressuscité une chrétienne qui s’appelait Dorcas ( ).,Ńamuloloma Petro a pumbwe̱le̱ Kriste̱n a muto Tabita.​—
fr,dua,Élie a ressuscité le fils d’une veuve ( ).,Elia a pumbwe̱le̱ mun’a mukusa ma muto.​—
fr,dua,"Dans le paradis, les morts seront ressuscités et ils retrouveront les personnes qu’ils aimaient.","O Paradisi, bawedi ba me̱nde̱ pumbwabe̱le̱, ba ja pe̱te̱ na bandolo babu"
fr,dua,DES millions de gens connaissent la prière appelée le Notre Père. Jésus s’est servi de cette prière pour apprendre à ses disciples à prier. Pour quelles choses a-​t-​il prié ? Et pourquoi cette prière est-​elle importante pour nous ?,"LODUN la bato lo bi muka mu biane̱ jita mu belabe̱ ná A Tete̱ Ńasu, to̱so̱ Muka ma Sango. Yesu a bolane̱ mu muka o jokwe̱le̱ bokwedi bao ne̱ni kane̱. Ońola njika mambo a kane̱no̱ e? Ońola nje mu muka mweno̱ biso̱ mweńa jita we̱nge̱ e?"
fr,dua,"2 Jésus a dit : « Vous devez donc prier ainsi : “Notre Père qui es dans les cieux, que ton nom soit sanctifié. Que ton royaume vienne. Que ta volonté se fasse sur la terre, comme au ciel” » ( lire ). Pourquoi Jésus nous a-​t-​il appris à prier pour ces trois choses ? (Voir la note n o 20 ).","2 Yesu a kwali ná: “Lo kane̱ nde ninka: ‘A Tete̱ ńasu ńe o mo̱ń. Dina lo̱ngo̱ di dubabe̱ [to̱so̱, di sangisabe̱]. Janea lo̱ngo̱ di ye. Jemea lo̱ngo̱ di bolabe̱ o wase kana o mo̱ń.’” (Langa .) Ońola nje Yesu okwe̱le̱no̱ biso̱ o kane̱ ońola man mambo malalo e?​—Ombwa Maki 19 ."
fr,dua,"3 Nous avons appris que le nom de Dieu est Jéhovah. Nous avons aussi appris quelle est la volonté de Dieu pour les humains et pour la terre. Mais quand Jésus a dit : « Que ton royaume vienne », que voulait-​il dire ? Dans ce chapitre, nous verrons ce qu’est le royaume de Dieu, ce qu’il fera et comment il va sanctifier le nom de Dieu.","3 Joko ná dina la Loba ná Yehova. Jombwedi pe̱ nje ye jemea la Loba ońola mbel’a moto na ońola wase. Nde nje Yesu a tano̱ a pula kwala ponda a kwalino̱ ná: “Janea lo̱ngo̱ di ye” e? Di me̱nde̱ jokwa nje ye Janea la Loba, nje di me̱nde̱no̱ bola, na ne̱ni di me̱nde̱no̱ sangise̱ dina la Loba."
fr,dua,4 Jéhovah a établi un gouvernement au ciel. La Bible appelle ce gouvernement le royaume de Dieu. Jéhovah a choisi Jésus pour être le Roi de ce royaume. Jésus est « le Roi de ceux qui règnent et le Seigneur de ceux qui dominent » ( ). Il a le pouvoir de faire beaucoup plus de bien que n’importe quel chef politique humain. Et il est plus puissant que tous les chefs politiques réunis.,"4 Yehova a bokise̱ janea diwo̱ o mo̱ń, a po̱so̱ Yesu o be̱ Kiṅ’a di janea. Bibe̱l e mabele̱ di janea ná Janea la Loba. Yesu nde e “Kiṅ’a bonakiṅe̱ na Sango a bonabasango.” ( ) Yesu a dongame̱n o bolea bato bwam buka nje yena to̱ njika mwanedi o wase eno̱ ná a bola. E pe̱ ngińa buka banedi be̱se̱ ba lati o wase."
fr,dua,"5 Jésus a été ressuscité, et 40 jours après, il est retourné au ciel. Plus tard, Jéhovah l’a fait Roi de son royaume ( ). La Bible dit que le royaume de Dieu est un « royaume céleste » ( ). Il se trouve donc au ciel. Et du ciel, il va diriger la terre ( ).","5 Yesu ondedi o mo̱ń mwane̱i ma mińa ombusa bepumbwedi bao. Ponda e po̱ino̱, Yehova a te̱se̱ mo̱ ka Kiṅ’a di Janea. ( ) La mo̱ń nde janea la Loba di me̱nde̱no̱ janea wase ńe̱se̱. ( ) Ońola nika nde Bibe̱l e mabele̱no̱ Janea la Loba ná ‘Janea la mo̱ń.’​— ."
fr,dua,"6 Jésus est supérieur à n’importe quel roi humain. En effet, la Bible dit qu’il est le seul qui a « l’immortalité » ( ). Tous les chefs politiques humains finissent par mourir, mais Jésus ne mourra jamais. Tout ce qu’il fera pour nous durera pour toujours.","6 Bibe̱l e makwala ná Yesu nde e Kiṅe̱ ni buki kiṅ’a bato ba benama ye̱se̱ ońolana mo̱ nde e nu “ńena ńe mpo̱m mō̱ mu si mawo̱.” ( ) Banedi be̱se̱ ba nin wase ba masukane̱ wo̱, nde Yesu a si me̱nde̱ wo̱ tom. Bwam bwe̱se̱ Yesu a me̱nde̱no̱ bolea biso̱ bo me̱nde̱ jinda o bwindea."
fr,dua,"7 Une prophétie de la Bible dit que Jésus sera un Roi juste et plein d’amour : « L’esprit de Jéhovah se posera sur lui, esprit de sagesse et d’intelligence, esprit de conseil et de force, esprit de connaissance et de crainte de Jéhovah. Et il aura plaisir à craindre Jéhovah. Il ne jugera pas sur les apparences ni ne corrigera personne simplement d’après ce qu’il entendra. Il jugera les petits [ les pauvres ] avec justice » ( ). Aimeriez-​vous avoir un roi comme lui ?","7 Edinge̱ ewo̱ ya Bibe̱l e makwala ná Yesu a me̱nde̱ nde be̱ Kiṅ’a te̱me̱ la sim na ńa muyao: “Mudī ma Yehova mu me̱nde̱ ja omo̱ń ao, mudī ma jangwa na ma dibie̱, mudī ma myano na ma ngińa, mudī ma so̱ṅtane̱ na ma bo̱ngo̱ ba Yehova. A si me̱nde̱ kaise̱ kaponda byombwedi ba miso̱, to̱ bakwa [to̱so̱, bola malea] kaponda sengasengane̱ la matoi, a me̱nde̱ nde kaise̱ bayaṅabe̱ [to̱so̱, batuedi] kaponda te̱me̱ la sim.” ( ) Mo̱, o me̱nde̱ to̱ndo̱ ná kiṅ’ango̱ e be̱ nika e?"
fr,dua,"8 Dieu a choisi des humains pour être rois au ciel avec Jésus. L’apôtre Paul a dit à Timothée : « Si nous continuons d’endurer, nous régnerons aussi avec lui » ( ). Combien d’humains seront rois avec Jésus ?","8 Loba a po̱si bato ba benama bō̱ ná baneye mwemba na Yesu o janea lao la mo̱ń. K’eyembilan, ńamuloloma Paulo a langwedi Timoteo ná: “Di we̱lisan te̱, di me̱nde̱ pe̱ janea [ka kiṅe̱] mwemba na mo̱.” ( ) Bato baninga ba me̱nde̱ janeye̱ ka kiṅe̱ mwemba na Yesu e?"
fr,dua,"9 Le chapitre 7 de ce livre parle d’une vision que l’apôtre Jean a eue. Il a vu le Roi Jésus au ciel avec 144 000 autres rois. Qui sont ces rois ? Jean explique qu’ils ont « son nom [ le nom de Jésus ] et le nom de son Père écrits sur leurs fronts ». Et il ajoute : « Ce sont ceux qui continuent à suivre l’Agneau [ Jésus ] où qu’il aille. Ils ont été achetés parmi les humains » ( lire ). Les 144 000 sont des chrétiens fidèles que Dieu a choisis pour « gouverner la terre » avec Jésus. Quand ils meurent, ils sont ressuscités au ciel ( ). C’est depuis l’époque des apôtres que Jéhovah choisit des chrétiens fidèles pour faire partie de ce groupe de 144 000 rois.","9 Ka nje te̱ jokono̱ o Jokwa 7 , ńamuloloma Yohane a ta a kusa je̱ne̱ we̱ni e̱nno̱ Yesu o mo̱ń ka Kiṅe̱ mwemba na 144 000 la kiṅe̱ ipe̱pe̱. Ba nja be 144 000 e? Yohane a tele̱ye̱ ná “ba be̱n dina lao [Yesu] na dina la Sango ao ma tilabe̱ o mbo̱mbo̱ abu.” A bati ná: “Be nde ba bena ba mabupe̱ Mun’a mudo̱ngi [nika ná, Yesu] to̱ we̱ni a malano̱. Ban nde ba ko̱to̱be̱ oteten a bato.” (Langa .) Ye 144 000 ye nde Kriste̱n a jemea yena Loba a po̱sino̱ o “janea wase [ka kiṅe̱]” mwemba na Yesu. Ombusa kwed’abu, i mapumbwabe̱le̱ o wala be̱ longe̱ o mo̱ń. ( ) Botea o mińa ma bamuloloma nde Yehova a botedino̱ o po̱so̱ Kriste̱n a jemea o be̱ o di dibo̱to̱ la 144 000 la kiṅe̱."
fr,dua,"10 Jéhovah nous aime tellement qu’il a prévu que des humains soient rois avec Jésus. Jésus sera un bon dirigeant. Il peut nous comprendre parce qu’il a été un humain et qu’il a souffert. Paul a expliqué que Jésus a pitié de nous. Il a dit qu’il peut comprendre nos faiblesses et qu’il « a été mis à l’épreuve comme nous » en toutes choses ( ). Les 144 000 aussi peuvent comprendre nos difficultés : comme nous, ils ont lutté contre leurs défauts et ils sont tombés malades. Nous pouvons donc être sûrs que Jésus et les 144 000 comprendront nos sentiments et nos problèmes.","10 Yehova a mombwea biso̱ jita, ońola nika nde a boṅsane̱no̱ ná bato ba benama baneye mwemba na Yesu. Yesu a me̱nde̱ be̱ mwaned’a bwam ońolana a maso̱ṅtane̱ biso̱. A bi nje ye ebe̱yed’a mot’a benama na nje ye take. Paulo a kwali ná Yesu a mabwea biso̱ ndedi, e ná ‘a bwa sese ońola bo̱bo̱ lasu,’ na ná a ‘kekisabe̱ ka biso̱ o mambo me̱se̱.’ ( ) Ye 144 000 pe̱ e bi nje ye ebe̱yed’a mot’a benama. Yanane̱ pe̱ ka ni titi ke̱nge̱nge̱ na diboa. Je so̱ ná di be̱ mbaki ná Yesu na ye 144 000 ba me̱nde̱ so̱ṅtane̱ besengedi basu ba mulema nikame̱ne̱ pe̱ na mitakisan di be̱nno̱."
fr,dua,"11 Jésus a appris à ses disciples à prier pour que la volonté de Dieu se fasse au ciel. Pourquoi ? Dans le chapitre 3 , nous avons appris que Satan le Diable s’est rebellé contre Jéhovah. Après cette rébellion, Jéhovah a permis à Satan et aux autres anges infidèles (les démons) de rester au ciel pendant un certain temps. Tout le monde ne faisait donc pas la volonté de Dieu au ciel. Dans le chapitre 10 , nous apprendrons plus de choses sur Satan et les démons.","11 Yesu okwe̱le̱ bokwedi bao o kane̱ ná jemea la Loba di bolabe̱ o mo̱ń. Ońola nje e? Je̱n o Jokwa 3 ná Satan Diabolo a pamo Yehova. Ombusa pamo a Satan, Yehova ese̱le̱ mo̱ na ange̱l a pamo, nika ná midī ma bobe, ná ba je o mo̱ń ońola son a ponda. Seto̱ so̱ be̱se̱ ba ta o mo̱ń nde ba ta ba bola jemea la Loba. O Jokwa 10 , di me̱nde̱ bata jokwa jombwea Satan na midī ma bobe."
fr,dua,"12 D’après la Bible, Jésus deviendrait Roi et, peu de temps après, il ferait la guerre à Satan ( lire * ). parle de deux évènements importants : 1) Le royaume de Dieu, dirigé par Jésus Christ, commence à gouverner. 2) Satan est chassé du ciel et il est jeté sur la terre. Ces évènements sont déjà arrivés. Nous en parlerons plus tard.","12 Bibe̱l e mabola beteledi ná, dibokime̱ne̱ ombusa mo̱ te̱se̱be̱ Kiṅ’a Janea la Loba, Yesu anane̱ Satan bwemba. (Langa .) Myemba 10 mi malangwa mambo maba me mweńa jita. Janea la Loba di botedi o janea ponda Yesu Kristo a no̱ngino̱ boja ka Kiṅe̱, na Satan pe̱ a pimbabe̱ o wase. Ka nje te̱ di me̱nde̱no̱ je̱ne̱, man mambo maba ma mátomba."
fr,dua,"13 La Bible explique que, quand Satan et les démons ont été chassés du ciel, les anges fidèles ont été très heureux. Elle dit : « Réjouissez-​vous, ciel et vous qui y habitez ! » ( ). Maintenant, au ciel, il y a la paix et l’unité parce que tout le monde y fait la volonté de Dieu.","13 Bibe̱l e malangwea biso̱ ná ange̱l a jemea i sombise̱ o mo̱ń ponda Satan na midī mao ma bobe ba pimbabe̱no̱ o wase. Di malanga ná: “Bwa muńe̱nge̱ a mo̱ń, na ba ba jai oten!” ( ) Tatan, musango mu londi mbom nikame̱ne̱ pe̱ na jalatane̱ be o mo̱ń ońolana be̱se̱ be owo ba mabola jemea la Loba."
fr,dua,"14 Sur la terre, c’est très différent : des choses terribles arrivent aux humains. Pourquoi ? « Parce que le Diable est descendu » vers la terre et qu’il est « en grande fureur, sachant qu’il lui reste peu de temps » ( ). Satan est très en colère. Il a été chassé du ciel, et il sait qu’il sera détruit très bientôt. Il fait donc tout ce qu’il peut pour que les humains aient des problèmes et souffrent.","14 Nde, longe̱ le diwengisan jita o wase. Mambo ma bobe na ma mabwesane̱ bo̱ngo̱ ma mako̱ye̱ bato ‘ebanja Satan a sibi o wase,’ e oteten a “malinga mande̱ne̱, kana a bino̱ ná a dian nde son a ponda.” ( ) Satan a kwań; ebanja a pimbabe̱ o wase, a bi pe̱ ná a me̱nde̱ ńamsabe̱ son a ponda. A mabola me̱se̱ eno̱ ná a we̱le̱ o wanea wase ńe̱se̱ mitakisan, sese na take."
fr,dua,15 La volonté de Dieu pour la terre n’a pas changé. Jéhovah veut que des humains parfaits vivent pour toujours dans un paradis sur la terre ( ). Mais comment le Royaume va-​t-​il faire en sorte que la volonté de Dieu s’accomplisse ?,"15 Nde, mwano ma Loba ońola wase mu si tuko. A dia a mapula ná bato be ná ke̱nge̱nge̱ ba be̱ longe̱ o bwindea o paradisi o wase. ( ) Ne̱ni so̱ Janea la Loba di me̱nde̱no̱ bola ná nika e be̱ e?"
fr,dua,"16 annonce : « Aux jours de ces rois-​là, le Dieu du ciel établira un royaume qui ne sera jamais détruit. Et ce royaume ne passera sous la domination d’aucun autre peuple. Il pulvérisera tous ces royaumes et y mettra fin, et lui seul subsistera pour toujours. » Que nous apprend cette prophétie sur le royaume de Dieu ?","16 Edinge̱ ye o e makwala ná: “O mińa ma yi kiṅe̱, Loba la mo̱ń a me̱nde̱ busise̱ janea diwo̱, lena di si me̱nde̱ buleye̱ tom, lena tumba dipe̱pe̱ di si me̱nde̱no̱ no̱ngo̱ne̱ doi lao. Di me̱nde̱ ńo̱so̱ na bo̱le̱ ma manea me̱se̱, na mo̱me̱ne̱ di tingame̱ po̱ko̱po̱ko̱.” Nje yen edinge̱ e mokwe̱le̱no̱ biso̱ jombwea Janea la Loba e?"
fr,dua,"17 1) Le royaume de Dieu devait commencer à gouverner « aux jours de ces rois-​là ». Cela veut dire que, quand le royaume de Dieu commencerait à gouverner, d’autres gouvernements existeraient encore. 2) Le royaume de Dieu durera pour toujours et il ne sera jamais remplacé par un autre gouvernement. 3) Il y aura la guerre entre le royaume de Dieu et les gouvernements de ce monde. Le royaume de Dieu gagnera la guerre. Alors toute la terre sera dirigée par un seul gouvernement : le meilleur gouvernement possible pour les humains.","17 Laboso, e mokwe̱le̱ biso̱ ná Janea la Loba di me̱nde̱ botea janea o “mińa ma yi kiṅe̱.” Nika ná, Janea la Loba di me̱nde̱ botea janea ke̱ mane̱ manea ma bato ma dia pe̱te̱ o boja. Di londe̱ maba, e malangwea biso̱ ná Janea la Loba di me̱nde̱ ja po̱ko̱po̱ko̱, janea to̱ diwo̱ di si me̱nde̱ no̱ngo̱ epol’ao. Di londe̱ malalo, bwemba bo me̱nde̱ jana oteten a Janea la Loba na manea ma nin wase. Janea la Loba di me̱nde̱ buka, nde di be̱ mpo̱m ma janea mu me̱nde̱ janeye̱ nin wase. Denge̱ bato ba benama ba mabe̱ne̱ janea la bwam di buki me̱se̱."
fr,dua,"18 La guerre entre le royaume de Dieu et les gouvernements humains s’appelle Armaguédon (voir la note n o 10 ). Que va-​t-​il se passer juste avant cette guerre ? Les démons vont tromper « les rois de toute la terre habitée, afin de les rassembler pour la guerre du grand jour de Dieu le Tout-Puissant » ( ). Tous les gouvernements humains vont combattre le royaume de Dieu.","18 Ne̱ni Janea la Loba di me̱nde̱no̱ no̱ngo̱ epol’a manea ma nin wase e? Obiana bwemba bosukan bo belabe̱ ná bwemba ba Armagedon bo mana, midī mabobe mi me̱nde̱ lo̱ndo̱ “kiṅ’a wase ye̱se̱, o ko̱te̱le̱ babo̱ o bwemba ba buńa bonde̱ne̱ ba Loba la Ngum.” E, na mbale̱, manea ma nin wase ma me̱nde̱ janane̱ Janea la Loba.​— ; ombwa Maki 10 ."
fr,dua,"19 Pourquoi avons-​nous besoin du royaume de Dieu ? Pour au moins trois raisons. 1) Nous avons besoin du royaume de Dieu parce que nous sommes pécheurs et qu’à cause de cela, nous tombons malades et nous mourons. Mais la Bible dit que, quand le royaume de Dieu dirigera la terre, nous vivrons pour toujours. dit : « Dieu a tellement aimé le monde qu’il a donné son Fils unique, afin que tous ceux qui exercent la foi en lui ne soit pas détruits mais aient la vie éternelle. »","19 Ońola nje di be̱nno̱ ńo̱ng’a Janea la Loba e? O bosadi bwe̱se̱, njo̱m ye ilalo. Ńaboso, je nde babobe, ońola nika nde di maboano̱, di mawo̱no̱ pe̱. Nde Bibe̱l e makwala ná owas’a Janea la Loba, di me̱nde̱ be̱ longe̱ o bwindea. a makwala ná: “Ebanja ninka nde Loba a to̱ndino̱ wase ná a boli mpo̱m mao ma Muna, ná to̱ nja nu dube̱ mo̱ a si mańama, nde a mabe̱ne̱ longe̱ la bwindea.”"
fr,dua,"20 2) Nous avons besoin du royaume de Dieu parce que nous sommes entourés de gens méchants. Beaucoup de gens mentent et trichent. D’autres commettent des actes sexuels immoraux. Nous ne pouvons pas les empêcher de faire ces choses mauvaises. Mais à Armaguédon, Dieu va détruire ceux qui ne veulent pas changer ( lire ). 3) Nous avons besoin du royaume de Dieu parce que beaucoup de gouvernements sont faibles, cruels ou corrompus. Ils n’encouragent pas les gens à obéir à Dieu. La Bible dit que l’homme domine l’homme pour lui faire du mal ( ).","20 Njo̱m ni londe̱ iba di be̱nno̱ ńo̱ng’a Janea la Loba ńe nde ná, di dingabe̱le̱ na bato ba bobe. Jita labu le mpoṅ, di titi mbale̱, le pe̱ mbamba. Di titi ná di bola to̱ lambo o sumwa babo̱, nde Loba mo̱ e ná. Bato ba mabenge̱ bole̱ nje ye bobe ba me̱nde̱ ńamsabe̱ o bwemba ba Armagedon. (Langa .) Njo̱m ni londe̱ ilalo di be̱nno̱ ńo̱ng’a Janea la Loba ńe nde ná, manea ma bato ma s’oú, me njo, ma to̱ndi pe̱ mate̱ki. Ma si mongwane̱ pe̱ to̱ bato o sengane̱ Loba. Bibe̱l e makwala ná ‘mō̱ a manea nune̱ o sebea mo̱ mbeu a ńolo.’​— ."
fr,dua,"21 Après Armaguédon, le Royaume fera en sorte que la volonté de Dieu se fasse sur la terre. Par exemple, il fera disparaître Satan et les démons ( ). Finalement, plus personne ne tombera malade et plus personne ne mourra. Grâce à la rançon, tous les humains fidèles à Dieu vivront pour toujours dans le paradis ( ) (voir la note n o 21 ). Le Royaume va sanctifier le nom de Dieu. Cela veut dire que, quand il gouvernera la terre, tous les humains honoreront le nom de Dieu.","21 Ombusa Armagedon, Janea la Loba di me̱nde̱ bola ná jemea la Loba di bolabe̱ o wase. K’eyembilan, di me̱nde̱ sumwa Satan na midī mao ma bobe. ( ) Ponda e me̱nde̱ po̱ ńena to̱ moto a si me̱nde̱no̱ pe̱ boa to̱ wo̱ tom. Tongwea na jabea la diko̱ti, bato ba jemea be̱se̱ ba me̱nde̱ we̱le̱ be̱ longe̱ o bwindea o Paradisi. ( ) Di Janea di me̱nde̱ sangise̱ dina la Loba. Nje nika e mapulano̱ kwala e? Nika e mapula nde kwala ná, ponda Janea la Loba di me̱nde̱no̱ janea wase, bato ba benama be̱se̱ ba me̱nde̱ bola dina la Yehova edube.​—Ombwa Maki 20 ."
fr,dua,"22 Jésus a appris à ses disciples à demander dans la prière : « Que ton royaume vienne. » Le royaume de Dieu allait donc venir plus tard. Jéhovah devait d’abord établir ce royaume et faire de Jésus le Roi. Quand Jésus est retourné au ciel, est-​il devenu Roi tout de suite ? Non. Il a dû attendre. Comment le sait-​on ? Peu de temps après la résurrection de Jésus, Pierre et Paul ont dit que la prophétie contenue en le concernait. Dans cette prophétie, Jéhovah disait à Jésus de ‘s’asseoir à sa droite’ et d’attendre ‘jusqu’à ce qu’il place ses ennemis’ sous ses pieds ( ). Combien de temps Jésus a-​t-​il attendu ?","22 Yesu okwe̱le̱ bokwedi bao o kane̱ ná: “Janea lo̱ngo̱ di ye.” Nika e lee̱le̱ ná janea la Loba di ta langame̱ne̱ po̱ o mińa mi maye̱. Yehova a ta angame̱ne̱ se̱le̱ bokise̱ janea lao, denge̱ a mate̱se̱ Yesu Kiṅ’a di janea. Mo̱, Yesu a te̱se̱be̱ Kiṅe̱ dibokime̱ne̱ a timbino̱ o mo̱ń e? Ke̱m, a ta angame̱ne̱ jenge̱le̱. Petro na Paulo ba tele̱ye̱ nika ombusa bepumbwedi ba Yesu, ponda ba lee̱le̱no̱ ná edinge̱ a e mombwea nde Yesu. O y’edinge̱, Yehova a makwala ná: “Ja o dia lam la mom natē̱ na timbise̱ basingedi bo̱ngo̱ elondo a matanga mo̱ngo̱.” ( ) Ponda ininga so̱ Yesu a tano̱ angame̱ne̱ jenge̱le̱ oboso ná Yehova a mate̱se̱ mo̱ Kiṅe̱ e?"
fr,dua,"23 Plusieurs années avant 1914, un groupe de chrétiens sincères ont étudié les prophéties de la Bible et ils ont compris que 1914 serait une année importante (voir la note n o 22 ). Depuis 1914, ce qui se passe dans le monde prouve qu’ils avaient raison. C’est cette année-​là que Jésus a commencé à régner ( ). Peu après, Satan a été jeté sur la terre. Et il ne lui reste que « peu de temps » ( ). La Bible appelle cette période « les derniers jours ». Dans le chapitre suivant, nous verrons des preuves que nous vivons cette période. Nous apprendrons aussi que, très bientôt, grâce au Royaume, la volonté de Dieu sera faite sur la terre.","23 Mimbu jita oboso ba mbu ma 1914, dibo̱to̱ la Kriste̱n yena i ta i wasa mbale̱ i so̱ṅtane̱ ná mu mbu mu ta mwangame̱ne̱ be̱ mbu ma mweńa o bedinge̱ ba Bibe̱l. Mambo mena ma bolane̱ o wase botea mu mbu ma 1914 ma bamse̱ ná i ta i te̱nge̱ne̱. Yesu a botedi o janea ka Kiṅe̱ o mu mbu me̱ne̱. ( ) Dibokime̱ne̱ ombusa mo̱ botea janea lao nde Satan a pimbabe̱no̱ o wase, tatan “a dian nde son a ponda.” ( ) O jokwa di bupe̱, di mala je̱ne̱ mboṅ ipe̱pe̱ i malee̱le̱ ná jā nde o yi son a ponda. Di me̱nde̱ pe̱ jokwa ná son a ponda Janea la Loba di me̱nde̱ bola ná jemea la Loba di bolabe̱ o wase.​—Ombwa Maki 21 ."
fr,dua,"Depuis que Satan et les démons ont été chassés du ciel, les souffrances ont augmenté sur la terre. Mais elles vont bientôt disparaître.",Janea la Loba di me̱nde̱ bola ná jemea la Loba di bolabe̱ o wase
fr,dua,"EN REGARDANT les informations à la télévision, avez-​vous déjà pensé : « Les choses vont vraiment de plus en plus mal ! » Il y a tellement de malheurs et de méchanceté que certaines personnes pensent que c’est bientôt la fin du monde. La fin du monde est-​elle vraiment pour bientôt ? Est-​il possible de connaître l’avenir ? Oui. Les humains ne peuvent pas dire à l’avance ce qui va se passer, mais Jéhovah peut le faire. Et il l’a fait : la Bible parle de notre avenir et de l’avenir de la terre ( ).","MO̱, E ta e mapo̱ye̱ wa ná we o jombwa television to̱so̱ senga mibia o radio nde o baise̱ o wame̱ne̱ ná, ‘Mo̱, wase e mala nde we̱ni e?’ Ndutu na njo bena ba piń o wase ba mawana bato bō̱ o dube̱ ná, jā be̱be̱ na su la wase. Mo̱, nika ńe mbale̱ e? Mo̱, mwano ma bia nje e me̱nde̱ po̱ kie̱le̱ ni maye̱ mwe e? E. To̱ná bato ba benama ba titino̱ ná ba langwa oboso ba ponda nje e me̱nde̱ bolane̱, Yehova Loba mo̱ e ná. A malangwea biso̱ o Bibe̱l jombwea kie̱le̱ ni maye̱ ńasu, na ńa wase.​— ."
fr,dua,"2 Quand la Bible parle de la fin du monde, elle ne parle pas de la fin de la Terre, mais de la fin de la méchanceté. Jésus a enseigné que le royaume de Dieu allait diriger la terre ( ). Ses disciples voulaient savoir quand le royaume de Dieu allait venir. Ils lui ont donc demandé : « Quand ces choses auront-​elles lieu, et quel sera le signe de ta présence et de la période finale du monde ? » ( ) (voir la note n o 24 ). Jésus n’a pas donné à ses disciples la date de la fin du monde. Par contre, il leur a dit quelles choses allaient arriver juste avant. Et ces choses se passent à notre époque.","2 Di malanga te̱ o Bibe̱l jombwea su la wase, nika e si mapula kwala su la Wase ńe wum’asu ya boja, nde su la mambo ma bobe. Yesu okwe̱le̱ bato ná Janea la Loba di me̱nde̱ janea wase ńe̱se̱. ( ) Bokwedi bao ba ta ba pula bia njika ponda Janea la Loba di me̱nde̱no̱ po̱, na babo̱ ba baise̱ Yesu ná: “Njika ponda man mambo ma me̱nde̱no̱ bolane̱, na nje e me̱nde̱ be̱ eyemban a [“byukedi,” NW ] bo̱ngo̱ na ya su la wase?” ( ) Yesu a si boli babo̱ buńa na te̱ite̱i, nde a langwedi babo̱ nje e me̱nde̱ bolane̱ oboso ná su la wase di mapo̱. Nje Yesu a kwalino̱ ná e me̱nde̱ bolane̱ e ni bolane̱ tatan."
fr,dua,"3 Dans ce chapitre, nous allons voir des preuves que nous vivons juste avant la fin du monde. Mais pour comprendre pourquoi les choses vont si mal sur la terre, nous devons d’abord parler d’une guerre qui s’est passée au ciel.","3 O din jokwa di me̱nde̱ jombwea mambo ma malee̱le̱ ná jā nde o mińa misukan ma su la nin wase. Laboso, jangame̱ne̱ jokwa jombwea bwemba bwan o mo̱ń, nde ná di we̱le̱ so̱ṅtane̱ ońola nje mambo meno̱ bobe bwambi o nin wase."
fr,dua,"4 Dans le chapitre 8 , nous avons appris que Jésus est devenu Roi au ciel en 1914 ( ). Le livre de la Révélation raconte ce qui s’est passé après : « Une guerre a éclaté dans le ciel : Michel [ Jésus ] et ses anges ont combattu le dragon, et le dragon [ Satan ] et ses anges ont combattu. » Satan et les démons ont perdu la guerre et ils ont été jetés sur la terre. Les anges étaient très heureux ! Mais qu’allait-​il arriver aux humains ? D’après la Bible, ils auraient beaucoup de malheurs. Pourquoi ? Parce que le Diable est très en colère : il sait qu’il ne lui reste que « peu de temps » ( ).","4 O Jokwa 8 joko ná Yesu a te̱se̱be̱ Kiṅe̱ o mo̱ń o mbu ma 1914. ( ) Kalat’a Bebīsedi e malangwea biso̱ nje e bolane̱: “Bwemba bo ta o mo̱ń; Mikael [nika ńe nde, Yesu] na ange̱l ao ba ta banane̱ ni ngungu a ngando [Satan]; ngungu a ngando pe̱ e ta ńana mwemba na ange̱l ao.” * Satan na midī mao ma bobe ba bukabe̱, ba pimbabe̱ o wase. Dutea te̱ muńe̱nge̱ ange̱l i bono̱! Bato ba mundi ma wase pe̱ so̱ e? Bibe̱l e makwala ná ni ponda e ta nde ńangame̱ne̱ be̱ ńa ndutu ońola mbel’a moto. Ońola nje e? Ońolana Diabolo e oteten a malinga mande̱ne̱, “kana a bino̱ ná a dian nde son a ponda.”​— ."
fr,dua,5 Le Diable provoque le plus de malheurs possible sur la terre. Il est très en colère parce qu’il sait que Dieu va le faire disparaître très bientôt. Mais voyons maintenant ce que Jésus a dit sur les derniers jours.,5 Diabolo e o we̱le̱ mpungu o wase etum te̱ ngud’ao e madie̱le̱no̱ mo̱. A mońa na malinga ońolana a dian nde “son a ponda” obiana Loba a masumwa mo̱. Jombweye nje Yesu a kwalino̱ ná e me̱nde̱ bolane̱ o mińa misukan.​—Ombwa Maki 23 .
fr,dua,"6 Les guerres. Jésus a dit : « Nation se dressera contre nation et royaume contre royaume » ( ). Il y a eu plus de morts à cause des guerres à notre époque qu’à n’importe quelle autre époque. D’après une organisation de recherche (Worldwatch Institute), depuis 1914, les guerres ont tué plus de 100 millions de personnes. En 100 ans, entre 1900 et 2000, il y a eu trois fois plus de morts à cause des guerres que pendant les 1900 années précédentes. Les guerres font souffrir des millions de gens !","6 Bila. Yesu a kwali ná: “Tumba di me̱nde̱ te̱me̱ te̱nge̱ne̱ tumba, janea pe̱ te̱nge̱ne̱ janea.” ( ) Bato ba si ta ba mábwabe̱ o bila o myango ma mbel’a moto ka nje te̱ ba mabwabe̱no̱ o nin pond’asu. Dibo̱to̱ la bato ba mawase̱ o so̱ṅtane̱ mambo ma mabolane̱ o wase ba boli bolangi ná, botea o mbu ma 1914, bila bo mábwa buka na 100 lodun la bato. Nika ńe ngedi ilalo muso̱ngi ma bato ba bwabe̱ o pambo a ponda ńa 100 mbu, oteten a mimbu ma 1900 na 2000; ka nje te̱ ba bwabe̱no̱ oteten a 1 900 ba mimbu mi se̱le̱. Dutea te̱ ndenge̱ na sese bila bo wanedino̱ lodun la bato!"
fr,dua,"7 La faim. Jésus a dit : « Il y aura des famines » ( ). Les humains n’ont jamais produit autant de nourriture qu’aujourd’hui. Pourtant, beaucoup de gens n’ont pas assez à manger. Pourquoi ? Parce qu’ils n’ont pas assez d’argent pour acheter de la nourriture ou un petit terrain à cultiver. Plus de un milliard de personnes (une personne sur sept) vivent avec moins de un dollar par jour. D’après l’Organisation mondiale de la santé, des millions d’enfants tombent malades et meurent chaque année parce qu’ils n’ont pas assez à manger.","7 Njai. Yesu a kwali ná: “Njai ninde̱ne̱ e me̱nde̱ be̱.” ( ) To̱ná myōnda ma mada mi masabe̱no̱ jita we̱nge̱ buka o mińa maboso, jita la bato di mataka njai. Ońola nje e? Ońolana ba si be̱n mo̱ni mu dongame̱n o janda da to̱so̱ mińangadu o sa. Buka na ikol’a edun ewo̱ ya bato i si be̱n buka na bebwea betanu ba frank ońola buńa. Bebokedi be mombweye̱ ja la bwam o wase (O.M.S.) be makwala ná lodun la bana lo mawo̱ mbu te̱, bwambwam ońolana ba si mada ńai ni dongame̱n ná ba be̱ne̱ ja la bwam."
fr,dua,"8 Les tremblements de terre. Jésus a annoncé : « Il y aura de grands tremblements de terre » ( ). Les scientifiques prévoient pour chaque année de violents tremblements de terre. Depuis 1900, plus de deux millions de personnes sont mortes à cause des tremblements de terre. Aujourd’hui, grâce à la technologie, on sait plus tôt qu’avant quand les tremblements de terre vont se produire. Pourtant, ils font toujours beaucoup de morts.","8 Soa la mińangadu. Yesu a ta a bīse̱ ná: “Soa la mińangadu dinde̱ne̱ di me̱nde̱ be̱.” ( ) Mbu te̱, soa la mińangadu dinde̱ne̱ le ná di ko̱ye̱ bato. Botea o mbu ma 1900, soa la mińangadu di bo buka ná lodun la bato loba. To̱ná dibie̱ la wase̱le̱ la wase di mongwane̱no̱ bato o pomane̱ so̱ soa la mińangadu oboso ná di mako̱ye̱ bato, jita la bato di dia te̱ nde di mawo̱."
fr,dua,"9 Les maladies. Jésus a annoncé qu’il y aurait des « épidémies ». Beaucoup de gens meurent à cause de maladies graves qui se répandent très vite ( ). Les médecins savent soigner beaucoup de maladies, mais pas toutes. Chaque année, des millions de gens meurent à cause de maladies comme la tuberculose, le paludisme et le choléra. Pendant les 40 dernières années, les médecins ont découvert 30 nouvelles maladies. Et pour certaines d’entre elles, il n’existe aucun traitement.","9 Diboa. Yesu a ta a bīse̱ ná ‘maboa ma bobe’ ma me̱nde̱ be̱. Ma maboa ma bobe ma me̱nde̱ pomane̱ lańa, ma bwa pe̱ jita. ( ) To̱ná mado̱kita mokono̱ ne̱ni bo̱le̱ jita la maboa, maboa mō̱ ma dia te̱ nde mena ba titino̱ ná ba bo̱le̱. Bolangi bō̱ bo tele̱ye̱ ná, eyo̱so̱s’a njo̱, diboa la ngo̱, na kolera ba mabwa lodun la bato mbu te̱. Seto̱ buka te̱ nika, mado̱kita ma so̱i pe̱ 30 ma maboa ma peńa, mō̱ mabu ma si be̱n bwanga."
fr,dua,"10 D’après , pendant les derniers jours, il y aurait des temps « difficiles à supporter ». L’apôtre Paul a expliqué comment beaucoup de gens se comporteraient. Il a dit que les humains...","10 O kalat’a , Bibe̱l e makwala ná: “O mińa misukan pond’a bobe e me̱nde̱ po̱.” Ńamuloloma Paulo a lango njika bede̱mo bato ba me̱nde̱no̱ be̱ne̱ o mińa misukan. Mo̱ ná, bato ba me̱nde̱ be̱"
fr,dua,"ne seraient pas fidèles,",ba si dube̱ Loba
fr,dua,"n’auraient pas d’affection pour leur famille,",ba si be̱n ndolo ońola mbia mabu
fr,dua,"ne se maîtriseraient pas,",ba si we̱le̱ mańolo ko̱nji
fr,dua,"seraient violents et agressifs,","njo, ba kwańa pe̱"
fr,dua,"aimeraient plus les plaisirs que Dieu,",bato̱nde̱ muńe̱nge̱ ma ńolo buka Loba
fr,dua,"diraient qu’ils aiment Dieu, mais refuseraient de lui obéir.",ba be̱n eladingo̱m a ndol’a Loba nde ba mabange̱ sengane̱ mo̱
fr,dua,"11 Les gens sont-​ils comme cela là où vous vivez ? Dans le monde, beaucoup de gens se comportent de cette façon. Mais Dieu va bientôt faire quelque chose. Il promet : « Quand les méchants germent comme des mauvaises herbes et que les malfaiteurs fleurissent, c’est qu’ils vont être anéantis pour toujours. » ( ).","11 Mo̱ jita la bato di be̱n ben bede̱mo wuma o majano̱ e? Jita di be̱n mo̱ o wase ńe̱se̱. Nde Loba a me̱nde̱ bola lambo jombwea nika son a ponda. A kakane̱ ná: “Babobe ba mapumea te̱ ka bewudu, bamawuse̱ pe̱ ba lo̱mbo̱ ka mbonji, ke̱ ye nde ońola bumbisabe̱ labu [to̱so̱, beńamsedi babu]” o bwindea.​— ."
fr,dua,"12 La Bible a annoncé que, pendant les derniers jours, il y aurait beaucoup de malheurs et de souffrances. Mais elle a dit aussi que de bonnes choses arriveraient.","12 Bibe̱l e se̱le̱ bīse̱ ná o mińa misukan, wase e me̱nde̱ londa na sese na take. Nde Bibe̱l e to̱pedi pe̱ ońola mambo ma bwam ma me̱nde̱ bolane̱."
fr,dua,"13 Les serviteurs de Dieu comprendraient mieux la Bible. Le prophète Daniel a écrit au sujet des derniers jours : « La vraie connaissance deviendra abondante » ( ). Pendant les derniers jours, Dieu aiderait ses serviteurs à mieux comprendre la Bible. Et c’est ce qu’il a fait, surtout depuis 1914. Par exemple, il nous a aidés à mieux comprendre l’importance de son nom, son projet pour la terre, ce qu’est la rançon, ce qui se passe après la mort et l’espoir de la résurrection (voir les notes n os 21 et 25 ). Nous avons compris que le royaume de Dieu est le seul gouvernement qui peut régler tous nos problèmes. Nous avons aussi compris comment être heureux et comment vivre d’une manière qui plaît à Dieu. Mais les serviteurs de Dieu gardent-​ils pour eux ce qu’ils apprennent ? Une autre prophétie répond à cette question.","13 So̱ṅtane̱ la Bibe̱l. Muto̱ped’a mudī Daniel a tili jombwea mińa misukan. Mo̱ ná: “So̱ṅtane̱ la [“mbale̱,” NW ] di me̱nde̱ to̱ndo̱.” ( ) Loba a me̱nde̱ bola baboledi bao ngudi o be̱ne̱ so̱ṅtane̱ la se̱ṅse̱ṅ la Bibe̱l buka nged’a boso. Yehova a boli nika tobotobo botea o mbu ma 1914. K’eyembilan, okwe̱le̱ biso̱ mweńa ma dina lao na ma mwano mao ońola wase nikame̱ne̱ pe̱ na mbale̱ jombwea diko̱ti, nje e mapo̱ye̱ biso̱ ombusa kwedi, na bepumbwedi. Joko ná Janea la Loba buka te̱ nde le ná di bo̱le̱ ndut’asu ye̱se̱. Joko pe̱ ne̱ni be̱ bonam, na ne̱ni die̱le̱ longe̱ o mbadi ni do̱lisane̱ Loba. Nde nje baboledi ba Loba ba mabolane̱no̱ nje bokono̱ e? Edinge̱ epe̱pe̱ e mabola biso̱ jalabe̱.​—Ombwa Maki 20 na 24 ."
fr,dua,"14 Les serviteurs de Dieu prêcheraient dans le monde entier. Jésus a dit au sujet des derniers jours : « Cette bonne nouvelle du Royaume sera prêchée sur toute la terre » ( ). La bonne nouvelle du Royaume est prêchée en plus de 700 langues et dans plus de 230 pays et territoires. Les Témoins de Jéhovah, qui sont de « toutes nations et tribus », prêchent sur toute la terre. Ils aident les gens à comprendre ce qu’est le royaume de Dieu et ce qu’il fera pour les humains ( ). Ils le font gratuitement. Et même si, comme Jésus l’avait dit, beaucoup de gens les détestent ou les maltraitent, rien ne peut les arrêter ( ).","14 Ebol’a dikalo o wase ńe̱se̱. Ke̱ e o to̱pea jombwea mińa misukan Yesu a kwali ná: “Min myango ma bwam ma janea mi me̱nde̱ langwabe̱ o wase ńe̱se̱.” ( ) Myango ma bwam ma Janea me o langwabe̱ o buka ná 230 ba mindi na o buka ná 700 ba leme̱. E, o wase ńe̱se̱, Mboṅ a Yehova ya “bekombo be̱se̱ na mbia me̱se̱” ye o jongwane̱ bato o so̱ṅtane̱ nje di Janea leno̱, na nje di me̱nde̱no̱ bola ońola mbel’a moto. ( ) Ba mabola nika esibe̱ musawedi. To̱ná ba singabe̱no̱, ba matakisabe̱no̱ pe̱ na jita, to̱ lambo di titi ná leka ebol’a dikalo, ka nje te̱ Yesu a bīse̱no̱.​— ."
fr,dua,"15 Pensez-​vous que nous vivons les derniers jours ? Beaucoup de prophéties de la Bible sur les derniers jours se réalisent aujourd’hui. Bientôt, Jéhovah va décider que la bonne nouvelle ne doit plus être prêchée. C’est alors que la « fin » viendra ( ). Qu’est-​ce que la « fin » ? La « fin », c’est Armaguédon. C’est le moment où Jéhovah supprimera toute la méchanceté. Il se servira de Jésus et de ses anges puissants pour détruire ceux qui refusent de lui obéir et d’obéir à Jésus ( ). Après cela, Satan et ses démons ne tromperont plus personne. Ceux qui veulent obéir à Dieu et être dirigés par son royaume verront alors toutes ses promesses se réaliser ( ).","15 Mo̱, o dube̱ ná jā nde o mińa misukan e? Jita la bedinge̱ ba Bibe̱l jombwea mińa misukan be o kusa belondisedi. Son a ponda Yehova a me̱nde̱ no̱ngo̱ bedomsedi ba we̱le̱ su o dikalo la myango ma bwam, denge̱ “su” di mapo̱. ( ) Su le nde nje e? Le nde Armagedon, ponda Loba a me̱nde̱no̱ bo̱le̱ bobe bwe̱se̱. Yehova a me̱nde̱ bolane̱ Yesu na ange̱l ao ya ngińa o bumbise̱ to̱ nja nu mabange̱ o sengane̱ mo̱ na Mun’ao. ( ) Ombusa nika, Satan na midī mao ma bobe ba si me̱nde̱ pe̱ wo̱ndo̱ bato. Be̱se̱ ba mapule̱ sengane̱ Loba na jemea pe̱ Janea lao, ba me̱nde̱ je̱ne̱ belondisedi ba kakane̱ te̱ Loba a bolino̱.​— ."
fr,dua,"16 Ce monde dirigé par Satan sera bientôt détruit. Il est donc très important de se demander : « Qu’est-​ce que je dois faire ? » Jéhovah veut que vous appreniez le plus de choses possible sur la Bible. Étudiez-​la avec sérieux ( ). Pour aider les gens à la comprendre, les Témoins de Jéhovah ont des réunions chaque semaine. Faites tout ce que vous pouvez pour assister à ces réunions ( lire ). Si vous comprenez que vous avez des changements à faire, n’ayez pas peur : faites-​les. Alors votre amitié avec Jéhovah deviendra de plus en plus forte ( ).","16 Nin wase Satan a maneano̱ e me̱nde̱ po̱ o su son a ponda. Ye so̱ mweńa jita ná di baise̱ na biso̱me̱ne̱ ná, ‘Nje nangame̱nno̱ bola e̱?’ Yehova a mapula ná wokwe Bibe̱l eyeka. Wangame̱n o no̱ngo̱ jokwa lo̱ngo̱ iwiye̱. ( ) Mboṅ a Yehova i be̱n ndongame̱n woki te̱ o jongwane̱ bato o so̱ṅtane̱ Bibe̱l. Keka ná wukeye o yi ndongame̱n ponda ye̱se̱. (Langa .) Woko te̱ ná wangame̱n o wana mawengisan o longe̱ lo̱ngo̱, o si bwa bo̱ngo̱ o bola nika. Bola lo̱ngo̱ la nika, di mabola ná mulatako mo̱ngo̱ na Yehova mu bate be̱ ngińa.​— ."
fr,dua,"17 L’apôtre Paul a dit que la destruction des méchants arriverait « comme un voleur dans la nuit » ( ). Cela veut dire qu’elle arrivera à un moment où la plupart des gens ne l’attendront pas. Jésus a annoncé que beaucoup de gens refuseraient de voir les preuves que nous vivons les derniers jours. Il a dit : « Durant la présence du Fils de l’homme [ les derniers jours ], les choses se passeront comme à l’époque de Noé. Avant le Déluge, les gens mangeaient et buvaient, les hommes se mariaient et les femmes étaient données en mariage, jusqu’au jour où Noé est entré dans l’arche ; et ils n’ont pas été attentifs, jusqu’à ce que le Déluge vienne et les emporte tous » ( ).","17 Ńamuloloma Paulo a boli beteledi ná, beńamsedi ba babobe be me̱nde̱ nde po̱ “ka mwibedi o bulu” o ponda ńena jita la bato di titino̱ jenge̱le̱ mo̱. ( ) Yesu a se̱le̱ bīse̱ ná, jita la bato di me̱nde̱ banga jemea mambo ma malee̱le̱ ná jā nde o mińa misukan. Mo̱ ná: “Ebanja kana e tano̱ o mińa mi ta oboso ba mpupe ma dibumbe, ba da, ba ńo̱, ba bā, ba bolabe̱ o diba, nate̱na buńa Noa ingedino̱ o elimbi, esibe̱ so̱ṅtane̱ to̱ lambo natē̱ mpupe ma dibumbe mu po̱, mu bo̱le̱ babo̱ be̱se̱ diboma.”​— ."
fr,dua,"18 Jésus nous a avertis : nous ne devons pas nous laisser distraire par « les excès de table, les excès de boisson et les inquiétudes de la vie ». Il a expliqué que la fin allait venir « comme un piège », c’est-à-dire par surprise. Il a ajouté qu’elle viendrait « sur tous les habitants de la terre entière ». Enfin, il a dit : « Restez donc éveillés et suppliez constamment [ priez du fond du cœur ] pour réussir à échapper à tout ce qui doit arriver et à vous tenir debout devant le Fils de l’homme » ( ). Pourquoi est-​il si important d’écouter l’avertissement de Jésus ? Parce que le monde de Satan va être détruit très bientôt. Seuls les humains qui seront approuvés par Jéhovah et Jésus resteront en vie. Ils vivront pour toujours dans le monde nouveau ( ).","18 Yesu ome̱le̱ ná di s’emea ná di lo̱ndo̱be̱ ná “mudesi na so̱ki na mitaka ma longe̱.” A kwali ná su di me̱nde̱ nde po̱ epańpań, “ka lambi.” A kwali pe̱ ná di “me̱nde̱ po̱ye̱ baje̱ o mundi ma wase be̱se̱.” A bati pe̱ ná: “Ja na pe̱ńe̱pe̱ńe̱ ponda ye̱se̱, lo kane̱ pe̱ [to̱so̱, kane̱ na iwiye̱], ná lo we̱le̱ jonga o man me̱se̱ ma me̱nde̱ po̱ na te̱me̱ oboso ba Mun’a moto.” ( ) Ońola nje yeno̱ mweńa jita o sengane̱ jome̱le̱ la Yesu e? Ońolana son a ponda was’a bobe ńa Satan e mala bumbisabe̱. Buka te̱ ba ba do̱lisane̱ Yehova na Yesu nde ba me̱nde̱ jongisabe̱ o su, ba be̱ pe̱ longe̱ o bwindea o was’a peńa.​— ."
fr,dua,JÉHOVAH veut que nous connaissions sa famille. Les anges en font partie (voir la note n o 8 ). La Bible les appelle « les fils de Dieu » ( ). Que font les anges ? Comment ont-​ils aidé des humains dans le passé ? Peuvent-​ils nous aider aujourd’hui ?,YEHOVA a mapula ná di bie mbia mao. Ange̱l ye nde belongi ba mbia ma Loba. Bibe̱l e mabele̱ babo̱ ná “bana ba Loba.” ( ) Nje ange̱l i mabolano̱ e? Ne̱ni yongwane̱no̱ bato o mińa ma kwaṅ e? Ye pe̱ ná yongwane̱ biso̱ we̱nge̱ e?​—Ombwa Maki 8 .
fr,dua,"2 Tout d’abord, il faut savoir que les anges ont été créés par Jéhovah. Jéhovah a créé Jésus en premier. Puis, d’après , « toutes les autres choses ont été créées dans le ciel et sur la terre ». La Bible dit qu’il y a des centaines de millions d’anges ( ).","2 E mapula ná di bie we̱ni ange̱l i wuno̱. Kalat’a e malangwea biso̱ ná, ombusa Yehova weka Yesu nde mane̱ “mambo me̱se̱ me o mo̱ń na me o wase ma wekabe̱no̱.” Ange̱l pe̱ ye o mu muso̱ngi. Ininga yabu i wekabe̱ e? Bibe̱l e makwala ná bebwea ba lodun ba ange̱l be wekabe̱.​— ."
fr,dua,"3 La Bible nous enseigne aussi que Jéhovah a créé les anges avant de créer la terre. Qu’ont-​ils ressenti en voyant la terre ? Le livre de Job dit qu’ils étaient très heureux. À l’époque, ils formaient une famille unie et ils servaient Jéhovah tous ensemble ( ).","3 Bibe̱l e mokwe̱le̱ pe̱ biso̱ ná, Yehova a se̱le̱ nde weka ange̱l obiana a maweka wase. Ne̱ni i sengino̱ o mulema ponda ye̱nno̱ wase e? Kalat’a Hiob e malangwea biso̱ ná i sombise̱. I ta nde mbia mwe mulatako, i ta pe̱ i bolea Yehova mwemba.​— ."
fr,dua,"4 Les anges se sont toujours intéressés aux humains et au projet de Jéhovah pour la terre et les humains ( ). Quand Adam et Ève se sont rebellés, les anges ont certainement été très tristes. Et aujourd’hui, ils sont certainement encore plus tristes de voir que la plupart des humains n’obéissent pas à Jéhovah. Mais quand quelqu’un regrette ses péchés, change de comportement et revient à Jéhovah, les anges sont très heureux ( ). Ils s’intéressent beaucoup aux humains qui servent Dieu. Jéhovah les utilise pour aider et protéger ses serviteurs sur la terre ( ). Voyons quelques exemples.","4 Ange̱l yindi o lee̱le̱ ná i be̱n ponda ońola bato, na ná i soke̱ pe̱ miso̱ mabu o mwano ma Yehova jombwea wase na mbel’a moto. ( ) Ye̱ke̱i te̱ i bo ndutu jita ponda Adam na Eva ba pamono̱ Loba. Yangame̱n pe̱ bwa ndutu jita we̱nge̱, o je̱ne̱ ná jita la bato di si masengane̱ Yehova. Nde ange̱l ye muńe̱nge̱ ke̱ moto ate̱le̱, a timba na Loba. ( ) Ange̱l i be̱n ponda jita ońola ba ba maboleye̱ Loba. Yehova a mabolane̱ ange̱l o jongwane̱ na o tata baboledi bao o wase. ( ) Jombweye byembilan bō̱ ba nika."
fr,dua,"5 Avant de détruire les villes de Sodome et de Gomorrhe, Jéhovah a envoyé deux anges sauver Loth et sa famille ( ). Des centaines d’années plus tard, le prophète Daniel a été jeté dans une fosse aux lions. Mais il n’a pas été blessé parce que « Dieu a envoyé son ange et a fermé la gueule des lions » ( ). Plus tard, quand l’apôtre Pierre était en prison, Jéhovah a envoyé un ange le libérer ( ). Des anges ont aussi aidé Jésus quand il était sur la terre. Par exemple, après son baptême, des anges l’ont servi ( ). Et juste avant sa mort, un ange l’a fortifié ( ).","5 Yehova a ta a loma ange̱l iba o jongwane̱ Lot na mbia mao, ná ba sambe bumbisabe̱ la mindi ma Sodom na Gomora. ( ) Bebwea ba mbu jita ombusa ponda, muto̱ped’a mudī Daniel a ta a pimbabe̱ o ekukud’a ngila, nde i s’e̱nse̱ mo̱ sese ońolana ‘Loba a lom ange̱l ao, a diba midumbu ma ngila.’ ( ) Ponda ńamuloloma Petro a tano̱ o beboa, Yehova a lom ange̱l o jo̱so̱mo̱ oten. ( ) Ange̱l yongwane̱ pe̱ Yesu ponda a tano̱ o wase. K’eyembilan, ombusa dubise̱ lao, “ange̱l i ta i bolea mo̱.” ( ) Oboso ná Yesu a mabwabe̱, ange̱l e ta “ńembe̱ mo̱.”​— ."
fr,dua,"6 Aujourd’hui, les anges ne se montrent plus aux humains. Mais Dieu les utilise encore pour aider ses serviteurs. La Bible dit : « L’ange de Jéhovah campe autour de ceux qui le craignent et il les délivre » ( ). Pourquoi avons-​nous besoin d’être protégés ? Parce que nous avons des ennemis puissants qui veulent nous faire du mal. Qui sont-​ils ? D’où viennent-​ils ? De quelles façons essaient-​ils de nous faire du mal ? Pour répondre à ces questions, voyons ce qui est arrivé peu de temps après la création d’Adam et Ève.","6 Ange̱l i si mabusea pe̱ bato we̱nge̱. Nde Loba a dia te̱ nde a mabolane̱ ange̱l o jongwane̱ baboledi bao. Bibe̱l e makwala ná: “Ange̱l a Yehova e mayo̱mbo̱ dinge̱le̱ ba ba mabwe̱ mo̱ bo̱ngo̱, e masunga babo̱.” ( ) Ońola nje di be̱nno̱ ńo̱ng’a betatedi e? Ońolana di be̱n basingedi ba ngińa ba mapule̱ je̱nse̱ biso̱ sese. Ba nja beno̱ e? We̱ni ba mawano̱ e? Ne̱ni ba makekano̱ o je̱nse̱ biso̱ sese e? Ná jalabe̱ min myuedi, jombweye nje e bolane̱ dibokime̱ne̱ ombusa wekabe̱ la Adam na Eva."
fr,dua,"7 Dans le chapitre 3 , nous avons appris qu’un ange s’est rebellé contre Dieu. Il voulait dominer les autres. La Bible l’appelle Satan le Diable ( ). Il voulait aussi que les humains se rebellent contre Dieu. Il a commencé par tromper Ève, puis il a trompé la plupart des humains. Mais certains humains, comme Abel, Hénoch et Noé, sont restés fidèles à Dieu ( ).","7 Joko o Jokwa 3 ná, ange̱l po̱ e pamo Loba, e pula be̱ mwaned’a bane̱. Bibe̱l e mabele̱ mo̱ ná Satan Diabolo. ( ) Satan a puli pe̱ ná bane̱ pe̱ ba pamwe Loba. A tongwe̱le̱ o lemse̱ Eva, botea ni ponda pe̱ a lemse̱ jita la bato. Nde, bato bō̱ kana Abel, Heno̱k, na Noa ba tingame̱ na Yehova.​— ."
fr,dua,"8 À l’époque de Noé, certains anges se sont rebellés. Ils ont quitté le ciel pour vivre comme les humains sur la terre. Pourquoi ? La Bible dit qu’ils voulaient avoir des femmes ( lire ). Mais c’était mal que des anges fassent cela ( ). Comme ces anges méchants, la plupart des humains à cette époque se sont mis à mal agir et ils sont devenus violents. Alors Jéhovah a décidé de les détruire en inondant la terre par un déluge. Mais il a sauvé ses serviteurs fidèles ( ). Pour survivre, les anges méchants sont retournés au ciel. La Bible les appelle les démons. Ils ont choisi de se joindre à la rébellion de Satan, et il est devenu leur chef ( ).","8 O mińa ma Noa, ange̱l iwo̱ i pamo Loba, i dia boja babu o mo̱ń, i po̱ ka bato ba benama o ja o wase. Ońola nje e? Bibe̱l e malangwea biso̱ ná, i ta i pula ba bito. (Langa .) Nde e si ta e te̱nge̱ne̱ ná ange̱l i bole nika. ( ) Jita la bato ba benama o ni ponda ba timbi be̱ne̱ bedangwedi ba mpenga, ba be̱ pe̱ njo, mulemlem ka yi ange̱l a pamo. Na Yehova a no̱ngo̱ bedomsedi o ńamse̱ bato ba bobe na mpupe ma dibumbe o wase. Nde a sungi baboledi bao ba jemea. ( ) Ná i sunge longe̱ labu, yi ange̱l a pamo i timbi o mo̱ń. Bibe̱l e mabele̱ yi ange̱l a pamo ná midī ma bobe. I po̱si o lata ngoto po̱ na Satan o pamo ao, na Diabolo a timba be̱ mwaned’abu.​— ."
fr,dua,"9 Parce que les démons sont des rebelles, Jéhovah n’a pas accepté qu’ils reviennent dans sa famille ( ). Ils ne peuvent plus prendre un corps humain, mais ils continuent d’‘égarer le monde entier’ ( ). Voyons comment ils font pour tromper autant de gens ( lire ).","9 Kana ba tano̱ ba pamo, Yehova a si kasi pe̱ midī ma bobe o mbia mao. ( ) Midī ma bobe mi titi pe̱ ná mi no̱ngo̱ mańolo ma bato, nde mi dia te̱ nde mi “malo̱ndo̱ wase ńe̱se̱.” ( ) Jokwe so̱ te̱ ne̱ni mi matongwe̱le̱no̱ o lemse̱, to̱so̱ lo̱ndo̱, jita la bato.​— Langa ."
fr,dua,"10 Les démons trompent les humains de différentes façons. Les gens qui communiquent avec les démons le font directement ou par le moyen de quelqu’un d’autre, par exemple un sorcier ou un médium. La communication avec les démons s’appelle le spiritisme (voir la note n o 26 ). La Bible nous ordonne de rester très loin de tout ce qui a un rapport avec les démons ( ). Pourquoi ? Parce que, tout comme un chasseur utilise un piège pour attraper un animal, les démons utilisent différents moyens pour piéger les humains et les avoir sous leur contrôle.","10 Midī ma bobe mi malemse̱ bato o mbadi jita. Bato ba malata nde na midī ma bobe tongwea na be̱ne̱ mulatako ma babo̱me̱ne̱ na babo̱, to̱so̱ tongwea na moto nupe̱pe̱, ka mot’a bwanga to̱so̱ mot’a ngambi. Mulatako na midī ma bobe mu mabelabe̱ ná jowe̱ la midī ma bobe, to̱so̱ bolane̱ la myanga. Nde Bibe̱l e mome̱le̱ biso̱ ná di pande etum na to̱ njika lambo di be̱n mulatako na midī ma bobe. ( ) Ońola nje e? Mulemlem ka nje te̱ mot’a jango a mabolane̱no̱ lambi o damea ńam’eyidi, nika pe̱ nde midī ma bobe mi mabolane̱no̱ milemsan o damea bato, na we̱le̱ babo̱ owas’a bediedi babu.​—Ombwa Maki 25 ."
fr,dua,"11 Par exemple, les démons utilisent la divination pour tromper les humains. La divination, c’est deviner l’avenir ou ce qui est caché au moyen de pouvoirs surnaturels. Certaines personnes essaient de connaître l’avenir au moyen de cartes de tarot, de rêves, d’une boule de cristal, de l’astrologie (en observant les étoiles) ou en lisant les lignes de la main. Beaucoup de gens pensent que tout cela est sans danger, mais c’est faux ! C’est très dangereux. La Bible montre que les démons et les voyants travaillent ensemble. parle d’une jeune fille qui prédisait l’avenir grâce à un « démon de divination ». Quand Paul a chassé le démon, elle a perdu son pouvoir.","11 Mō̱ ma mi milemsan mwe nde ngambi. Nika ńe nde bolane̱ la ngiń’a midī ma bobe o keka wasa bia nje e mapo̱ kie̱le̱ ni maye̱, to̱so̱ nje e si bian. Moto e ná a keka bola nika tongwea na langa la ngengeti, be̱ mulondedi, bolane̱ la mbambá, je̱ne̱ l’ekoṅ, to̱so̱ langa la mitila ma tanga la dia la moto. Jita la bato di mo̱nge̱le̱ ná ben beboledi be titi ná be̱nse̱ moto sese, nde nika e titi mbale̱. Be nde eso̱njisan ende̱ne̱. K’eyembilan, Bibe̱l e malee̱le̱ ná midī ma bobe na bato ba miso̱ mane̱i be mulatako. O kalat’a di malanga jombwea “mudī m’edinge̱” mwena mu ta be̱ mongwane̱ ngo̱nded’a muto po̱ ońola “to̱po̱ la bedinge̱.” Ponda ńamuloloma Paulo a busise̱no̱ mu mudī ma bobe na mo̱, na ni ngo̱ndedi e bo̱lo̱ne̱ ngud’a langwa nje e mapo̱ kie̱le̱."
fr,dua,"12 Les démons essaient aussi de nous tromper en nous faisant croire qu’il est possible de parler avec les morts. Ils veulent nous faire croire que les morts sont toujours en vie quelque part et qu’ils peuvent communiquer avec nous, nous aider ou nous faire du mal. Par exemple, après avoir perdu un ami ou un membre de leur famille, certaines personnes vont voir quelqu’un qui dit pouvoir parler avec les morts, comme un médium ou un sorcier. Il va peut-être leur donner un renseignement précis sur le mort et même imiter sa voix ( 1 Samuel 28:3-19 ). De plus, beaucoup de rites pour les morts sont basés sur la croyance qu’ils sont toujours en vie quelque part (par exemple : les fêtes funéraires, les anniversaires de décès, les sacrifices aux morts, les rites de veuvage ou les veillées funèbres). Parfois, quand des chrétiens refusent de participer à ces coutumes, leur famille ou les gens du village disent du mal d’eux, les insultent ou les rejettent. Mais les chrétiens savent que les morts ne continuent pas de vivre quelque part. Il est impossible de communiquer avec eux, et ils ne peuvent pas nous faire de mal ni nous aider ( ). Faites très attention ! N’essayez jamais de communiquer avec les morts ou les démons. Et ne participez jamais à des coutumes qui ont un rapport avec le spiritisme ( lire ).","12 Midī ma bobe mi mabolane̱ milemsan mipe̱pe̱ o damea bato. Mi makeka o bola biso̱ ná di dube̱ ná, je ná di kwalisane̱ bawedi, na ná bawedi be longe̱ wuma ipe̱pe̱, be ná ba kwalisane̱ biso̱ to̱so̱ bolane̱ biso̱ bobe. K’eyembilan, moto nu bo̱lo̱ne̱ diko̱m to̱so̱ elong’a mbia e ná ala je̱ne̱ moto, ka mot’a ngambi, nu makwale̱ ná e ná a kwalisane̱ nuwedi. Mot’a ngambi e ná a langwea nu moto lambo eno̱ ná a to̱ndo̱ senga jombwea diko̱m lao to̱so̱ elong’ao a mbia e wedi, e pe̱ na mo̱me̱ne̱ embilane̱ doi la nuwedi. ( 1 Samuel 28:3-19 ) Jita la beboledi ba kwedi pe̱ be se̱medi nde o dube̱ di makwale̱ ná, bawedi be longe̱ wuma ipe̱pe̱. Be beboledi be be̱n oten, ne̱nge̱le̱ la kwedi, mabua, jo̱nge̱le̱ la bawedi, bola la bawedi mabea, beboledi ba mukusa, na bepe̱pe̱. Be beboledi be̱se̱ be be̱n mulatako na midī ma bobe. Kriste̱n i yo̱ki sabe̱, i loabe̱, i to̱bo̱be̱ pe̱ na mbia mabu to̱so̱ na bato ba mundi mabu ońolana i mabanga no̱ngo̱ dongo o ben beboledi. Nde Kriste̱n i bi ná bawedi ba titi longe̱ wuma ipe̱pe̱. Di titi ná di kwalisane̱ babo̱, ba titi pe̱ to̱ ná be̱nse̱ biso̱ sese. ( ) No̱ngo̱ jangame̱ye̱. O si keka kwalisane̱ bawedi to̱so̱ midī ma bobe tom, o si no̱ngo̱ pe̱ to̱ dongo o beboledi ba midī ma bobe.​— Langa ."
fr,dua,"13 Les démons trompent les gens, mais en plus, ils leur font très peur. Aujourd’hui, Satan et les démons savent qu’il leur « reste peu de temps » parce que Dieu va bientôt les faire disparaître de la terre ( ). Ils sont donc encore plus violents qu’avant. Mais aujourd’hui, des milliers de gens qui avaient peur des démons n’ont plus peur d’eux. Comment se sont-​ils libérés de leur peur ?","13 Midī ma bobe mi si malemse̱ bato buka te̱, mi mabwese̱ pe̱ babo̱ bo̱ngo̱. O nin we̱nge̱, Satan na midī mao ma bobe ba bi ná ba dian nde buka te̱ “son a ponda” obiana Loba a masumwa babo̱ o wase, ońola nika nde beno̱ njo, ba kwańno̱ pe̱ buka o bebotedi. ( ) Nde, lokoli la bato lena kwaṅ, lo ta lo bwa midī ma bobe bo̱ngo̱, lo si mabwa pe̱ babo̱ bo̱ngo̱ tatan. Ne̱ni bo̱ngo̱ ba midī ma bobe bwasumwe̱no̱ na babo̱ e?"
fr,dua,"14 La Bible nous dit comment résister aux démons et comment nous libérer de leur pouvoir. Par exemple, avant de devenir chrétiens, certains habitants de la ville d’Éphèse communiquaient avec les démons. Comment se sont-​ils libérés de leur pouvoir ? La Bible dit que beaucoup « de ceux qui avaient pratiqué la magie rassemblèrent leurs livres et les brûlèrent devant tout le monde » ( ). Parce qu’ils voulaient devenir chrétiens, ils ont détruit tous leurs livres de magie. Il faut faire la même chose aujourd’hui. Ceux qui veulent servir Jéhovah doivent se débarrasser de tout ce qui a un rapport avec les démons. Cela peut être des livres, des magazines, les horoscopes, des films, de la musique, des jeux ou même des posters : en bref, tout ce qui présente la magie, la sorcellerie, les démons ou le surnaturel comme sans danger ou amusants. Cela peut aussi être des objets qu’on porte sur soi pour se protéger du mal ( ).","14 Bibe̱l e malangwea biso̱ ne̱ni te̱nge̱ne̱ midī ma bobe, na ne̱ni pe̱ te̱se̱ biso̱me̱ne̱ wonja na babo̱. K’eyembilan, bato bō̱ o mundi ma Efeso ba ta ba ko̱lo̱ngo̱ne̱ kwalisane̱ midī ma bobe obiana ba mokwa mbale̱. Ne̱ni ba te̱se̱no̱ babo̱me̱ne̱ wonja e? Bibe̱l e makwala ná: “Jita bena ba ta ba bola misomba ma mambo ba ta ba wana kalat’abu, ba dise̱ mo̱ oboso ba be̱se̱.” ( ) Ońolana ba ta ba pula be̱ Kriste̱n, ba dise̱ kalat’abu ya ngaṅ ye̱se̱. Mulemlem pe̱ nde yangame̱nno̱ bolane̱ we̱nge̱. To̱ nja nu mapule̱ boleye̱ Yehova, a s’angame̱n jalea bema bena be be̱n mulatako na midī ma bobe. Nika ńe nde: Kalati, langa la ngengeti, sinima, musiki, maloko, na mome̱ne̱ maduta ma malee̱le̱ ngaṅ, midī ma bobe, to̱so̱ ngińa ni mawe̱ na midī ma bobe ka lambo di si me̱nse̱ moto sese, to̱so̱ di mabwesane̱ muńe̱nge̱. Nika e mombwea pe̱ bema bato ba mabo̱to̱no̱ o tata babo̱me̱ne̱ na lambo la bobe.​— ."
fr,dua,"15 Quelques années après que les chrétiens d’Éphèse ont détruit leurs livres de magie, l’apôtre Paul leur a dit qu’ils devaient continuer de se battre « contre les forces spirituelles méchantes » ( ). Même s’ils avaient brûlé leurs livres, les démons essayaient toujours de leur faire du mal. Alors que devaient-​ils faire de plus ? Paul leur a dit : « Prenez le grand bouclier de la foi, avec lequel vous pourrez éteindre [ arrêter ] toutes les flèches enflammées du méchant » ( ). Dans un combat, un soldat est protégé par son bouclier. De la même façon, notre foi peut nous protéger. Si nous sommes convaincus que Jéhovah peut nous protéger, nous pourrons résister à Satan et aux démons ( ).","15 Jita la mimbu ombusa ba ba Efeso dise̱ kalat’abu ya ngaṅ wea, ńamuloloma Paulo a tili ná ba ta bangame̱n benga “janane̱” na te̱nge̱ne̱ “midī ma bobe.” ( ) E, to̱ná ba tano̱ ba mádise̱ kalat’abu, midī ma bobe mi ta te̱nge̱ nde mi keka je̱nse̱ babo̱ sese. Nje epe̱pe̱ so̱ ba tano̱ bangame̱n bola e? Paulo a langwedi babo̱ ná: “No̱ngo̱ ngub’a dube̱ ńena lo mawe̱le̱no̱ dimsane̱ [to̱so̱, jeka] nke̱ti ma wea ma ńabobe.” ( ) Ka nje te̱ nguba e matatano̱ mot’a bwemba o bila, nika pe̱ nde dube̱ lasu di matatano̱ biso̱. Di be̱n te̱ mbaki ni bam ná Yehova e ná a tata biso̱, je ná di we̱le̱ te̱nge̱ne̱ Satan na midī ma bobe.​— ."
fr,dua,"16 Comment pouvons-​nous rendre notre foi en Jéhovah plus forte ? Nous devons lire la Bible chaque jour. Nous devons aussi apprendre à faire confiance à Dieu et être sûrs qu’il va nous protéger. Si nous avons vraiment confiance en Jéhovah, Satan et les démons ne pourront pas nous faire de mal ( ).","16 Ne̱ni jeno̱ ná di bola ná dube̱ di be̱ne̱nno̱ Yehova di bate be̱ ngińa e? Jangame̱n o langa Bibe̱l buńa te̱, na jokwa pe̱ lakisane̱ mo̱ ná a me̱nde̱ tata biso̱. Di be̱ne̱ne̱ te̱ Yehova lakisane̱ di bam, Satan na midī ma bobe ba titi ná ba we̱le̱ je̱nse̱ biso̱ sese.​— ."
fr,dua,"17 Les chrétiens d’Éphèse devaient faire encore autre chose. Comme ils vivaient dans une ville remplie de spiritisme, Paul leur a dit : « Priez en toutes circonstances » ( ). À tout moment, ils devaient demander à Jéhovah de les protéger. Nous aussi, nous vivons dans un monde rempli de spiritisme. Nous devons donc demander à Jéhovah de nous protéger. Et quand nous prions, nous devons utiliser son nom ( lire ). Si nous continuons de demander à Jéhovah de nous délivrer de Satan, il répondra à nos prières ( ).","17 Nje epe̱pe̱ Kriste̱n a Efeso i tano̱ yangame̱n bola e? Ba ta nde ba ja o mundi mu ta mu londa na jowe̱ la midī ma bobe. Paulo a langwedi so̱ babo̱ ná: “Wana beso̱so̱medi ponda ye̱se̱.” ( ) E ta e pula ná ba baise̱ Yehova ná a tate babo̱ o ponda ye̱se̱. Biso̱ pe̱ so̱ e? Biso̱ pe̱ je nde o wase ni londi na jowe̱ la midī ma bobe. Ońola nika, biso̱ pe̱ jangame̱n o baise̱ Yehova ná a tate biso̱, jangame̱n pe̱ bolane̱ dina lao ke̱ di makane̱. (Langa .) Yehova a me̱nde̱ jalabe̱ mika masu yete̱na di bengi baise̱ mo̱ ná a sunge biso̱ o mā ma Satan.​— ."
fr,dua,"18 Si nous nous débarrassons de tout ce qui a un rapport avec le spiritisme et si nous faisons confiance à Dieu pour nous protéger, nous pourrons résister à Satan et aux démons. Nous ne devons pas avoir peur d’eux ( lire ). Jéhovah est beaucoup plus puissant que les démons. Il les a punis à l’époque de Noé, et dans l’avenir, il les fera disparaître ( ). N’oubliez pas que nous ne combattons pas tout seuls contre Satan et les démons. Jéhovah utilise les anges pour nous protéger ( ). Nous pouvons être sûrs qu’avec l’aide de Jéhovah, nous gagnerons le combat ( ).","18 Je ná di te̱nge̱ne̱ Satan na midī ma bobe yete̱na di sumo o longe̱ lasu mambo me̱se̱ me mulatako na jowe̱ la midī ma bobe, di lakisane̱ pe̱ Yehova ná a me̱nde̱ tata biso̱. Di s’angame̱n bwa babo̱ bo̱ngo̱. (Langa .) Ngiń’a midī ma bobe e salo jita kobisane̱ ńa Yehova. A ko̱kise̱ babo̱ o mińa ma Noa, o mińa mi maye̱ pe̱ a me̱nde̱ bumbise̱ babo̱. ( ) O si dimbea ná di titi muso̱lo̱ki o y’ewe̱nji. Yehova a mabolane̱ ange̱l ao o tata biso̱. ( ) Je ná di be̱ mbaki ná, na jongwane̱ la Yehova, je ná di buka o bwemba basu te̱nge̱ne̱ Satan na midī ma bobe.​— ."
fr,dua,"19 Puisque Satan et les démons provoquent beaucoup de souffrances sur la terre, pourquoi est-​ce que Dieu ne les a pas encore supprimés ? Nous répondrons à cette question dans le chapitre suivant.","19 Ye so̱ te̱ ná Satan na midī ma bobe ba mawanea bato ninka jita la take, ońola nje nate̱na tatan Loba a si bedino̱ bumbise̱ babo̱ e? Min myuedi mi me̱nde̱ kusa jalabe̱ o jokwa di bupe̱."
fr,dua,« Mon Dieu a envoyé son ange et a fermé la gueule des lions » ( ).,"“Loba lam a lom ange̱l ao, a dibi midumbu ma ngila.”​—"
fr,dua,UNE inondation détruit un village. Un homme armé tire sur des gens dans une église : il blesse et tue plusieurs personnes. Une femme meurt d’un cancer : ses cinq enfants n’ont plus de maman.,"EMUNE̱ ende̱ne̱ e wu na soa la mińangadu o munja e bule̱le̱ mundi. Moto ango ngadi o ndabo a ebasi e̱nse̱ jita la bato sese, a bwa pe̱ jita dipe̱pe̱. Kanse̱r ńibane̱ ńango a bana longe̱, a dia bana batanu."
fr,dua,"2 Quand des catastrophes ou des malheurs arrivent, beaucoup de gens se demandent : « Pourquoi le monde est-​il rempli de haine et de souffrances ? » Et vous, vous êtes-​vous déjà posé cette question ?","2 Ponda te̱ mbeu a ńolo ń’epańpań to̱so̱ ndutu ka yi i mako̱ye̱no̱ bato, jita la bato di mabaise̱ min myuedi ná, “Nje ye njo̱m e?” Jita ba mabaise̱ ońola nje wase e londino̱ na bosinga na take. Mo̱, o ta o mabaise̱ o wame̱ne̱ mi myuedi e?"
fr,dua,"3 La Bible dit que même des hommes qui avaient une grande foi en Dieu se sont posé cette question. Par exemple, le prophète Habacuc a demandé à Jéhovah : « Pourquoi me fais-​tu voir l’injustice ? Et pourquoi tolères-​tu l’oppression ? Pourquoi cette destruction et cette violence autour de moi ? Pourquoi toutes ces disputes et tous ces conflits ? » ( ).","3 Bibe̱l e mokwe̱le̱ biso̱ ná bato ba dube̱ dinde̱ne̱ bō̱ pe̱ ba baise̱ Loba i ńai a myuedi. K’eyembilan, muto̱ped’a mudī Habakuk a baise̱ Yehova ná: “Ne̱ni o mese̱le̱no̱ mba ne̱ne̱ bobe na miso̱, o mombwano̱ nde taka lasu nika e? Mabandan na njo ba mabolane̱ oboso bam, mitango na bewe̱nji be wuma ye̱se̱.”​— ."
fr,dua,"4 Dieu a répondu à Habacuc. En il lui a promis de régler la situation. Jéhovah aime beaucoup les humains. La Bible dit : « Il se soucie de vous » ( ). En fait, Dieu déteste encore plus que nous voir les gens souffrir ( ). Mais alors, pourquoi y a-​t-​il autant de souffrances ?","4 Di malanga o kalat’a jalabe̱ Loba a bolino̱ mo̱ nikame̱ne̱ pe̱ na kakane̱ a bolino̱ o po̱ngulane̱ mambo. Yehova a be̱ne̱ne̱ bato ndol’a ńo̱ngo̱ńo̱ngo̱. Bibe̱l e makwala ná: “A mombwea bińo̱.” ( ) Nje ye mbale̱ ye nde ná, Loba a singe̱ je̱ne̱ take buka biso̱. ( ) Ońola nika, jombweye so̱ min myuedi, Ońola nje take e londino̱ o wase e?"
fr,dua,"5 Souvent, quand quelqu’un souffre, les pasteurs, les prêtres et d’autres enseignants religieux disent : « C’est la volonté de Dieu. » Parfois, ils disent aussi que Dieu décide à l’avance de tout ce qui va arriver à quelqu’un, même de ses malheurs, et qu’on ne peut pas comprendre pourquoi. De plus, quand un adulte ou même un petit enfant meurt, ils disent que Dieu voulait qu’il soit au ciel avec lui. Mais tout cela est faux. Les malheurs ne viennent jamais de Jéhovah. La Bible dit qu’il est impossible que Dieu agisse méchamment ou injustement ( ).","5 Pasto, pata, na balēdi ba bebasi ba yo̱ki kwala ná, ye nde jemea la Loba na bato ba take. Bō̱ be ná ba kwala ná, lambo te̱ di mapo̱ye̱ moto, to̱ e be̱ nde mbeu a ńolo, ye nde nje e ta e máte̱se̱be̱ na Loba, di titi pe̱ to̱ ná di so̱ṅtane̱ ońola nje. Bape̱pe̱ pe̱ be ná ba kwala ná, bato na bana basadi, ba mawo̱ nde ná bale̱ o mo̱ń o be̱ na Loba. Nde nika e titi mbale̱. Mambo ma bobe ma si mawa na Yehova tom. Bibe̱l e makwala ná: “Na mbale̱, Loba a si mabola bobe, Ńangum a si mayua muka.”​— ."
fr,dua,"6 Beaucoup de gens disent que Dieu est responsable de toutes les souffrances. Pourquoi ? Parce qu’ils pensent qu’il est le chef du monde. Mais nous avons appris dans le chapitre 3 que le chef du monde, c’est Satan le Diable.","6 Jita la bato di masa Loba ońola take ńe̱se̱ ńe o wase, ońolana ba mo̱nge̱le̱ ná Loba nde e mwaned’a wase. Nde ka nje te̱ jokono̱ o Jokwa 3 , mwaned’a wase e nde Satan Diabolo."
fr,dua,"7 La Bible dit que « le monde entier se trouve au pouvoir du méchant » ( ). Satan, le chef du monde, est cruel. Il « égare le monde entier » ( ). Et beaucoup de gens sont comme lui. C’est notamment à cause de cela que le monde est rempli de mensonges, de haine et de méchanceté.","7 Bibe̱l e malangwea biso̱ ná “wase ńe̱se̱ ńe owas’a ngiń’a [“ńabobe,” NW ].” ( ) Mwaned’a nin wase, Satan, e misomba na njo. Mo̱ nde a “malo̱nde̱ wase ńe̱se̱.” ( ) Jita la bato di membilane̱ mo̱. Njo̱m po̱ ni, ni mabole̱ ná wase e londe na mpoṅ, bosinga, na njo."
fr,dua,"8 Mais le monde est rempli de souffrances pour d’autres raisons encore. Adam et Ève se sont rebellés et ils ont transmis le péché à leurs descendants. À cause du péché, des humains font souffrir d’autres humains. Souvent, ils veulent les dominer. Les humains se disputent entre eux, ils se font du mal et ils se font la guerre ( ). Enfin, les souffrances sont parfois provoquées par un ‘évènement imprévu’ ( ). Quelqu’un peut avoir un accident, ou un malheur peut lui arriver, parce qu’il est au mauvais endroit au mauvais moment.","8 Njo̱m ipe̱pe̱ ye, i mabole̱ ná wase e londe na take. Ombusa pamo abu, Adam na Eva ba tombe̱le̱ mbot’abu ńe̱se̱ bobe. Bobe bo mabola ná, bato ba benama bō̱ ba takise̱ bane̱. O ponda ye̱se̱ ba mawasa be̱ mweńa buka bane̱. Ba mana, ba mala o bila, ba matuse̱ pe̱ bane̱. ( ) Ponda iwo̱ pe̱ “ponda na muyo̱mbo̱ ma mambo” ba mawanea bato take. ( ) Bato be te̱ o wum’a bobe o ponda ni si te̱nge̱n, mbeu a ńolo ń’epańpań na mane̱ mambo ma bobe be ná ba ko̱ye̱ babo̱."
fr,dua,"9 Les souffrances ne viennent jamais de Jéhovah. Il n’est pas responsable des guerres, ni des crimes, ni de la violence. Il n’est pas non plus responsable des catastrophes naturelles, comme les tremblements de terre, les tempêtes et les inondations. Mais alors, vous vous demandez peut-être : « Si Jéhovah est la personne la plus puissante de l’univers, pourquoi permet-​il tous ces malheurs ? » Nous savons que Dieu nous aime. Il doit donc avoir une très bonne raison de permettre les souffrances ( ).","9 Yehova a si mawana take tom. Di s’angame̱n numa mo̱ njo̱m ońola bila, ebwan, na mitusan. Loba a si mawana mbeu a ńolo ka soa la mińangadu, ngo̱ a múdi inde̱ne̱, na mpupe. Nde we ná o baise̱ o wame̱ne̱ ná, ‘Yete̱na Yehova nde e ńangum o mo̱ń na wase, ońola nje a si mekano̱ ma mambo ma njo ná ma si bolane̱ pe̱ e?’ Di bi ná Loba a mombwea biso̱ jita, angame̱n so̱ be̱ne̱ njo̱m a bwam a diano̱ a mese̱le̱ ná take e benge wala oboso.​— ."
fr,dua,"10 Dans le jardin d’Éden, Satan le Diable a trompé Adam et Ève. Il a accusé Dieu d’être un mauvais dirigeant. Et il a dit à Adam et Ève que Dieu les privait de quelque chose de bon. Satan leur a fait croire qu’il serait un meilleur dirigeant et qu’ils n’avaient pas besoin de Jéhovah ( ) (voir la note n o 27 ).","10 Diabolo a lemse̱ Adam na Eva o mōnda ma Ede̱n. Satan a num Loba njo̱m ná a titi Mwaned’a bwam. A kai ná Loba a wutan Adam na Eva lambo la bwam. Satan a puli ná ba dube̱ ná mo̱ nde e ná a be̱ mwaned’a bwam buka Yehova, ná ba si be̱n pe̱ to̱ ńo̱ng’a Loba.​— ; ombwa Maki 26 ."
fr,dua,11 Adam et Ève ont désobéi à Jéhovah et ils se sont rebellés contre lui. Ils pensaient qu’ils avaient le droit de décider eux-​mêmes de ce qui était bien et de ce qui était mal. Mais ils se trompaient. Jéhovah sait ce qu’il y a de mieux pour les humains. Comment allait-​il le prouver ?,"11 Adam na Eva ba si sengane̱ Yehova, na babo̱ ba pamwa mo̱. Bo̱nge̱le̱ ná ba be̱n bwam o no̱ngo̱ bedomsedi ońola babo̱me̱ne̱ ba nje ye bwam na nje ye bobe. Ne̱ni so̱ Yehova a wusano̱ lee̱le̱ ná bapamo ba si te̱nge̱n, na ná mo̱ nde a bi nje ye bwam buka me̱se̱ ońol’asu e?"
fr,dua,"12 Jéhovah n’a pas tué Adam et Ève tout de suite. Il leur a permis d’avoir des enfants. Et il a laissé les descendants d’Adam et Ève choisir qui ils voulaient avoir comme dirigeant. Le projet de Dieu était que la terre soit remplie d’humains parfaits. Et c’est ce qui arriverait, malgré l’opposition du Diable ( ).","12 Yehova a si ńamse̱ Adam na Eva dibokime̱ne̱. O diwengisan, ese̱le̱ ná ba ye bana. Na Yehova a bola ná bana ba Adam na Eva ba be̱ne̱ epolo o po̱so̱ nja ba mapulano̱ ka mwaned’abu. Mwano ma Yehova mwe nde ná a londise̱ wase na bato be ke̱nge̱nge̱, nika e me̱nde̱ pe̱ bolane̱ to̱ Satan a bola nde nje.​— ."
fr,dua,13 Satan a accusé Jéhovah devant des millions d’anges ( ). C’est pourquoi Jéhovah a laissé du temps à Satan pour qu’il prouve ses accusations. Il a aussi laissé du temps aux humains pour qu’ils montrent s’ils étaient capables de se diriger sans son aide. Il les a donc laissés établir des gouvernements sous l’autorité de Satan.,"13 Satan a te̱nge̱ne̱ Yehova oboso ba lokoli la ange̱l. ( ) Ońola nika Yehova a boli Satan ponda o lee̱le̱ nga njo̱m eno̱ numa mo̱ ye mbale̱. A boli pe̱ bato ba benama ponda o te̱se̱ yabu mbad’a byanedi owas’a bediedi ba Satan, o lee̱le̱ nga be ná ba tongwe̱le̱ esibe̱ jongwane̱ la Loba."
fr,dua,"14 Depuis des milliers d’années, les humains essaient de se diriger eux-​mêmes. Mais ils n’y arrivent pas. Cela prouve que Satan est un menteur. Les humains ont besoin de l’aide de Dieu. Le prophète Jérémie avait raison quand il a dit : « Ô Jéhovah, je sais bien que l’homme ne peut pas trouver son chemin tout seul. Ce n’est pas à l’homme qui marche de diriger ses pas » ( ).","14 Ye lokoli la mimbu we̱nge̱ bato ba benama beno̱ o keka janea babo̱me̱ne̱, nde ba titi o tongwe̱le̱. E me̱ne̱ne̱ so̱ na bwē ná Satan e nde mot’a mpoṅ. Bato ba benama ba be̱n ńo̱ng’a jongwane̱ la Loba. Muto̱ped’a mudī Yeremia a ta a te̱nge̱ne̱ ponda a kwalino̱ ná: “A Yehova, na bi ná nge’a moto e titi lambo mo̱me̱ne̱ a maneano̱, mudangwedi a si mate̱se̱ye̱ mo̱me̱ne̱ matanga ma lo̱ndo̱ lao.”​— ."
fr,dua,"15 Pourquoi Jéhovah permet-​il les souffrances depuis si longtemps ? Pourquoi laisse-​t-​il les malheurs arriver ? Il a fallu du temps pour prouver que la domination de Satan est mauvaise. Les humains ont essayé toutes sortes de gouvernements, mais aucun d’eux n’a produit de bons résultats. Malgré les progrès scientifiques et techniques, il n’y a jamais eu autant d’injustice, de pauvreté, de crimes et de guerres. Les humains ne sont donc pas capables de se diriger eux-​mêmes, sans l’aide de Dieu.","15 Ońola nje Yehova eno̱ jese̱le̱ ná take e benge wala oboso nin ponda bwaba ńe̱se̱ e? Ońola nje a si mekano̱ mambo ma bobe ná ma si bolane̱ e? Nika e no̱ngi ponda bwaba ná ye̱ne̱ne̱ ná byanedi ba Satan be si tongwe̱le̱. Bato ba benama ba keki mbad’a byanedi jita, esibe̱ tongwe̱le̱. To̱ná mabie̱ ma wase na dibie̱ la lule̱ la mambo ba batino̱ to̱ndo̱, si te̱me̱ la sim, tue, ebwan, na bila pe̱ ba bati to̱ndo̱ o dime̱ne̱ di si ta di máje̱ne̱ne̱. Di titi ná di tongwe̱le̱ o janea biso̱me̱ne̱ esibe̱ Loba."
fr,dua,"16 Jéhovah n’a pas réglé les problèmes provoqués par Satan. S’il l’avait fait, il aurait aidé Satan à diriger le monde. Mais il ne soutiendra jamais la domination du Diable ! De plus, les humains auraient pu croire qu’ils étaient capables de se diriger eux-​mêmes. Mais c’est un mensonge. Et Jéhovah ne fera jamais quelque chose qui pourrait leur faire croire à ce mensonge ! Jéhovah ne ment jamais ( ).","16 Nde Yehova a si mapo̱ngulane̱ ndutu Satan a mawanano̱. A boli te̱ nika ke̱ e nde o sue̱le̱ byanedi ba Satan, a si me̱nde̱ bola nika tom! Omo̱ń a nika bato ba benama ba me̱nde̱ nde jo̱nge̱le̱ ná be ná ba tongwe̱le̱ o janea babo̱me̱ne̱. Nde nika ńe nde mpoṅ, to̱ mu mpoṅ pe̱ Yehova a titi ná a sue̱le̱. A si mawo̱ndo̱ tom!​— ."
fr,dua,"17 La rébellion de Satan et des humains a provoqué beaucoup de malheurs. Jéhovah peut-​il les réparer tous ? Oui. Pour Dieu, tout est possible. Jéhovah sait à quel moment il aura été prouvé que toutes les accusations de Satan sont fausses. Alors il transformera la terre en paradis, comme il l’avait prévu. Tous les humains « qui sont dans les tombes » seront ramenés à la vie ( ). Les humains ne tomberont plus jamais malades et ils ne mourront plus. Jésus réparera tous les malheurs provoqués par Satan. Jéhovah utilisera Jésus pour « détruire les œuvres du Diable » ( ). Nous sommes heureux qu’en attendant, il soit patient avec nous. Il nous donne l’occasion d’apprendre à le connaître et de le choisir comme Dirigeant ( lire ). Et quand nous souffrons, il nous aide à endurer ( ; lire ).","17 Mo̱, Yehova e ná a po̱ngulane̱ bobe bwe̱se̱ pamo a Satan na ńa bato ba benama e wanno̱ e? E. To̱ lambo di si buki Loba. Yehova a bi njika ponda mibakan ma Satan me̱se̱ mi me̱nde̱no̱ kusa jalabe̱ di londi mbom. Ombusa nika nde a me̱nde̱no̱ timbise̱le̱ wase paradisi, ka nje te̱ e wekabe̱no̱ ná e be̱. Be̱se̱ be o “so̱ngo̱ a jo̱nge̱le̱” ba me̱nde̱ busa. ( , NW ) Bato ba si me̱nde̱ pe̱ boa to̱ wo̱ tom! Yesu a me̱nde̱ bo̱le̱ bobe bwe̱se̱ Satan a wanno̱. Yehova a me̱nde̱ bolane̱ Yesu “ná a ńamse̱ bebolo ba Satan.” ( ) Di matimbise̱le̱ Yehova masoma ná o mulemlem ma ponda e o lee̱le̱ biso̱ we̱lisane̱, ná jokwe bia mo̱ na no̱ngo̱ pe̱ bedomsedi o po̱so̱ mo̱ ka Mwaned’asu. (Langa .) To̱ o ponda jeno̱ oteten a ndutu, a mongwane̱ biso̱ o lembe̱.​— ; langa ."
fr,dua,"18 Jéhovah ne nous oblige pas à le choisir comme Dirigeant. Il a donné aux humains un très beau cadeau : le libre arbitre, c’est-à-dire la liberté de faire des choix. Voyons comment nous pouvons utiliser ce cadeau.",18 Yehova a si mańakisane̱ biso̱ o po̱so̱ mo̱ ka Mwaned’asu. A boli mbel’a moto jabea la wonj’a bepo̱sedi. Jombweye so̱ te̱ ne̱ni jeno̱ ná di bolane̱ din jabea la tiki.
fr,dua,"19 La liberté de faire des choix est un précieux cadeau de Dieu. Elle nous rend très différents des animaux. Les animaux agissent surtout par instinct. Ils ne sont pas capables de décider de ce qui est bien et de ce qui est mal. Mais nous, nous pouvons choisir quelle vie nous voulons avoir et décider de faire plaisir à Jéhovah ( ). Nous sommes aussi très différents des machines. Les machines sont programmées pour faire ce qu’on leur demande. Mais nous, nous avons la liberté de choisir quel genre de personnes nous voulons être, qui seront nos amis et ce que nous ferons de notre vie. Jéhovah veut que nous ayons une vie heureuse.","19 Jabea la betańsedi la wonj’a bepo̱sedi la Yehova, di we̱le̱ biso̱ diwengisan na ńama. I si be̱n dibie̱, i mabola nde bupisane̱ nje e matute̱le̱ babo̱; nde biso̱ je ná di po̱so̱ njika mbad’a longe̱ di mapulano̱ be̱ne̱, di no̱ngo̱ pe̱ bedomsedi o pula do̱lisane̱ Yehova to̱ ke̱m. ( ) Omo̱ń a nika, di titi ka masin ma mabole̱ nde buka te̱ nje malulabe̱no̱ o bola. Je wonja o po̱so̱ njika pat’a moto di mapulano̱ be̱, ba nja di mapulano̱ ka mako̱m, na ne̱ni di mapulano̱ bolane̱ longe̱ lasu. Yehova a mapula ná di bwane̱ longe̱ muńe̱nge̱."
fr,dua,"20 Jéhovah veut que nous l’aimions ( ). Il est comme un père qui est heureux quand son enfant lui dit « Je t’aime » de tout son cœur, et pas parce qu’on l’a obligé à le faire. Il nous laisse libres de décider si nous le servirons ou non. Satan, Adam et Ève ont choisi de ne pas le servir. Et vous , que ferez-​vous de la liberté que Jéhovah vous a donnée ?","20 Yehova a mapula ná di to̱nde mo̱. ( ) E nde ka sango a muna ńe muńe̱nge̱ o senga mun’ao a makwala ná “na to̱ndi wa,” ke̱ nika e wu mo̱ o mulema seto̱ ná ba ńakisane̱ mo̱. Yehova a boli biso̱ wonja o po̱so̱ nga di mabolea mo̱ to̱ ke̱m. Satan, Adam, na Eva ba po̱si o banga Yehova. Ne̱ni wa o me̱nde̱no̱ bolane̱ jabea lo̱ngo̱ la wonj’a bepo̱sedi e?"
fr,dua,"21 Des millions de personnes ont choisi d’obéir à Jéhovah plutôt qu’à Satan. Vous aussi, utilisez votre liberté pour servir Jéhovah ( ). Dans le monde nouveau, il mettra fin à toutes les souffrances. Que pouvez-​vous faire pour vivre dans ce monde nouveau ? Le chapitre suivant répond à cette question.","21 Bolane̱ wonj’ango̱ ńa bepo̱sedi o bolea Yehova. Lodun la bato lope̱pe̱ lo no̱ngi bedomsedi o banga Satan, lo po̱so̱ o do̱lisane̱ Loba. ( ) Nje so̱ weno̱ ná o bola tatan ná o be̱ o was’a peńa ńa Loba ponda a me̱nde̱no̱ bo̱le̱ take ńe̱se̱ e? Jokwa di bupe̱ di me̱nde̱ jalabe̱ mi myuedi."
fr,dua,QUI voulez-​vous avoir pour ami ? Quelqu’un que vous aimez bien et avec qui vous vous entendez bien. Quelqu’un qui a une belle personnalité et des qualités que vous admirez.,"NJA o mapulano̱ be̱ne̱ ka diko̱m e? Moto ńena o to̱ndino̱. Moto nu maso̱ṅtane̱ wa, na ńena wa pe̱ o maso̱ṅtane̱no̱. Moto ńe muyao na nu be̱n pe̱ bede̱mo o mubeano̱."
fr,dua,"2 Jéhovah choisit certains humains pour être ses amis. Par exemple, Abraham était un ami de Jéhovah ( ). Jéhovah aimait aussi David. Il a dit que David était ‘un homme selon son cœur’ ( , note). Et le prophète Daniel était « quelqu’un de grande valeur » aux yeux de Jéhovah ( ).","2 Yehova Loba a mapo̱so̱ bato bō̱ ná ba be̱ mako̱m mao. K’eyembilan, Abraham a ta nde mō̱ ńa mako̱m ma Yehova. ( ) Yehova a ta pe̱ a to̱ndo̱ David. A kwali ná David a ta nde ‘moto kaponda mulema mao.’ ( ) Muto̱ped’a mudī Daniel pe̱ a ta a “to̱ndo̱be̱” jita na Yehova.​— ."
fr,dua,"3 Comment Abraham, David et Daniel sont-​ils devenus les amis de Jéhovah ? Jéhovah a dit à Abraham : « Tu as écouté ma voix » ( ). Jéhovah devient l’Ami de ceux qui sont humbles et qui lui obéissent. Il peut même devenir l’Ami de toute une nation. Il a expliqué aux Israélites : « Obéissez-​moi, alors moi, je deviendrai votre Dieu, et vous, vous deviendrez mon peuple » ( ). Si vous voulez vraiment être l’ami de Jéhovah, vous devez lui obéir.","3 Ne̱ni Abraham, David, na Daniel ba timbino̱ be̱ mako̱m ma Yehova e? Yehova a kwalane̱ Abraham ná: “O dube̱ doi lam.” ( ) Yehova e nde diko̱m la ba ba masengane̱ mo̱ na sibise̱ la ńolo. Nate̱na mo̱me̱ne̱ tumba la mususu di timbi be̱ diko̱m lao. Yehova a tele̱ye̱ tumba la Israel ná: “Bińo̱ sengane̱ doi lam, nde na mabe̱ Loba lańu, bińo̱ pe̱ lo be̱ tumba lam.” ( ) Wa pe̱ wangame̱n so̱ o sengane̱ Yehova yete̱na o mapula be̱ diko̱m lao na mbale̱."
fr,dua,"4 La Bible dit que Jéhovah cherche des occasions d’aider les humains qui l’aiment de tout leur cœur ( ). En , Jéhovah promet à ses amis : « Je te rendrai perspicace et t’enseignerai le chemin où tu dois aller. Je veux te conseiller, l’œil sur toi. »","4 Bibe̱l e makwala ná Yehova a mawasa “o jembe̱ ba bena ba boli mo̱ mulema mabu mwe̱se̱.” ( ) O kalat’a , Yehova a makakane̱ mako̱m mao ná: “Na malee̱ wa, na bīse̱ wa ngea wangame̱nno̱ dangwa; na mabola wa malea na jombwa wa na miso̱ mam.”"
fr,dua,"5 Nous avons un ennemi puissant qui ne veut pas que nous soyons les amis de Dieu. Mais Jéhovah veut nous protéger ( lire ). Parce que nous sommes ses amis, nous le servons de tout notre cœur. Nous lui restons fidèles, même quand c’est difficile. Et nous sommes sûrs qu’il nous aidera, comme David, qui a écrit à son sujet : « Puisqu’il est à ma droite, je ne serai jamais ébranlé » ( ). Que fait Satan pour que nous ne soyons plus les amis de Dieu ?","5 Musingedi ńa ngińa a mapula jeka biso̱ ná di be̱ mako̱m ma Loba. Nde Yehova a mapula o tata biso̱. (Langa .) Ka bō̱ be mako̱m ma Yehova, di mabolea mo̱ na mulema masu mwe̱se̱. Di tingame̱ na mo̱ to̱ e be̱ nde oteten a mitakisan minde̱ne̱. Di be̱n pe̱ mulemlem ma lakisane̱ ka mutiled’a kalat’a myenge. A tili jombwea Yehova ná: “Kana a te̱mno̱ o dia lam la mom, na si maponga.” ( ) Ne̱ni Satan a makekano̱ o jeka biso̱ ná di be̱ mako̱m ma Loba e?"
fr,dua,"6 Dans le chapitre 11 , nous avons appris que Satan a accusé Jéhovah d’être un menteur. Et parce que Jéhovah n’a pas permis à Adam et Ève de décider eux-​mêmes de ce qui était bien et de ce qui était mal, Satan l’a accusé de ne pas être juste. Le livre de Job nous apprend qu’il accuse aussi les humains qui veulent être les amis de Dieu. Satan dit qu’ils servent Dieu pour obtenir quelque chose de lui, et pas parce qu’ils l’aiment. Il dit même qu’il peut pousser n’importe qui à s’opposer à Dieu. Voyons comment Jéhovah a protégé Job et ce que nous pouvons apprendre de ce qui lui est arrivé.","6 O Jokwa 11 joko ná Satan a te̱nge̱ne̱ Yehova, a bake̱le̱ mo̱ ná e mpoṅ, a si mabola pe̱ to̱ nje e te̱nge̱n ońolana a s’ese̱le̱ Adam na Eva ná ba no̱nge bedomsedi ońola babo̱me̱ne̱ ba nje ye bwam na nje ye bobe. Kalat’a Hiob e mokwe̱le̱ biso̱ ná Satan a bake̱le̱ pe̱ bato ba benama ba mapule̱ be̱ mako̱m ma Loba. Satan a kai ná ba mabolea nde Loba ońola myam beno̱ ná ba kusane̱ mo̱, seto̱ ońola ná ba to̱ndi mo̱. Satan a kai pe̱ ná e ná a yue̱le̱ to̱ nja nde te̱nge̱ne̱ Loba. Jombweye te̱ nje jeno̱ ná jokwa na Hiob, na ne̱ni Yehova a tatino̱ mo̱."
fr,dua,"7 Qui était Job ? Job était un homme bon qui a vécu il y a 3 600 ans. Jéhovah a dit qu’à cette époque, il n’y avait personne comme lui sur la terre. Job avait beaucoup de respect pour Jéhovah, et il détestait ce qui est mal ( ). Il était vraiment l’ami de Dieu.","7 Nja nu ta Hiob e? A ta nde mot’a bwam nu ta longe̱ ye we̱nge̱ lambo ka 3 600 ba mbu. Yehova a kwali ná o ni ponda moto to̱ mō̱ a si ta ka mo̱ o wase ńe̱se̱. Hiob a ta a be̱ne̱ne̱ Loba edube ende̱ne̱, a ta pe̱ a singe̱ nje ye bobe. ( ) E, Hiob a ta nde diko̱m la mbale̱ la Yehova."
fr,dua,"8 Mais Satan a dit que Job servait Dieu pour des raisons égoïstes, par intérêt personnel. Il a dit à Jéhovah : « N’as-​tu pas élevé une haie protectrice [ une barrière ] autour de lui, de sa maison et de tout ce qui lui appartient ? Tu as béni l’œuvre de ses mains, et son bétail s’est considérablement multiplié dans le pays. Pour changer, tends ta main et frappe tout ce qui lui appartient, et, à coup sûr, il te maudira » ( ).","8 Satan a kai ná Hiob a mabolea nde Loba ońolana a boli mo̱ myam. Satan a kwalane̱ Yehova ná: “Seto̱ wa nde o dinge̱le̱ mo̱ midi me̱se̱, mo̱me̱ne̱, ndabo ao na me̱se̱ a be̱nno̱ e? O namse̱ ebol’a mā mao, mabemba mao pe̱ ma piń o ekombo. Sambise̱ te̱ dia lo̱ngo̱ le̱; o tape me̱se̱ a be̱nno̱, na mbale̱, a mato̱bo̱ wa o mpoma!”​— ."
fr,dua,9 Satan a accusé Job de servir Jéhovah seulement parce qu’il le bénissait. Satan a dit aussi qu’il arriverait à faire en sorte que Job arrête de servir Dieu. Jéhovah n’était pas d’accord avec Satan. Mais il lui a permis de faire subir des épreuves à Job. Cela montrerait si Job l’aimait vraiment.,"9 Satan a bake̱le̱ Hiob ná a mabolea nde Yehova buka te̱ ońola nje eno̱ ná a kusane̱ Loba. Satan a kai pe̱ ná e ná a bola ná Hiob embe̱ bolea Yehova. Yehova a si ta jo̱nge̱le̱ diwo̱ na Satan, nde a boli Satan wonja ná a kekise̱ Hiob, o bia nga e nde diko̱m la Yehova ońolana a to̱ndi Loba."
fr,dua,"10 D’abord, Satan a fait en sorte que tous les animaux de Job soient volés ou tués. Puis il a fait mourir la plupart de ses serviteurs. Job a tout perdu. Finalement, Satan a même fait mourir ses 10 enfants dans une tempête. Malgré tout cela, Job est resté fidèle à Jéhovah. Il n’a jamais accusé Dieu d’avoir fait quelque chose de mal ( ).","10 Laboso, Satan ibi to̱so̱ ná a ńamse̱ byembe ba Hiob be̱se̱. Na Satan a bwa pe̱ jita la baboledi ba Hiob. Hiob á bo̱lo̱ne̱ bema be̱se̱. O sukan a bwa dom la bana ba Hiob na ngo̱ a mūdi. Nde Hiob a ta a tingame̱ na Yehova. “O man me̱se̱, Hiob a si boli bobe to̱ to̱po̱ne̱ Loba eyal’a dibena.”​— ."
fr,dua,"11 Satan ne s’est pas arrêté là. Il a provoqué Dieu en lui disant au sujet de Job : « Frappe ses os et sa chair, et, à coup sûr, il te maudira » ( ). Alors Satan l’a fait tomber malade. Mais malgré sa maladie douloureuse, Job est resté fidèle à Jéhovah. Il a dit qu’il lui resterait fidèle jusqu’à la mort ( ).","11 Satan a bati wala oboso. A te̱nge̱ne̱ Loba na ben byala ná: ‘Tapa bewese bao na ńol’ao, na mbale̱ a mato̱bo̱ wa o mpoma.’ Na Satan a koma Hiob diboa la bobe o ńolo. ( ) To̱ na nika Hiob a ta te̱ nde a tingame̱ na Yehova. Mo̱ ná: “Natē̱ na wo̱, na mabamse̱ nde [to̱so̱, na matingame̱ nde na] k’am ni si be̱n misan.”​— ."
fr,dua,"12 Job ne savait rien des accusations de Satan et il ne savait pas non plus pourquoi il souffrait autant. Il pensait que ses problèmes venaient de Jéhovah ( ). Mais il lui est quand même resté fidèle. À partir de là, il n’y a plus eu de doute : Job n’était pas égoïste. Il était l’ami de Dieu parce qu’il l’aimait. Toutes les accusations de Satan étaient fausses !","12 Hiob a si ta a bia to̱ lambo jombwea mibakan ma Satan to̱so̱ ońola nje a tano̱ a taka jita. O̱nge̱le̱ ná Yehova nde a ta njo̱m a ndutu ye̱se̱ i ta i ko̱ye̱ mo̱. ( ) Nde to̱ na nika, Hiob a ta te̱ nde a tingame̱ na Yehova. Penda to̱ po̱ e si ta pe̱. Hiob a si ta a bolea Loba ońola myam. A ta nde diko̱m la Loba ońolana a ta a to̱ndo̱ mo̱. Mibakan ma Satan me̱se̱ mi ta nde mpoṅ!"
fr,dua,"13 Même si Job ne savait pas ce qui se passait au ciel, il est resté fidèle à Dieu et il a prouvé que Satan était quelqu’un de mauvais. Jéhovah a récompensé son ami pour sa fidélité ( ).","13 To̱ná Hiob a si tano̱ a bia nje ye o bolane̱ o mo̱ń, a ta a tingame̱ na Loba, a lee̱le̱ pe̱ ná Satan e bobe. Hiob a kusane̱ Yehova bowe̱n ońolana a ta a tingame̱ na mo̱ ka diko̱m.​— ."
fr,dua,"14 Ce qui est arrivé à Job nous apprend des choses importantes. Aujourd’hui, Satan nous accuse de servir Jéhovah parce que nous pouvons obtenir quelque chose de lui. À l’époque de Job, Satan a dit : « Tout ce qu’ un homme a, il le donnera en échange de sa vie » ( ). Satan n’a donc pas seulement accusé Job : il a accusé tous les humains d’être égoïstes. Des centaines d’années après la mort de Job, Satan continuait d’insulter Jéhovah et d’accuser ses serviteurs. La preuve, c’est qu’en , Dieu a dit : « Mon fils, agis avec sagesse, et réjouis mon cœur, pour que je puisse répondre à celui qui me provoque [ m’insulte ]. »","14 Nje Hiob a kusino̱ ye ná yokwe̱le̱ wa belēdi be mweńa. O nin we̱nge̱ pe̱, Satan a mabake̱le̱ biso̱ ná, di mabolea nde Yehova ońola myam jeno̱ ná di kusane̱ mo̱. O kalat’a , Satan a kai ná: “Me̱se̱ moto a be̱nno̱ e ná a bola mo̱ o sunga longe̱ lao!” Satan e so̱ nde o bake̱le̱ bome na bito be̱se̱, seto̱ buka te̱ Hiob, ná ba mabolea nde Loba ońola myam. Bebwea ba mbu jita ombusa kwed’a Hiob, Satan a ta te̱nge̱ nde a dia a maloa Yehova, na bake̱le̱ pe̱ baboledi bao. K’eyembilan, o kalat’a , di malanga ná: “A mun’am, be̱ dibie̱, o bwese̱ mulema mam muńe̱nge̱, ná na we̱le̱ jalabe̱ muto̱po̱ne̱ mba dibena [to̱so̱, muloe̱ mba].”"
fr,dua,"15 Vous pouvez décider d’obéir à Jéhovah, d’être son ami et de lui rester fidèle. Vous prouverez alors que Satan est un menteur. Même si vous devez faire de grands changements pour devenir l’ami de Dieu, c’est la meilleure décision que vous puissiez prendre ! Et c’est une décision importante. Satan dit que, si vous avez des problèmes, vous ne resterez pas fidèle à Dieu. De plus, il essaie de nous tromper pour briser notre fidélité. De quelles façons ?","15 We ná o po̱so̱ o sengane̱ Yehova na be̱ diko̱m lao la jemea, o lee̱le̱ ná Satan e nde mot’a mpoṅ. To̱ e pula nde ná o wane mawengisan mande̱ne̱ o longe̱ lo̱ngo̱ ná o be̱ diko̱m la Loba, nika ńe nde bedomsedi ba bwam be buki be̱se̱ weno̱ ná o no̱ngo̱! Ben bedomsedi be mweńa jita. Satan e nde o ka ná, wa, o si me̱nde̱ tingame̱ na Loba o ponda mitakisan. A makeka o lo̱ndo̱ biso̱ ná di si tingame̱ na Loba. Ne̱ni e?"
fr,dua,"16 Satan utilise de nombreuses méthodes pour détruire notre amitié avec Dieu. Il nous attaque « comme un lion rugissant », pour nous dévorer ( ). Ne soyez pas surpris : des amis, des membres de votre famille ou d’autres personnes vont peut-être essayer de vous empêcher d’étudier la Bible et de faire ce qui est bien. Vous aurez peut-être alors l’impression d’être « attaqué » * ( ). De plus, Satan se transforme en « ange de lumière » : il essaie de nous tromper pour nous pousser à désobéir à Jéhovah ( ). Enfin, pour nous empêcher de servir Jéhovah, il nous fait croire que nous ne sommes jamais assez bien pour lui ( ).","16 Satan a mabolane̱ myano jita o keka jeka biso̱ ná di be̱ diko̱m la Loba. A mako̱ye̱ biso̱ omo̱ń “ka ngila ni madome̱ o pulise̱ nja a mamińano̱.” ( ) O si be̱ mańaka ke̱ mako̱m mo̱ngo̱, belongi bo̱ngo̱ ba mbia, to̱so̱ bato bape̱pe̱ ba makeka jeka wa ná wokwe Bibe̱l, o bole pe̱ nje e te̱nge̱n. We ná we̱ne̱ biana ba ko̱ye̱ wa omo̱ń. * ( ) Satan a madimbe̱le̱ pe̱ ńolo “biana e nde ange̱l a mwe̱ne̱n.” Ońola nika e ná a keka lo̱ndo̱ biso̱ ná di kwe̱me̱ Yehova. ( ) Mwano mupe̱pe̱ Satan a mabolane̱no̱ o keka jeka biso̱ ná di si bolea Yehova mwe nde o bola ná, jo̱nge̱le̱ ná di si dongame̱n o be̱ baboleye̱ Loba.​— ."
fr,dua,"17 En obéissant à Jéhovah, nous prouvons que Satan est un menteur. Qu’est-​ce qui nous aidera à lui obéir ? La Bible dit : « Tu dois aimer Jéhovah ton Dieu de tout ton cœur, de toute ton âme et de toute ta force » ( ). Nous obéissons à Jéhovah parce que nous l’aimons. Et plus nous l’aimons, plus nous avons envie de faire tout ce qu’il nous demande. L’apôtre Jean a écrit : « Voici ce que signifie aimer Dieu : c’est obéir à ses commandements. Or, ses commandements ne sont pas pénibles » ( ).","17 Di malee̱le̱ ná Satan e nde mot’a mpoṅ ke̱ di masengane̱ Yehova. Nje e me̱nde̱ jongwane̱ biso̱ o be̱ sengane̱ e? Bibe̱l e makwala ná: “To̱ndo̱ Yehova, Loba lo̱ngo̱, na mulema mo̱ngo̱ mwe̱se̱ na mudī mo̱ngo̱ mwe̱se̱ na ngiń’ango̱ ńe̱se̱.” ( ) Di masengane̱ nde Yehova ońolana di to̱ndi mo̱. Nika ndolo di be̱ne̱nno̱ Yehova e mańakano̱ nika pe̱ nde di me̱nde̱no̱ pula bola nje ye̱se̱ a mabaise̱no̱ biso̱ ná di bole. Ńamuloloma Yohane a tili ná: “Ebanja ndol’asu na Loba ńe nde ná di ne̱nge̱ mbend’ao, nde mbend’ao i titi bwambi.”​— ."
fr,dua,"18 Jéhovah dit que certaines choses sont mauvaises. Lesquelles ? L’encadré « Détestez ce que Jéhovah déteste » en cite quelques-unes. Au début, vous penserez peut-être que certaines de ces choses ne sont pas si graves. Mais lisez les versets de la Bible indiqués et prenez le temps d’y réfléchir. Vous comprendrez alors qu’il est sage d’obéir aux lois de Jéhovah. De plus, vous vous rendrez peut-être compte que vous devez faire des changements dans votre vie. Si vous les faites, vous connaîtrez la paix et le bonheur que ressentent les amis de Dieu ( ). Même si ce n’est pas facile, vous pouvez y arriver. Comment pouvons-​nous en être sûrs ?","18 Mo̱, njika mambo mō̱ Yehova a makwalane̱no̱ biso̱ ná me bobe e? Byembilan bō̱ be o edinge̱le̱ “ Singe̱ nje Yehova a singe̱no̱ .” O bebotedi we ná wo̱nge̱le̱ ná mambo mō̱ ma be byembilan ma titi bobe jita. Nde o langi te̱ bepasi ba Bibe̱l, o no̱ngo̱ pe̱ ponda o dutea o nje o langino̱, o me̱nde̱ so̱ṅtane̱ ná sengane̱ la mambenda ma Yehova nika ńe nde dibie̱. O me̱nde̱ pe̱ je̱ne̱ ná wangame̱n o wana mawengisan mō̱ o longe̱ lo̱ngo̱. Nika ńe ná e be̱ ndutu ponda iwo̱, nde o wan te̱ man mawengisan, o me̱nde̱ be̱ne̱ musango na bonam bena be̱ la diko̱m la jemea la Loba ba mawanano̱. ( ) Ne̱ni di bino̱ ná je ná di wana man mawengisan e?"
fr,dua,"19 Jéhovah ne nous demande jamais de faire quelque chose d’impossible ( ). Il est un vrai Ami et il nous connaît mieux que nous-​mêmes. Il connaît nos qualités et nos défauts ( ). L’apôtre Paul nous donne cet encouragement : « Dieu est fidèle ; il ne permettra pas que vous soyez tentés au-delà de ce que vous pouvez supporter et, quand la tentation surviendra, il préparera aussi l’issue, afin que vous puissiez l’endurer » ( ). Nous pouvons être sûrs que Jéhovah nous donnera toujours la force de faire ce qui est bien. Il vous donnera la « puissance qui dépasse la normale », c’est-à-dire une puissance extraordinaire, pour vous aider à supporter les situations difficiles ( ). Paul a ressenti l’aide de Jéhovah dans les épreuves. C’est pourquoi il a dit : « Pour toutes choses, j’ai de la force grâce à celui qui me donne de la puissance » ( ).","19 Yehova a si mabaise̱ biso̱ tom ná di bole lambo di titino̱ ná di bola. ( ) Ka Diko̱m lasu la mbale̱, a bi biso̱ buka nje di bino̱ biso̱me̱ne̱. A bi bo̱bo̱ lasu na ngiń’asu. ( ) Ńamuloloma Paulo a membe̱ biso̱ na ben byala ná: “Loba e mbale̱; a si me̱nde̱ jese̱le̱ ná bińo̱ lo kekisabe̱ buka ngud’ańu, nde makekisan ma po̱i te̱, a me̱nde̱ wekea bińo̱ ngea busa oten, ná lo we̱le̱ lembe̱ mo̱.” ( ) Je ná di be̱ mbaki ná, o ponda ye̱se̱ Yehova a me̱nde̱ bola biso̱ ngińa ná di bole nje e te̱nge̱n. A me̱nde̱ o bola wa “ngińa ni pakapakan” o jongwane̱ wa lembe̱ mitakisan minde̱ne̱. ( ) Ombusa mo̱ kusane̱ Yehova jongwane̱ o ponda mitakisan, Paulo a timbi kwala ná: “Na malembe̱ me̱se̱ ońola nu nu membe̱ mba.”​— ."
fr,dua,"20 Pour être l’ami de Jéhovah, il faut arrêter de faire ce qui est mauvais à ses yeux. Mais cela ne suffit pas ( ). Les amis de Dieu aiment ce que Dieu aime. Ils sont décrits en ( lire ). Ils imitent Jéhovah en manifestant ‘l’amour, la joie, la paix, la patience, la bienveillance, la bonté, la foi, la douceur et la maîtrise de soi’ ( ).","20 Yete̱na di mapula be̱ diko̱m la Yehova, jangame̱n jese̱le̱ bola nje Yehova a kwalino̱ ná ye bobe, nde jangame̱n pe̱ bola buka nika. ( ) Mako̱m ma Loba ma to̱ndi nje a to̱ndino̱. Bibe̱l e makwalea ońol’abu o kalat’a . (Langa.) Mako̱m ma Yehova ma membilane̱ bede̱mo bao, ma malee̱le̱ pe̱ “ndolo, muńe̱nge̱, musango, we̱lisane̱, muyao, bwam, jemea, pī, ko̱nji.”​— ."
fr,dua,"21 Qu’est-​ce qui peut vous aider à développer ces qualités ? Vous devez apprendre ce que Jéhovah aime en lisant et en étudiant la Bible régulièrement ( ). Si vous le faites, vous aimerez encore plus Jéhovah. Et plus vous l’aimerez, plus vous aurez envie de lui obéir.","21 Ne̱ni weno̱ ná wokwa lee̱le̱ ben bede̱mo ba bwam e? Wangame̱n jokwa bia nje Yehova a to̱ndino̱ tongwea na bolanga ba Bibe̱l na jokwa pe̱ mo̱ ponda na ponda te̱. ( , NW ) Bola la nika di me̱nde̱ ńakise̱ ndolo o be̱ne̱nno̱ Yehova, nika ni ndolo e mańakano̱ nika pe̱ nde o me̱nde̱no̱ pula sengane̱ mo̱."
fr,dua,"22 Faire les changements nécessaires dans notre vie, c’est comme enlever de vieux vêtements et en mettre de nouveaux. La Bible dit que nous devons enlever « la vieille personnalité » et mettre « la personnalité nouvelle » ( ). Même si ce n’est pas facile, si nous faisons ces changements et si nous obéissons à Jéhovah, il nous donnera « une grande récompense » ( ). C’est ce qu’il a promis. Décidez donc d’obéir à Jéhovah et prouvez que Satan est un menteur ! Servez Jéhovah, pas pour recevoir une récompense, mais parce que vous l’aimez. Alors vous serez vraiment l’ami de Dieu !","22 Mawengisan wangame̱nno̱ wana o longe̱ lo̱ngo̱ me ná malangisane̱be̱ na songwa la edun a mbo̱ti o bo̱to̱ ńa peńa. Bibe̱l e makwala ná wangame̱n ‘songwa mudun a moto’ ná o bo̱te “mot’a peńa.” ( ) To̱na ne̱ni nika ńeno̱ ná e be̱ ndutu, di wan te̱ man mawengisan, di sengane̱ Yehova, a makakane̱ o bola biso̱ “bowe̱n bonde̱ne̱.” ( ) E, po̱so̱ o sengane̱ Yehova, o lee̱le̱ ná Satan e nde mot’a mpoṅ. Bolea Yehova, seto̱ ońolana o mengane̱ mo̱ bowe̱n, nde ońolana o be̱ne̱ne̱ mo̱ ndol’a mbale̱. Na nika nde o me̱nde̱no̱ be̱ diko̱m la Loba la mbale̱!"
fr,dua,^ § 16 Cela ne veut pas dire que Satan contrôle les gens qui essaient de vous empêcher d’étudier la Bible. Mais il est « le dieu de ce monde ». « Le monde entier se trouve au pouvoir du méchant. » Ce n’est donc pas étonnant que certaines personnes essaient de nous empêcher de servir Jéhovah ( ).,"^ par. 16 Nika e si mapula kwala ná, Satan nde a matute̱le̱ bato ba makeke̱ jeke̱ wa ná wokwe Bibe̱l. Nde Satan nde e “loba la mun mundi ma wase,” na ná “wase ńe̱se̱ ńe owas’a ngińa [ao].” Nika e titi so̱ mańaka ke̱ bato ba makeka o jeka biso̱ ná di boleye Yehova.​— ."
fr,dua,Jéhovah a récompensé son ami Job parce qu’il lui est resté fidèle.,Hiob a kusane̱ Yehova bowe̱n ońolana a ta a tingame̱ na mo̱ ka diko̱m
fr,dua,"JÉHOVAH est « le Dieu vivant » ( ). Il est notre Créateur et il nous a donné la vie. La Bible dit : « Tu as créé toutes choses, et c’est par ta volonté qu’elles sont venues à l’existence et ont été créées » ( ). Si nous sommes en vie, c’est parce que Jéhovah l’a voulu. La vie est vraiment un précieux cadeau de Dieu ( lire ).","YEHOVA “nde e Loba la longe̱.” ( ) E nde Muweked’asu, mo̱ pe̱ nde a boli biso̱ longe̱. Bibe̱l e makwala ná: “Wa nde o weki mambo me̱se̱, ońola jemea lo̱ngo̱ nde meno̱, ma wekabe̱no̱ pe̱.” ( ) E, Yehova a ta a pula ná di be̱ne̱ longe̱. Longe̱ le nde jabea la tiki di wu na mo̱.​— Langa ."
fr,dua,"2 Jéhovah nous donne ce qu’il nous faut pour rester en vie, comme la nourriture et l’eau ( ). Mais il veut aussi que notre vie soit agréable ( ). Pour réussir notre vie, nous devons obéir à ses lois ( ).","2 Yehova a mabola biso̱ nje e mapule̱ biso̱ ná di tike be̱ longe̱, k’eyembilan, da na madiba. ( ) Nde buka nika, a mapula ná di bwane̱ longe̱ muńe̱nge̱. ( ) Ná di tongwe̱le̱ o longe̱, jangame̱ne̱ o sengane̱ mambenda ma Loba.​— ."
fr,dua,"3 La Bible nous enseigne que, pour Jéhovah, notre vie et la vie des autres sont précieuses. Prenons l’exemple de Caïn, le premier fils d’Adam et Ève. Il était en colère contre son frère, Abel. Jéhovah lui a alors conseillé de contrôler sa colère. Mais Caïn ne l’a pas écouté. Il ‘s’est jeté sur Abel et l’a tué’ ( ). Jéhovah a puni Caïn pour ce meurtre ( ). La colère et la haine sont très dangereuses : elles peuvent pousser quelqu’un à devenir violent ou cruel. Si une personne est comme cela, elle ne peut pas recevoir la vie éternelle ( lire ). Pour plaire à Jéhovah, nous devons apprendre à aimer tout le monde ( ).","3 Bibe̱l e mokwe̱le̱ biso̱ ná longe̱ lasu na malonge̱ ma bane̱ bato me tiki o miso̱ ma Yehova. K’eyembilan, ponda Kain​—mun’a mome ńa Adam na Eva​—a lingane̱no̱ munańango nusadi Abel, Yehova ome̱le̱ Kain ná aleye malinga mao. Nde Kain a si sengane̱, na mo̱ a bata linga “a ko̱ munańango Abel o ńolo, a bwa mo̱.” ( ) Yehova a ko̱kise̱ Kain ońolana a bo Abel. ( ) Ońola nika so̱ malinga na bosinga be bobe ońolana be ná ba bola ná di be̱ bato ba njo to̱so̱ bebwan. Moto ńe nika a titi ná a be̱ne̱ longe̱ la bwindea. (Langa .) Ná di do̱lisane̱ Yehova, jangame̱ne̱ jokwa to̱ndo̱ bato be̱se̱.​— ."
fr,dua,"4 Des milliers d’années plus tard, quand Jéhovah a donné à Moïse les Dix Commandements, il a montré que, pour lui, la vie était précieuse. L’un de ces commandements était : « Tu ne dois pas assassiner » ( ). Si quelqu’un tuait volontairement une autre personne, il devait être tué.","4 Lokoli la mbu ombusa ponda, Yehova a lee̱le̱ ná longe̱ le mo̱ tiki o miso̱ ponda a bolino̱ Mose Dom la Mambenda. Po̱ ńa ma mambenda e makwala ná: “O si bwa.” ( ) Moto a bo te̱ nupe̱pe̱ na m’boṅsan, mo̱ pe̱ a mabwabe̱."
fr,dua,"5 Que pense Dieu de l’avortement ? (Voir la note n o 28 ). Pour lui, même la vie d’un bébé dans le ventre de sa mère est précieuse. La Loi que Jéhovah avait donnée aux Israélites disait que, si une personne blessait une femme enceinte et si le bébé mourait, cette personne devait être tuée ( lire ). Cela nous apprend que l’avortement est quelque chose de mal.","5 Ne̱ni Loba a me̱ne̱no̱ kwese̱ la deme̱ e? Nate̱na mo̱me̱ne̱ longe̱ la muna nu dia o dibum le tiki o miso̱ ma Yehova. O Mbenda Yehova a bolino̱ Bonaisrael, Yehova a kwali ná moto a dome̱le̱ te̱ mut’a deme̱, nde nika e bola ná mun’ao a wo̱, nu moto a mabwabe̱. (Langa .) Nika e mokwe̱le̱ biso̱ ná kwese̱ la deme̱ le bobe.​—Ombwa Maki 27 ."
fr,dua,"6 Comment montrer à Jéhovah que nous considérons notre vie et la vie des autres comme précieuses ? En ne faisant rien qui les mettrait en danger. Par exemple, nous ne devons pas fumer ni nous droguer. Fumer et se droguer est mauvais pour la santé et peut nous tuer.","6 Ne̱ni jeno̱ ná di lee̱le̱ Yehova ná longe̱ lasu nikame̱ne̱ pe̱ na malonge̱ ma bane̱ bato me biso̱ tiki o miso̱ e? Yete̱na di si boli lambo to̱ diwo̱ le ná di wanea longe̱ lasu na la bane̱ mbeu a ńolo. Ońola nika, di si me̱nde̱ bolane̱ sika, tāko, to̱so̱ banga, ońolana man mambo ma me̱nse̱ biso̱ sese, me pe̱ ná ma bwa biso̱."
fr,dua,"7 C’est Jéhovah qui nous a donné un corps et la vie. Nous devons donc les utiliser comme il le veut. Nous devons prendre soin de notre corps. Sinon, aux yeux de Dieu, nous serons impurs ( ). Nous ne pouvons pas adorer Jéhovah, qui nous a donné la vie, si, pour nous, la vie n’est pas précieuse. Ce sera peut-être très difficile d’abandonner de mauvaises habitudes. Mais si, parce que nous respectons la vie, nous faisons des efforts pour y arriver, Jéhovah nous aidera.","7 Loba a boli biso̱ longe̱ lasu na ńol’asu, jangame̱ne̱ o bolane̱ mo̱ ka ne̱ni te̱ a mapulano̱. Ońola nika e mapula ná jombweye ńol’asu ńai a bwam. Di si boli te̱ nika, ke̱ di me̱nde̱ nde be̱ mbindo o miso̱ ma Loba. ( ) Di titi ná jowe̱ Yehova, nu boli biso̱ longe̱, yete̱na di si me̱ne̱ longe̱ ka lambo la tiki. To̱ná yeno̱ ná e be̱ ndutu jita o jese̱le̱ bede̱mo ba bobe, Yehova a me̱nde̱ jongwane̱ biso̱ yete̱na di mawe̱ o bola nika ońolana di me̱ne̱ longe̱ ka lambo la tiki."
fr,dua,"8 Nous avons appris que la vie est un cadeau précieux. Et Jéhovah a confiance en nous : il sait que nous ne ferons rien qui mettrait en danger notre vie ou la vie des autres. Par exemple, nous sommes prudents quand nous conduisons une voiture, une moto ou un autre véhicule. Nous ne pratiquons pas de sports dangereux ou violents ( ). Et nous faisons ce qu’il faut pour que notre maison soit sans danger. Jéhovah avait ordonné aux Israélites : « Si tu bâtis une maison, tu devras faire un parapet ( un petit mur) à ton toit. » Pourquoi ? Parce que, si quelqu’un tombait du toit, Jéhovah considérerait le propriétaire de la maison comme responsable ( ).","8 Joko ná longe̱ le nde jabea la tiki. Yehova a lakisane̱ biso̱ ná di me̱nde̱ we̱ ná di si bola tom lambo di makusise̱ longe̱ lasu to̱so̱ la bane̱ sese. Di malee̱le̱ nika tongwea na ne̱ni di maduane̱no̱ mutoa masu, tútút’asu, to̱so̱ elongisan a ndiyo epe̱pe̱. Di mabanga tuna la ńolo le njo to̱so̱ di mawane̱ mbeu a ńolo. ( ) Di mabola pe̱ me̱se̱ ná bolongi basu bo be̱ ńai bo si me̱nse̱no̱ moto sese. Yehova a ta anea Bonaisrael ná: “O malonga te̱ ndabo a peńa, po̱ngo̱ edim’a ko̱to̱ omo̱ń a muńua mo̱ngo̱ ná o si kusise̱ ndabo ango̱ njo̱m a maya, ke̱ moto a kwedi oten.”​— ."
fr,dua,9 Même notre façon de traiter les animaux est importante pour Jéhovah. Il nous permet de tuer des animaux pour nous nourrir ou quand ils sont un danger pour nous ( ). Mais nous n’avons pas le droit de faire du mal aux animaux ni de les tuer par plaisir ( ).,"9 Nate̱na mo̱me̱ne̱ mbadi di mabongwano̱ ńama ńe mweńa o miso̱ ma Yehova. A boli biso̱ wonja o bwa ńama ná di sombweye biso̱me̱ne̱ da na mbo̱ti, to̱so̱ o bwa mo̱ yete̱na e mapula je̱nse̱ longe̱ lasu sese. ( ) Nde di s’angame̱ne̱ bolane̱ ńama njo to̱so̱ bwa mo̱ buka te̱ ońola loko.​— ."
fr,dua,"10 Le sang est sacré pour Jéhovah parce qu’il représente la vie. Après que Caïn a tué Abel, Jéhovah lui a dit : « Le sang de ton frère crie du sol vers moi » ( ). Le sang d’Abel représentait sa vie. Et Jéhovah a puni Caïn parce qu’il avait tué Abel. Après le Déluge, il a rappelé que le sang représente la vie. Il a dit à Noé et à sa famille : ‘Tous les animaux pourront vous servir de nourriture. Cependant, vous ne devez pas manger la chair avec sa vie — son sang’ ( ) (voir la note n o 17 ). Jéhovah a permis à Noé et à sa famille de manger des animaux. Mais il leur a interdit de manger la viande avec le sang, parce que le sang représente la vie.","10 Maya me bosangi o miso̱ ma Yehova ońolana me nde eyemban a longe̱. Ombusa Kain bwa Abel, Yehova a kwalane̱ Kain ná: “Misea ma maya ma munańo̱ngo̱ mi mawe̱ la mińangadu mi po̱i nate̱n’o matoi mam.” ( ) Maya ma Abel ma ta nde eyemban a longe̱ lao, Yehova a ko̱kise̱ so̱ Kain ná a bo Abel. Ombusa Mpupe ma mińa ma Noa, Yehova a lee̱le̱ pe̱te̱ ná maya me nde eyemban a longe̱. Yehova anedi Noa na mbia mao ná ba de ńama. Mo̱ ná: “Me̱se̱ ma matuse̱ ńolo mena ma be̱n longe̱ ma be̱ da lańu; kana na bolino̱ bińo̱ mbot’a mada, na mabola pe̱ bińo̱ man me̱se̱ nikame̱ne̱.” Nde, Yehova anedi babo̱ ná ba si da lambo diwo̱: “Nde lo si da nde ńama ni dian mudī mao ma longe̱ [to̱so̱, longe̱] nika ńe nde ná ke̱ maya ma dia mo̱ o ńolo.”​— ."
fr,dua,"11 Environ 800 ans après avoir dit à Noé de ne pas manger de sang, Jéhovah a de nouveau ordonné aux Israélites : Celui qui « prend à la chasse un animal ou un oiseau qui se mange, il devra en verser le sang et le couvrir de poussière ». Et Jéhovah a ajouté : « Vous ne devez manger le sang d’aucune sorte de chair » ( ). Jéhovah voulait toujours que ses serviteurs considèrent le sang comme sacré. Ils pouvaient manger de la viande, mais pas le sang. Quand ils tuaient un animal pour le manger, ils devaient verser son sang à terre.","11 Lambo ka 800 ba mbu ombusa ponda Yehova a langwedino̱ Noa ná a si da maya, a bati pe̱te̱ bola tumba lao byanedi ná: “To̱ njika mot’a ndabo a Israel to̱ mwe̱n nu jai o ndabo abu nu mabwe̱ ńama to̱ ino̱n i madabe̱ o jango, a kome maya mao, a kudumane̱ pe̱ mo̱ na mińangadu.” A bati pe̱ ná: “Lo si da maya.” ( ) Yehova a ta te̱nge̱ nde a pula ná tumba lao le̱ne̱ ná maya me bosangi. Ba wusa da ńama nde seto̱ maya. Ba ta bangame̱ne̱ koma o wase maya ma ńama ba bono̱ ońola da."
fr,dua,"12 Quelques années après la mort de Jésus, les apôtres et les anciens de l’assemblée de Jérusalem se sont réunis. Ils devaient décider à quels commandements de la Loi donnée aux Israélites les chrétiens devaient obéir ( lire ). Jéhovah les a aidés à comprendre que le sang était toujours précieux pour lui et que les chrétiens devaient le considérer comme sacré. Les chrétiens de cette époque ne mangeaient pas de sang et ils n’en buvaient pas. Ils ne mangeaient pas non plus de la viande qui n’avait pas été saignée correctement. Consommer du sang aurait été aussi grave que de rendre un culte à des idoles ou de commettre des actes sexuels immoraux. En fait, les vrais chrétiens ont toujours refusé de manger et de boire du sang. Et aujourd’hui ? Jéhovah veut toujours que nous considérions le sang comme sacré.","12 Eyek’a mbu ombusa kwed’a Yesu, bamuloloma na batudu ba mwemba ma Kriste̱n o Yerusalem ba jai o jombwea njika Mambenda oteten a ma ma bolabe̱ Bonaisrael Kriste̱n yangame̱nno̱ bupe̱. ( Langa .) Yehova ongwane̱ babo̱ o so̱ṅtane̱ ná maya ma dia te̱nge̱ nde tiki o miso̱ mao, na ná bangame̱ne̱ tika je̱ne̱ mo̱ ka lambo le bosangi. Kriste̱n a boso i si wusa da to̱so̱ ńo̱ maya to̱so̱ da ńama ni si ke̱be̱ mulopo ńai maya ma mabusano̱ ná popolopopolo. Ba bola te̱ nika, e wusa nde be̱ biana be nde o jowe̱ losango to̱so̱ wite̱ musonje. Botea ni ponda, Kriste̱n a mbale̱ i bangi o da to̱so̱ ńo̱ maya. O nin we̱nge̱ pe̱ so̱ e? Yehova a dia te̱ nde a mapula ná je̱ne̱ ná maya me bosangi."
fr,dua,"13 Cela veut-​il dire que les chrétiens doivent refuser les transfusions de sang ? Oui. Jéhovah nous ordonne de ne pas manger de sang ni d’en boire. Si un docteur vous dit de ne pas boire d’alcool, est-​ce que vous allez vous en injecter dans les veines ? Bien sûr que non ! De la même façon, puisque nous ne devons pas manger de sang ni en boire, nous n’acceptons pas les transfusions de sang (voir la note n o 29 ).","13 Mo̱, nika e mapula kwala ná Kriste̱n yangame̱ne̱ pe̱ banga tombe̱le̱ la maya e? E. Yehova anedi biso̱ ná di si da to̱so̱ ńo̱ maya. Do̱kita a kwalane̱ te̱ wa ná o si ńo̱ belam ba ngińa, o me̱nde̱ jinge̱le̱ mo̱ o ńol’ango̱ tongwea na ndo̱ndo̱ki e? Tomtom! Mulemlem pe̱ nde byanedi ba si da to̱so̱ si ńo̱ la maya be mapulano̱ kwala ná di si me̱nde̱ jemea tombe̱le̱ la maya.​—Ombwa Maki 28 ."
fr,dua,"14 Et si un docteur nous dit que, si nous refusons une transfusion de sang, nous allons mourir ? C’est à chacun de décider s’il obéira à la loi de Dieu sur le sang. Les chrétiens ont beaucoup de respect pour la vie, qui est un cadeau de Dieu. C’est pourquoi ils cherchent d’autres traitements médicaux pour rester en vie. Mais ils n’acceptent pas les transfusions de sang.","14 Ye pe̱ te̱ ná do̱kita di kwalane̱ biso̱ ná di mawo̱ yete̱na di bangi tombe̱le̱ la maya, nje di me̱nde̱no̱ bola e? Moto te̱ nde angame̱ne̱ no̱nge̱ bedomsedi o sengane̱ mbend’a Loba to̱ ke̱m jombwea maya. Kriste̱n i mabola jabea la longe̱ la Loba edube ende̱ne̱, di me̱nde̱ so̱ wasa mbad’a bo̱lise̱ ipe̱pe̱ i si mabolane̱ maya ná di benge be̱ longe̱; nde di si me̱nde̱ jemea tombe̱le̱ la maya."
fr,dua,"15 Nous faisons tout notre possible pour rester en bonne santé. Mais nous n’acceptons pas les transfusions de sang parce que le sang représente la vie et parce que, pour Dieu, il est sacré. Il est plus important d’obéir à Jéhovah que d’essayer de prolonger notre vie en lui désobéissant. Jésus a dit : « Celui qui veut sauver sa vie la perdra, mais celui qui perd sa vie à cause de moi la sauvera » ( ). Nous voulons obéir à Jéhovah parce que nous l’aimons. Il sait ce qui est le mieux pour nous. Et comme lui, nous considérons que la vie est précieuse et sacrée ( ).","15 Di mawe̱ na ngińa ná di be̱ne̱ ja la bwam, nde kana longe̱ leno̱ Loba tiki, di si me̱nde̱ jemea tombe̱le̱ la maya. Ye mweńa jita ná di sengane̱ Loba buka kwe̱me̱ mo̱ ońolana di makeka ko̱ko̱ mińa ma longe̱ lasu. Yesu mo̱ ná: “To̱ nja nu mapule̱ sunge̱ longe̱ lao a mabo̱lo̱ne̱ mo̱; nde to̱ nja pe̱ nu mabo̱lo̱ne̱ longe̱ lao ońol’am a makombe̱ mo̱.” ( ) Di mapula sengane̱ Yehova ońolana di to̱ndi mo̱. A bi nje ye bwam ońol’asu buka me̱se̱; kana Yehova, longe̱ le pe̱ biso̱ tiki na bosangi o miso̱.​— ."
fr,dua,"16 Les serviteurs de Dieu veulent vraiment obéir à la loi sur le sang. Ils ne mangent pas de sang et ils n’en boivent pas. Ils n’acceptent pas non plus de sang pour des raisons médicales * . Par contre, comme ils veulent rester en vie, ils acceptent d’autres traitements. Ils sont convaincus que le Créateur de la vie et du sang sait ce qui est le mieux pour eux. Et vous, pensez-​vous qu’il sait ce qui est le mieux pour vous ?","16 Baboledi ba Loba ba jemea ba no̱ngi bedomsedi o bupe̱ mbend’ao jombwea maya. Ba si me̱nde̱ da to̱so̱ ńo̱ maya, ba si me̱nde̱ pe̱ to̱ jemea bolane̱ la maya ka bwanga o bo̱lise̱ maboa. * Nde, ba me̱nde̱ jemea mbad’a bo̱lise̱ ipe̱pe̱ o sunga longe̱ labu. Be mbaki ná Muweked’a longe̱ na maya a bi nje ye bwam buka me̱se̱ ońol’abu. Mo̱, o dube̱ ná a bi nje ye bwam buka me̱se̱ ońol’ango̱ e?"
fr,dua,"17 La Loi que Dieu a donnée aux Israélites par le moyen de Moïse disait : « La vie de la chair est dans le sang, et moi je l’ai donné pour vous sur l’autel, pour le rite de réconciliation, car c’est le sang qui permet le pardon des péchés » ( ). Quand les Israélites péchaient, ils pouvaient demander à Jéhovah de leur pardonner en offrant un animal en sacrifice. Le prêtre versait alors un peu du sang de l’animal sur l’autel du Temple. Jéhovah permettait aux Israélites d’utiliser le sang seulement de cette façon.","17 O Mbenda ńena Loba a bolino̱ Mose, Yehova a langwedi Bonaisrael ná: ‘Mudī ma ńolo [to̱so̱, longe̱] mwe nde o maya; na boli nde bińo̱ mo̱ ońola diyo̱ o te̱ ebula [to̱so̱, baise̱ milakisan] ońol’a midī mańu [bińo̱me̱ne̱]; ebanja . . . maya nde ma mate̱ ebula.’ ( ) Bonaisrael ba ta be̱ ba wusi te̱, ná Yehova a lakise̱ babo̱, ba ta be̱ ba bola jabea l’eyembe, ba baise̱ prisi ná e myase̱le̱ dongo la maya mao o diyo̱ di ta o tempe̱l. Nika nde e ta bolane̱ la maya diwo̱ na mune Yehova anedino̱ Bonaisrael."
fr,dua,"18 Jésus a annulé la loi sur les sacrifices d’animaux. Comment ? En donnant sa vie, ou son sang, en sacrifice pour le pardon de nos péchés ( ). La vie de Jésus était très précieuse : Jéhovah a ressuscité Jésus et, sur la base de son sacrifice, il peut donner à tous les humains la possibilité de vivre pour toujours ( ).","18 Ponda Yesu a po̱ino̱ o wase, a bo̱le̱ mbend’a mabea ma byembe ponda a bolino̱ longe̱ lao, to̱so̱ maya, ońola lakise̱ la myobe masu. ( ) Longe̱ la Yesu di ta tiki kańena, ombusa Yehova pumbwe̱le̱ mo̱ ná ale o mo̱ń, Yehova a boli mbel’a moto epolo o be̱ne̱ longe̱ la bwindea.​— ."
fr,dua,"19 Jéhovah nous a donné la vie et nous avons de la reconnaissance pour ce très beau cadeau. Nous nous sentons poussés à dire aux gens que, s’ils ont foi en Jésus, ils peuvent vivre pour toujours. Nous aimons les autres, et nous faisons tout ce que nous pouvons pour leur apprendre comment obtenir la vie éternelle ( ). Alors, comme l’apôtre Paul, nous pourrons dire : « Je suis pur du sang de tous les hommes, car je ne me suis pas retenu de vous annoncer toute la volonté de Dieu » ( ). Parlons donc aux autres de Jéhovah et disons-​leur que, pour lui, la vie est précieuse. De cette façon, nous montrerons que nous avons beaucoup de respect pour la vie et le sang.","19 Di matimbise̱le̱ Yehova masoma ońola jabea la betańsedi la longe̱! Di mapula pe̱ o langwea bato ná ba dube̱ te̱ Yesu, be ná ba be̱ longe̱ o bwindea. Di to̱ndi bato, di me̱nde̱ pe̱ bola me̱se̱ na me̱se̱ ná jokwe̱le̱ babo̱ ne̱ni be̱ne̱ longe̱. ( ) Ka ńamuloloma Paulo, di me̱nde̱ so̱ we̱le̱ kwala ná: “Na sangi na maya ma bińo̱ be̱se̱. Ebanja na si wuti to̱ lambo, kańena na si langweye bińo̱ mwano ma Loba mwe̱se̱.” ( ) Na mbale̱, di malee̱le̱ ná di mabola longe̱ na maya edube ende̱ne̱ yete̱na di makwalisane̱ bane̱ jombwea Yehova, na ne̱ni pe̱ longe̱ leno̱ mo̱ tiki o miso̱."
fr,dua,"^ § 16 Pour plus de renseignements sur les transfusions de sang, voir les pages 92 à 94 du livre Restez dans l’amour de Dieu , publié par les Témoins de Jéhovah.","^ par. 16 O mapula te̱ bata bia jombwea tombe̱le̱ la maya, ombwa mapapa 77-79 ma kalati “Bińo̱ ja o ndol’a Loba,” ni busisabe̱ na Mboṅ a Yehova."
fr,dua,Comment pouvez-​vous montrer que vous respectez la vie et le sang ?,Ne̱ni weno̱ ná o lee̱le̱ edube ońola longe̱ na maya e?
fr,dua,C’EST Jéhovah qui a uni par le mariage le premier homme et la première femme. La Bible dit qu’il a créé la première femme et qu’il l’a ‘amenée vers l’homme’. Adam était tellement heureux qu’il a dit : « Voilà enfin l’os de mes os et la chair de ma chair » ( ). Cela nous apprend que Jéhovah veut que les gens mariés soient heureux.,"YEHOVA LOBA nde a latise̱ diba laboso. Bibe̱l e malangwea biso̱ ná a weki mut’a boso “na mo̱ a wanea moto mo̱.” Adam a bo muńe̱nge̱ jita, na mo̱ a kwala ná: “Nun so̱ nde e ewes’a bewese bam n’eyobo a eyobo am.” ( ) Nika e mokwe̱le̱ biso̱ ná Yehova a mapula ná mome na muto be o diba ba be̱ bonam."
fr,dua,"2 Malheureusement, beaucoup de gens n’ont jamais eu de vie de famille heureuse. Pourtant, la Bible contient de nombreux principes qui peuvent aider tous les membres de la famille à vivre heureux ensemble ( ).","2 Nje e mabwesane̱ ndutu ye nde ná, jita la bato di si mabwane̱ longe̱ la ndabo a mbia bonam. Nde, Bibe̱l e be̱n bete̱sedi jita be me̱nde̱ jongwane̱ belongi ba ndabo a mbia be̱se̱ o tongwe̱le̱ o longe̱ labu la ndabo a mbia, na bwane̱ pe̱ mulatako mabu muńe̱nge̱.​— ."
fr,dua,"3 La Bible dit qu’un mari doit aimer sa femme et la respecter. Lisez . Un mari doit toujours traiter sa femme avec amour, la protéger et prendre soin d’elle. Il ne doit jamais lui faire de mal.","3 Bibe̱l e makwala ná mom’a bwam angame̱ne̱ bongwa munj’ao na ndolo, n’edube pe̱. Son langa . Mome a bongwe munj’ao na ndolo ponda ye̱se̱. A tate pe̱ mo̱, ombweye mo̱, a si bola pe̱ to̱ lambo le ná le̱nse̱ mo̱ sese."
fr,dua,"4 Comment un mari doit-​il réagir quand sa femme fait des erreurs ? La Bible dit aux maris : « Continuez à aimer vos femmes et ne soyez pas durs avec elles » ( ). Si vous êtes un mari, rappelez-​vous que vous aussi, vous faites des erreurs. Si vous voulez que Dieu vous pardonne, vous devez pardonner à votre femme ( ). Pour que leur mariage soit heureux, un mari et sa femme doivent se pardonner facilement.","4 Nde, nje mome angame̱nno̱ bola ke̱ munj’ao a wusi e? Bibe̱l e malangwea bome ná: ‘ Benga to̱ndo̱ bito bańu, lo si be̱ babo̱ dibań.’ ( ; NW ) A bome, lo si dimbea ná bińo̱ pe̱ lo mawusa. Lo mapula te̱ ná Loba a lakise̱ bińo̱, bińo̱ pe̱ langame̱ne̱ lakise̱ bito bańu. ( ) Mome na muto ba le̱le̱m te̱ o lakisane̱ mawuse̱ mō̱ na nune, nika e me̱nde̱ jongwane̱ babo̱ o be̱ bonam o diba labu."
fr,dua,"5 Jéhovah demande aux maris de respecter leur femme. Un mari doit réfléchir sérieusement aux besoins physiques et affectifs de sa femme. C’est très important. Si un mari ne traite pas sa femme comme il faut, Jéhovah peut refuser d’écouter ses prières ( ). Jéhovah aime autant les femmes que les hommes. Ce qui rend une personne précieuse pour Jéhovah, c’est l’amour que cette personne a pour lui.","5 Yehova a mengane̱ mome nu bai ná a bole munj’ao edube. Mome angame̱ne̱ jombwea ńo̱ng’a munj’ao ná pe̱ńe̱pe̱ńe̱. Nika ńe mweńa jita. Mome nu bai a si bongo te̱ munj’ao bwam, Yehova e ná a banga senga mika mao. ( ) Nje e mawe̱le̱ bato mweńa o miso̱ ma Yehova ye nde ndolo ba to̱ndino̱ mo̱. A si to̱ndi bome buka bito."
fr,dua,"6 Jésus a expliqué qu’un mari et sa femme « ne sont plus deux, mais une seule chair » ( ). Ils doivent être fidèles l’un à l’autre ( ). Un mari doit chercher à satisfaire les besoins sexuels de sa femme, et une femme doit chercher à satisfaire les besoins sexuels de son mari ( ). Un mari doit se rappeler qu’aucun homme « n’a jamais haï son propre corps », mais qu’il « le nourrit et en prend soin ». Un mari doit donc aimer sa femme et prendre soin d’elle. Ce qu’une femme veut surtout, c’est que son mari soit gentil avec elle et qu’il l’aime ( ).","6 Yesu a tele̱ye̱ ná mome na muto “ba si mabe̱ pe̱ so̱ baba, nde eyobo ewo̱.” ( ) Be mō̱ na nune̱ jemea, ba si me̱nde̱ bulane̱ mō̱ na nune̱ tom. ( ) Mome na muto bangame̱ne̱ se̱le̱ jombwea mō̱ te̱ ńo̱ng’a lata ńa nune̱. ( ) Mome a s’angame̱ne̱ dimbea ná “to̱ moto a si singe̱ eyobo ao ponda to̱ po̱; nde a mabongwa nde mo̱ na jombwea pe̱ ońol’ao.” Ońola nika, angame̱ne̱ so̱ to̱ndo̱ na bongwa pe̱ munj’ao. Nje muto a mapulano̱ buka me̱se̱, ye nde ná mom’ao a to̱nde mo̱, a be̱ pe̱ mo̱ muyao.​— ."
fr,dua,"7 Chaque famille a besoin d’un chef, c’est-à-dire de quelqu’un qui la guide, pour que ses membres coopèrent. En , on lit que « le chef de tout homme, c’est le Christ, que le chef de la femme, c’est l’homme, et que le chef du Christ, c’est Dieu ».","7 Ndabo a mbia te̱ e be̱n ńo̱ng’a mulopo, moto nu madie̱le̱ ndabo a mbia ná me̱se̱ ma dangwe bwam. Bibe̱l e makwala o ná: “Mulopo ma mome te̱ mwe nde Kristo, nde mulopo ma muto mwe nde mome, mulopo ma Kristo pe̱ Loba.”"
fr,dua,"8 Tous les maris font des erreurs. Mais quand une femme soutient les décisions de son mari et quand elle coopère avec lui de tout cœur, cela apporte des bienfaits à toute la famille ( ). La Bible dit : « La femme doit avoir un profond respect pour son mari » ( ). Et si un mari n’a pas les mêmes croyances que sa femme ? Elle doit quand même avoir beaucoup de respect pour lui. La Bible dit : « Vous les femmes, soyez soumises à vos maris, afin que si quelques-uns n’obéissent pas à la parole, ils soient gagnés sans parole grâce à la conduite de leurs femmes, parce qu’ils auront été témoins de votre conduite pure et pleine de respect » ( ). Une femme, par son beau comportement, peut aider son mari à comprendre ses croyances et à les respecter.","8 Mome nu bai te̱ a mawusa. Nde, muto a sue̱le̱ te̱ bedomsedi ba mom’ao na mulema mwe̱se̱, ongwane̱ pe̱ mo̱, ndabo a mbia ńe̱se̱ e matombwane̱. ( ) Bibe̱l e makwala ná: “Muto pe̱ a dube̱ mom’ao.” ( ) Nde nje bola yete̱na mome na munj’ao ba titi o dube̱ diwo̱ e? Angame̱ne̱ te̱ nde be̱ne̱ne̱ mo̱ edube ende̱ne̱. Bibe̱l e makwala ná: “A bito, bińo̱ pe̱ sibise̱ bińo̱me̱ne̱ owas’a bome bańu, ná to̱na dongo ba si dube̱no̱ eyala, ba we̱le̱ dutabe̱ ońola bedangwedi ba bito babu esibe̱ n’eyala, yete̱na ba me̱ne̱ bedangwedi bańu ba ko̱nji na bo̱ngo̱.” ( ) Eyembilan a bwam ya muto ye ná yongwane̱ mom’ao o so̱ṅtane̱ dube̱ lao na bola pe̱ mo̱ edube."
fr,dua,"9 Quand une femme n’est pas d’accord avec son mari, que peut-​elle faire ? Elle devrait lui dire avec respect ce qu’elle pense. Prenons l’exemple de Sara. Un jour, elle a dit à son mari, Abraham, quelque chose qui ne lui a pas plu. Mais Jéhovah a dit à Abraham : « Écoute-​la » ( ). Un mari chrétien prendra rarement une décision qui s’oppose à ce que la Bible dit. Une femme devrait donc soutenir son mari ( ). De plus, une femme qui agit avec sagesse prend soin de sa famille ( lire ). Quand son mari et ses enfants voient qu’elle travaille dur pour eux, ils l’aiment et ils la respectent encore plus ( ).","9 Nje muto eno̱ ná a bola yete̱na a titi jo̱nge̱le̱ diwo̱ na mom’ao e? Angame̱ne̱ bola jo̱nge̱le̱ lao n’edube. K’eyembilan, Sara a ta a kwala lambo Abraham a si tano̱ a to̱ndo̱, nde Yehova a kwalane̱ mo̱ ná: “Senga doi la Sara o me̱se̱ a makwalane̱no̱ wa.” ( ) Ye pasa ná bedomsedi besukan ba mome nu bai ńe Kriste̱n be te̱nge̱ne̱ nje Bibe̱l e makwalano̱, ońola nika munj’ao angame̱ne̱ sue̱le̱ mo̱. ( ) Mut’a bwam a mombwea ndabo a mbia. (Langa .) Mom’ao na bana bao be̱n te̱ ne̱ni a mabolano̱ ebolo na ngińa o jombwea babo̱, ba me̱nde̱ bata to̱ndo̱ mo̱ na bola pe̱ mo̱ edube.​— ."
fr,dua,"10 Parfois, des couples décident rapidement de se séparer ou de divorcer. Mais la Bible dit : « Qu’une femme ne se sépare pas de son mari. » Elle dit aussi qu’un « mari ne doit pas quitter sa femme » ( ). Dans certaines situations extrêmes, un couple peut se séparer. Mais avant de prendre cette décision, il doit bien réfléchir. Maintenant, que dit la Bible sur le divorce ? Elle nous apprend qu’il n’est permis que pour une seule raison : un couple peut divorcer seulement si le mari ou la femme a eu des relations sexuelles avec quelqu’un d’autre que son conjoint ( ).","10 Ponda iwo̱ mome na muto be o diba ba mapomane̱ no̱ngo̱ bedomsedi ba jabane̱ to̱so̱ ba bwa diba. Nde, Bibe̱l e makwala ná “muto a s’abane̱ na mom’ao” na ná “mome pe̱ a s’ese̱le̱ munj’ao.” ( ) Bete̱medi bō̱ ba ngińa be ná be wana jabane̱ oteten na mome na muto, nde nika e titi bedomsedi be wam. Ońola kwed’a diba pe̱ e? Bibe̱l e makwala ná njo̱m po̱ na mune ni mabole̱ wonja o bwa diba ńe nde ke̱ mome to̱so̱ muto a wite̱ musonje.​— ."
fr,dua,"11 Si vous avez des enfants, passez le plus de temps possible avec eux. Vos enfants ont besoin de vous. Et surtout, ils ont besoin que vous les aidiez à connaître Jéhovah ( ).","11 A bayedi, bińo̱ tombise̱ eyek’a ponda mwemba na bana bańu. Bana bańu ba be̱n ńo̱ng’ańu, buka to̱ njika lambo dipe̱pe̱, ba be̱n ńo̱ngi ná lokwe̱le̱ babo̱ jombwea Yehova.​— ."
fr,dua,"12 Le monde de Satan devient de plus en plus méchant. Certaines personnes voudront peut-être faire du mal à vos enfants, ou même leur faire subir des violences sexuelles. Pour certains parents, c’est difficile de parler de ce sujet. Mais ils doivent avertir leurs enfants et leur expliquer comment fuir ces personnes. Si vous avez des enfants, vous devez les protéger * ( ).","12 Was’a Satan e mabata nde be̱ bobe mo̱ na mo̱, bato bō̱ ba me̱nde̱ pula je̱nse̱ bana basu sese, nate̱na mo̱me̱ne̱ nangane̱ babo̱. Ye bayedi bō̱ ndutu o kwalisane̱ bana babu jombwea din to̱ti. Nde bayedi bangame̱n jome̱le̱ bana babu jombwea i ńai a bato, na jokwe̱le̱ pe̱ babo̱ ne̱ni samba babo̱. A bayedi, bińo̱ langame̱ne̱ tata bana bańu. * ​— ."
fr,dua,"13 Les parents ont la responsabilité d’apprendre à leurs enfants à bien se comporter. Comment pouvez-​vous enseigner vos enfants ? Vos enfants ont besoin d’être formés, mais quand vous les corrigez, vous ne devez jamais être dur ni violent ( ). Ne les disciplinez donc jamais quand vous êtes en colère (voir la note n o 30 ). Ne les blessez pas en leur parlant comme avec « des coups d’épée » ( ). Expliquez-​leur pourquoi ils doivent obéir ( ).","13 Bayedi ba be̱n m’bē̱ ma jokwe̱le̱ bana babu ne̱ni be̱ne̱ bede̱mo ba bwam. Ne̱ni weno̱ ná wokwe̱le̱ bana bo̱ngo̱ e? Bana bo̱ngo̱ ba be̱n ńo̱ng’a dibongo, nde beko̱kisedi be s’angame̱ne̱ be̱ njo tom. ( ) Ońola nika o si ko̱kise̱ muna tomtom ke̱ we oteten a malinga. Byala bo̱ngo̱ be si be̱ “bowoli ka po̱” o bwese̱ babo̱ ndutu. ( ) Okwe̱le̱ bana bo̱ngo̱ o so̱ṅtane̱ ońola nje e mapulano̱ ná ba be̱ sengane̱.​— ; ombwa Maki 29 ."
fr,dua,"14 Jésus a toujours obéi à son Père, même quand c’était difficile ( ). De la même façon, les enfants doivent obéir à leurs parents parce que c’est ce que Jéhovah veut ( ).","14 Yesu a ta a sengane̱ Sango ponda ye̱se̱, to̱ ponda nika e tano̱ ndutu o bola. ( ) Yehova a mengane̱ pe̱ bana ná ba sengane̱ bayedi babu.​— ."
fr,dua,"15 Si vous êtes un enfant, vous trouvez peut-être difficile d’obéir à vos parents. Mais rappelez-​vous : quand vous obéissez, Jéhovah et vos parents sont contents de vous * ( ).","15 A bana, to̱ e be̱ nde ná lo mo̱nge̱le̱ ná ye bińo̱ ndutu o sengane̱ bayedi bańu, lo si dimbea ná, Yehova na bayedi bańu ba mabwane̱ bińo̱ muńe̱nge̱ ke̱ bińo̱ le sengane̱. * ​— ."
fr,dua,"16 Satan peut se servir de vos amis ou d’autres jeunes pour vous pousser à faire des choses mauvaises. Il sait que c’est parfois très difficile de résister à l’influence des autres. Prenons l’exemple de Dina, la fille de Jacob. Elle avait des amis qui n’aimaient pas Jéhovah. À cause de cela, elle et sa famille ont eu beaucoup de problèmes ( ). Si vos amis n’aiment pas Jéhovah, ils vous pousseront peut-être à faire quelque chose qu’il déteste. Si vous agissez mal, vous ferez de la peine à votre famille et à Dieu, et vous aussi, vous en souffrirez ( ). C’est pourquoi il est très important que vos amis aiment Jéhovah ( ).","16 Diabolo e ná a bolane̱ mako̱m mo̱ngo̱ na bene̱ beso̱mbe̱ bepe̱pe̱ o pula ná o bole nje ye bobe. A bi ná mi mińakisan me ná mi be̱ ndutu o lembe̱. K’eyembilan, Dina, mun’a muto ńa Yakob a ta a be̱ne̱ mako̱m mena ma si ta ma to̱ndo̱ Yehova. Nika e wanedi mo̱me̱ne̱ na mbia mao mitakisan jita. ( ) Yete̱na mako̱m mo̱ngo̱ ma si to̱ndi Yehova, me ná ma pula ná o bole lambo Yehova a singe̱no̱, lena di me̱nde̱ bwese̱ wame̱ne̱ na mbia mo̱ngo̱ jita la ndutu, nikame̱ne̱ pe̱ na Loba. ( ) Ońola nika nde yeno̱ mweńa jita ná o wase mako̱m ma to̱ndi Yehova.​— ."
fr,dua,"17 Quand les membres d’une famille font ce que Dieu leur demande, ils s’évitent beaucoup de problèmes. Si vous êtes un mari, aimez votre femme et traitez-​la avec amour. Si vous êtes une femme, respectez votre mari et soyez-​lui soumise. Imitez l’exemple de la femme décrite en Proverbes 31:10 à 31 . Si vous êtes un père ou une mère, apprenez à vos enfants à aimer Dieu ( ). Si vous êtes un père, guidez votre famille « d’une belle façon » ( ). Si vous êtes un enfant, obéissez à vos parents ( ). Et rappelez-​vous : nous faisons tous des erreurs. Nous devons donc être humbles et nous demander pardon les uns aux autres. Chaque membre de la famille peut trouver dans la Bible les conseils que Jéhovah lui donne.","17 Belongi ba ndabo a mbia be masamba ndutu na mitakisan ke̱ be bupe̱ bediedi ba Loba. Ońola nika yete̱na we mome nu bai, to̱ndo̱ munj’ango̱, o bongwe pe̱ mo̱ na ndolo. Yete̱na we nde muto nu babe̱, sibise̱ wame̱ne̱ owas’a mom’ango̱, bola mo̱ edube, wembilane̱ pe̱ eyembilan a muto kalat’a Minia 31:10-31 e to̱pedino̱. Yete̱na we nde muyedi, okwe̱le̱ bana bo̱ngo̱ o to̱ndo̱ Loba. ( ) Yete̱na we nde sango a bana, die̱le̱ ndabo ango̱ ńa mbia “bwam.” ( ) A bana, bińo̱ pe̱ sengane̱ bayedi bańu. ( ) O si dimbea ná moto te̱ o ndabo a mbia e ná a wusa, ońola nika be̱ sibise̱ la ńolo, lo baisane̱le̱ pe̱ mō̱ na nune̱ milakisan. E, Bibe̱l e be̱n bediedi ba Yehova ońola elong’a ndabo a mbia te̱."
fr,dua,"^ § 12 Vous trouverez d’autres renseignements sur la façon de protéger vos enfants dans le chapitre 32 du livre Écoute le grand Enseignant , publié par les Témoins de Jéhovah.","^ par. 12 We ná o bata bia mambo mape̱pe̱ jombwea ne̱ni tata bana bo̱ngo̱ o jokwa 32 la kalati Écoute le grand Enseignant, ni busisabe̱ na Mboṅ a Yehova."
fr,dua,^ § 15 C’est seulement dans le cas où son père ou sa mère lui demanderait de faire quelque chose qui s’oppose à la loi de Dieu qu’un enfant pourrait désobéir ( ).,^ par. 15 Muna a si be̱n ná a sengane̱ bayedi bao yete̱na ba puli ná a bole lambo di mate̱nge̱ne̱ mbend’a Loba.​— .
fr,dua,Pourquoi Sara est-​elle un bon exemple pour les femmes ?,Ne̱ni Sara eno̱ eyembilan a bwam ońola bito e?
fr,dua,Jésus est un bon exemple pour tous les membres de la famille.,Yesu e nde eyembilan a bwam ońola elong’a ndabo a mbia te̱
fr,dua,"Quand un jeune est tenté de faire quelque chose de mal, qu’est-​ce qui l’aidera à rester fidèle à Dieu ?",Nje e me̱nde̱ jongwane̱ beso̱mbe̱ o be̱ Loba jemea ke̱ ba keki o ńakisane̱ babo̱ ná ba bole nje ye bobe e?
fr,dua,"LA PLUPART des religions disent qu’elles enseignent la vérité sur Dieu. Mais ce n’est pas possible, puisque les religions enseignent des choses très différentes sur Dieu et sur la façon de l’adorer. Comment savoir quelle est la bonne façon de l’adorer ? Seul Jéhovah peut nous le dire.","BEBASI jita be maka ná be mokwe̱le̱ mbale̱ jombwea Loba. Nde, nika e titi ná e we̱le̱ be̱ mbale̱, ońolana bebasi be mokwe̱le̱ mambo me diwengisan jombwea nja ńe Loba, na ne̱ni pe̱ jangame̱nno̱ jowe̱ mo̱. Ne̱ni jeno̱ ná di bia mbadi ni te̱nge̱n ńa jowe̱ Loba e? Yehova mo̱me̱ne̱ mō̱ nde e ná a langwea biso̱ ne̱ni jangame̱nno̱ jowe̱ mo̱."
fr,dua,"2 Jéhovah nous a donné la Bible. Grâce à elle, nous pouvons apprendre quelle est la bonne façon d’adorer Dieu. Alors, étudiez-​la. Jéhovah vous aidera à retirer des bienfaits de ses enseignements parce qu’il vous aime ( ).","2 Yehova a boli biso̱ Bibe̱l ná jokwe bia mbadi ni te̱nge̱n ńa jowe̱ mo̱. Ońola nika, okwa Bibe̱l, Yehova pe̱ a me̱nde̱ jongwane̱ wa ná o tombwane̱ belēdi bao ońolana a mombwea wa ná pe̱ńe̱pe̱ńe̱.​— ."
fr,dua,"3 Certaines personnes disent que Dieu accepte toutes les religions. Mais ce n’est pas ce que Jésus a enseigné. Il a dit : « Ce ne sont pas tous ceux qui me disent : “Seigneur, Seigneur”, qui entreront dans le royaume des cieux, mais seulement celui qui fait la volonté de mon Père. » Nous devons donc savoir quelle est la volonté de Dieu et la faire. C’est très important, parce que Jésus a comparé les gens qui n’obéissent pas à Dieu à des criminels, des gens qui ‘pratiquent le mal’ ( ).","3 Bato bō̱ ba makwala ná Loba a makasa bebasi be̱se̱, nde seto̱ nika nde Yesu okwe̱le̱no̱ biso̱. A kwali ná: “Seto̱ moto te̱ nu mabele̱ mba ná a Sango a Sango, mo̱ nde a me̱nde̱ jingeye̱ o Janea la mo̱ń, nde nu nu mabole̱ jemea la Tete̱.” Ońola nika ye biso̱ mweńa ná jokwe bia nje ye jemea la Loba, nde di bole pe̱ mo̱. Nika ńe mweńa jita ońolana Yesu a kobisane̱ bato ba si masengane̱ Loba na bato bebwan, “babole̱ bobe.”​— ."
fr,dua,"4 Jésus a prévenu ses disciples que ce ne serait pas toujours facile de faire la volonté de Dieu. Il a dit : « Entrez par la porte étroite. Car large est la porte, grande est la route qui mène à la destruction, et beaucoup entrent par elle, alors qu’étroite est la porte, petite est la route qui mène à la vie, et peu de gens la trouvent » ( ). La route resserrée, c’est-à-dire la bonne façon d’adorer Dieu, conduit à la vie éternelle. La route large, c’est-à-dire la mauvaise façon d’adorer Dieu, conduit à la mort. Mais Jéhovah désire que personne ne meure. C’est pourquoi il donne à tous les humains la possibilité d’apprendre à le connaître ( ).","4 Yesu ome̱le̱ biso̱ ná di me̱nde̱ be̱ne̱ makekisan ońolana di mapula bola jemea la Loba. A kwali ná: “Bińo̱ ingea o mùna musadi. Ebanja mùna mu kolo, ngea pe̱ e tindame̱ ni malane̱ o dibumbe; nde ba ba mingeye̱ oten be jita. Nde mùna mu salo, ngea pe̱ e walame̱n ni malane̱ o longe̱; nde ngusu nde i madie̱ mo̱.” ( ) Mùna musadi, to̱so̱ mbadi ni te̱nge̱n ńa jowe̱ Loba, e malane̱ o longe̱ la bwindea. Mùna mu kolo, to̱so̱ mbadi ni kwedi ńa jowe̱ Loba, e malane̱ o kwedi. Nde Yehova a si mapula ná to̱ moto a wo̱. A mabola moto te̱ epolo o jokwa bia mo̱.​— ."
fr,dua,5 Jésus a dit qu’il est possible de reconnaître ceux qui adorent Dieu de la bonne façon en examinant leurs croyances et ce qu’ils font. Il a dit : « C’est à leurs fruits que vous les reconnaîtrez. » Et il a ajouté : « Tout bon arbre produit de beaux fruits » ( ). Cela ne veut pas dire que les vrais adorateurs de Dieu sont parfaits. Mais ils essaient toujours de faire ce qui est bien. Voyons comment les reconnaître.,5 Yesu a kwali ná je ná di bia jemba ba ba mowe̱ Loba o mbadi ni te̱nge̱n. Di mabola nika tongwea na jombwea nje ba dube̱no̱ na nje ba mabolano̱. Mo̱ ná: “Lo me̱nde̱ jemba babo̱ ońola bepuma babu.” A bati pe̱ ná: ‘Bwele ba bwam te̱ bo maya nde bepuma ba bwam.’ ( ) Nika e si mapula kwala ná ba ba mowe̱ Loba be ke̱nge̱nge̱. Nde baboledi ba Loba ba mawe̱ ponda ye̱se̱ o bola nje e te̱nge̱n. Di mala o jombwea tatan nje e me̱nde̱ jongwane̱ biso̱ o bia jemba ba ba mowe̱ Loba o mbadi ni te̱nge̱n.
fr,dua,"6 Notre culte devrait être basé sur la Bible. La Bible dit : « Toute l’Écriture est inspirée de Dieu et utile pour enseigner, pour réprimander, pour redresser les choses, pour former à une conduite juste, pour que l’homme de Dieu soit pleinement qualifié, parfaitement équipé pour toute œuvre bonne » ( ). L’apôtre Paul a écrit aux chrétiens : « Quand vous avez reçu la parole de Dieu que nous vous annoncions, vous l’avez acceptée, non comme la parole des hommes, mais comme ce qu’elle est réellement : la parole de Dieu » ( ). Le vrai culte est basé seulement sur la Parole de Dieu, la Bible. Il n’est pas basé sur des idées humaines, ni sur des traditions, ni sur autre chose.","6 Jowe̱ lasu langame̱n nde se̱me̱ye̱ o Bibe̱l. Bibe̱l e makwala ná: “Ebanja betiledi be̱se̱ bena be wu na mudī ma Loba be muse̱ṅ ońola belēdi, ońola bola la misan, ońola jome̱le̱ na o jokwe̱le̱ moto longe̱ la te̱me̱ la sim, ná mot’a Loba a be̱ na ke̱nge̱nge̱ na nu dongame̱n ońol’ebol’a bwam te̱.” ( ) Ńamuloloma Paulo a tiledi Kriste̱n ná: “Kana lo kasino̱ eyal’a Loba yena lo kusanno̱ biso̱, seto̱ k’eyal’a moto, nde k’eyal’a Loba, kana yeno̱ pe̱ mo̱ na mbale̱.” ( ) Jowe̱ la mbale̱ di se̱medi nde buka te̱ o Eyal’a Loba, Bibe̱l. Di si se̱medi o mo̱nge̱le̱ ma bato, o myeka mabu, to̱so̱ o lambo dipe̱pe̱."
fr,dua,7 Tout ce que Jésus enseignait était basé sur la Parole de Dieu ( lire ). Il citait souvent les Écritures ( ). Les vrais adorateurs de Dieu suivent son exemple : tout ce qu’ils enseignent est basé sur la Bible.,"7 Lambo te̱ Yesu okwe̱le̱no̱ di ta nde di se̱me̱ye̱ o Eyal’a Loba. (Langa .) A ta a ko̱lo̱ngo̱ne̱ langwa nje e tilabe̱ o Betiledi. ( ) Baboledi ba mbale̱ ba Loba ba mabupe̱ eyembilan a Yesu, ba mabola ná nje ye̱se̱ ba mokwe̱le̱no̱ e se̱me̱ye̱ nde o Bibe̱l."
fr,dua,"8 Nous devrions adorer seulement Jéhovah. dit : « Toi, dont le nom est Jéhovah, tu es, toi seul, le Très-Haut sur toute la terre ! » Jésus voulait que les gens apprennent qui le vrai Dieu était réellement, et il leur a fait connaître son nom ( lire ). Il a dit : « C’est Jéhovah ton Dieu que tu dois adorer, et c’est seulement à lui que tu dois offrir un service sacré » ( ). Les vrais adorateurs de Dieu suivent l’exemple de Jésus. Ils adorent seulement Jéhovah. Ils utilisent son nom et ils le font connaître. Et ils enseignent ce que Dieu fera pour les humains.","8 Jangame̱n nde o jowe̱ Yehova mo̱me̱ne̱ mō̱. Kalat’a mo̱ ná: “Wame̱ne̱ mō̱ nu be̱n dina ná Yehova nde we Ńasam omo̱ń a wase ńe̱se̱!” Yesu a ta a pula ná bato ba bie ná te̱ite̱i nja ńe Loba la mbale̱, okwe̱le̱ pe̱ bato dina la Loba. (Langa .) Yesu mo̱ ná: “Owe̱ Sango [Yehova] Loba lo̱ngo̱, bolea pe̱ nde mo̱me̱ne̱ mō̱.” ( ) Ońola nika, ka baboledi ba Loba, di mabupe̱ eyembilan a Yesu. Di mowe̱ nde Yehova mo̱me̱ne̱ mō̱ buka te̱, di mabolane̱ dina lao, di mokwe̱le̱ pe̱ bape̱pe̱ dina la Loba na nje a me̱nde̱no̱ bola ońol’asu."
fr,dua,"9 Nous devrions avoir un amour sincère pour les autres. Jésus a appris à ses disciples à s’aimer les uns les autres ( lire ). Nous devons nous aimer peu importe nos origines, notre éducation ou si nous sommes riches ou pauvres. Notre amour doit nous unir et nous devons devenir comme des frères et sœurs ( ). C’est pourquoi nous ne faisons pas la guerre et nous ne tuons personne. La Bible dit qu’on reconnaît « les enfants de Dieu et les enfants du Diable » à ceci : « celui qui ne pratique pas la justice ne vient pas de Dieu ; celui qui n’aime pas son frère, non plus ». Elle ajoute que « nous devons nous aimer les uns les autres, et ne pas être comme Caïn, qui venait du méchant et qui a tué son frère » ( ).","9 Jangame̱n o be̱ne̱ne̱ bato ndol’a ńo̱ngo̱ńo̱ngo̱. Yesu okwe̱le̱ bokwedi bao o to̱ndo̱ne̱le̱ mō̱ na nune̱. (Langa .) Di si mombwea wuma di wuno̱, bede̱mo basu ba yabane̱, to̱so̱ ná je m’bwaṅ to̱so̱ tue. Ndolo di be̱ne̱nno̱ mō̱ na nune̱ ńangame̱n o lata biso̱ ka bonasango na bonańango. ( ) Ońola nika di si mala o bila, di si mabwa pe̱ to̱ bato. Bibe̱l e makwala ná: “Nika nde bana ba Loba na bana ba Satan ba membabe̱no̱. To̱ nja nu si mabole̱ te̱me̱ la sim a si wu na Loba, nikame̱ne̱ pe̱ na nu nu si to̱ndi munasango.” E bati pe̱ ná: “Di to̱ndo̱ne̱ mō̱ na nune̱; di si be̱ ka Kain nu wu na ńabobe, nu bo munańango.”​— ."
fr,dua,"10 Nous utilisons notre temps, nos forces et ce que nous possédons pour nous encourager et nous aider les uns les autres ( ). Nous « faisons du bien à tous » ( ).","10 Di mabolane̱ pond’asu, ngiń’asu, na mabe̱ne̱ masu o jongwane̱ na jembe̱ mō̱ na nune̱. ( ) “Di boleye bato be̱se̱ bwam.”​— ."
fr,dua,"11 Nous devrions obéir à Jésus parce que c’est seulement grâce à lui que nous pouvons être sauvés. La Bible dit : « Il n’y a de salut en personne d’autre, car il n’y a sous le ciel aucun autre nom [...] par lequel nous devons être sauvés » ( ). Dans le chapitre 5 , nous avons appris que Jéhovah a envoyé Jésus sur la terre pour qu’il donne sa vie en rançon pour les humains obéissants ( ). Jéhovah a choisi Jésus comme Roi de la terre. C’est pourquoi la Bible dit que, si nous voulons vivre pour toujours, nous devons obéir à Jésus ( lire ).","11 Jangame̱n o sengane̱ Yesu ońolana mo̱ nde e ngea ni malane̱ ombo’a Loba. Bibe̱l e makwala ná: “Jongise̱ di titi na nupe̱pe, to̱ dina dipe̱pe̱ di titi owas’a mo̱ń, lena di bolabe̱ bato, lena ońol’ao nde di mongisabe̱no̱.” ( ) O Jokwa 5 la nin kalati, joko ná Yehova a lom Yesu o bola longe̱ lao ka diko̱ti ońola bato be sengane̱. ( ) Yehova a po̱si Yesu o janea wase ka Kiṅe̱. Ońola nika nde Bibe̱l e malangweano̱ biso̱ ná jangame̱n o sengane̱ Yesu yete̱na di mapula be̱ longe̱ o bwindea.​— Langa ."
fr,dua,"12 Nous ne devrions pas faire de politique. Jésus n’a pas fait de politique. Quand il a été jugé par le chef romain Pilate, il a dit : « Mon royaume ne fait pas partie de ce monde » ( lire ). Comme Jésus, nous sommes fidèles au royaume de Dieu, qui est au ciel. C’est pour cela que, quel que soit l’endroit où nous vivons, nous ne nous mêlons pas de politique. Par contre, la Bible nous demande d’obéir « aux autorités supérieures », c’est-à-dire aux gouvernements ( ). Nous obéissons aux lois du pays où nous vivons. Mais quand une de ses lois s’oppose aux lois de Dieu, nous imitons les apôtres, qui ont dit : « Nous devons obéir à Dieu plutôt qu’aux hommes » ( ).","12 Di s’angame̱n so̱lo̱ o politik. Yesu a si no̱ngi dongo o politik. Ke̱ e o ka oboso ba mwaned’a Roma Pilato, a kwalane̱ mo̱ ná: “Janea lam di titi la nin wase.” (Langa .) Mulemlem ka Yesu, je Janea la Loba le o mo̱ń jemea, ońola di jándá, di si maso̱lo̱ o politik, to̱ e be̱ nde o njik’epolo di majano̱. Nde, Bibe̱l e manea biso̱ o sengane̱ “manea ma be̱n ngińa,” nika ńe nde go̱bina. ( ) Di mabupe̱ mambenda m’ekombo owe̱ni di majano̱. Nde, mbend’a go̱bina e mate̱nge̱ne̱ te̱ mambenda ma Loba, di membilane̱ bamuloloma ba kwali ná: “Yangame̱n o sengane̱ Loba [ka mwanedi] buka bato.”​— ."
fr,dua,"13 Nous devrions croire que le royaume de Dieu est la seule solution aux problèmes du monde. Jésus a dit que la « bonne nouvelle du Royaume » serait prêchée dans le monde entier ( lire ). Aucun gouvernement n’est capable de faire ce que le royaume de Dieu fera pour les humains ( ). Jésus nous a appris à prier pour le royaume de Dieu de cette façon : « Que ton royaume vienne. Que ta volonté se fasse sur la terre, comme au ciel » ( ). La Bible dit que le royaume de Dieu détruira tous les gouvernements humains et qu’il existera pour toujours ( ).","13 Di dube̱ ná Janea la Loba mo̱me̱ne̱ mō̱ nde le ná di bo̱le̱ mitakisan ma nin wase. Yesu a kwali ná “myango ma bwam ma janea” mi me̱nde̱ langwabe̱ o wase ńe̱se̱. (Langa .) Janea la bato ba benama to̱ diwo̱ di titi ná di bola nje Janea la Loba di me̱nde̱no̱ bola ońol’asu. ( ) Yesu okwe̱le̱ biso̱ o kane̱ ońola Janea la Loba ponda a kwalino̱ ná: “Janea lo̱ngo̱ di ye. Jemea lo̱ngo̱ di bolabe̱ o wase kana o mo̱ń.” ( ) Bibe̱l e malangwea biso̱ ná Janea la Loba di me̱nde̱ ńamse̱ manea ma bato me̱se̱, na “mo̱me̱ne̱ di tingame̱ po̱ko̱po̱ko̱.”​— ."
fr,dua,"14 Maintenant, demandez-​vous : « Qui base ses enseignements sur la Bible ? Qui fait connaître le nom de Dieu ? Les membres de quelle religion s’aiment vraiment les uns les autres ? Qui croit que Dieu a envoyé Jésus sur la terre pour sauver les humains ? Qui ne fait pas de politique ? Qui prêche que seul le royaume de Dieu peut régler les problèmes des humains ? » Il n’y a que les Témoins de Jéhovah ( ).","14 Ombusa jokwa la man mato̱ti, baise̱ o wame̱ne̱ ná: ‘Ba nja ba mase̱me̱ye̱ belēdi babu o Bibe̱l e? Ba nja ba malangweye̱ bape̱pe̱ jombwea dina la Loba e? Ba nja ba maleane̱le̱ mō̱ na nune̱ ndol’a ńo̱ngo̱ńo̱ngo̱, ba madube̱ pe̱ ná Loba a lom Yesu o sunga biso̱ e? Ba nja ba si maso̱le̱ o politik e? Ba nja ba malangwe̱ ná Janea la Loba mo̱me̱ne̱ mō̱ nde le ná di bo̱le̱ mitakisan masu e?’ Mboṅ a Yehova buka te̱.​— ."
fr,dua,"15 Il ne suffit pas de croire que Dieu existe. Les démons aussi croient que Dieu existe, mais ils ne lui obéissent pas ( ). Pour que Dieu accepte notre culte, nous devons aussi faire ce qu’il dit.","15 E si dongame̱n buka te̱ o dube̱ ná Loba le. Nate̱na mo̱me̱ne̱ midī ma bobe mi dube̱ ná Loba le, nde mi si masengane̱ mo̱. ( ) Yete̱na di mapula ná Loba a kase jowe̱ lasu, di s’angame̱n buka te̱ dube̱ ná e, jangame̱n pe̱ bola nje a makwalano̱."
fr,dua,"16 Pour que Dieu accepte notre culte, nous devons rejeter la fausse religion. Le prophète Isaïe a écrit : « Sortez du milieu d’elle, veillez à rester purs » ( ). Nous devons donc rejeter tout ce qui a un rapport avec la fausse religion.","16 Ná Loba a kase jowe̱ lasu, jangame̱n o banga ebasi e kwedi. Muto̱ped’a mudī Yesaya a tili ná: “Bińo̱ busa oten, sangise̱ bińo̱me̱ne̱.” ( ) Ońola nika nde jangame̱nno̱ o banga to̱ njika lambo di be̱n mulatako na jowe̱ di kwedi."
fr,dua,"17 Qu’est-​ce que la fausse religion ? C’est l’ensemble des religions qui apprennent aux gens à adorer Dieu d’une façon contraire à la Parole de Dieu. Dans la Bible, la fausse religion est appelée « Babylone la Grande » ( ). Pourquoi ? Parce qu’après le Déluge, c’est dans la ville de Babylone que beaucoup de faux enseignements sont apparus. Ces enseignements se sont ensuite répandus sur toute la terre. Par exemple, les habitants de Babylone adoraient des groupes de trois dieux. Et aujourd’hui, beaucoup de religions enseignent que Dieu est une trinité. Mais la Bible est claire : il y a un seul vrai Dieu, Jéhovah, et Jésus est son Fils ( ). Les habitants de Babylone croyaient aussi que, quand une personne mourait, une partie d’elle continuait de vivre, parfois en enfer. Mais c’est faux (voir les notes n os 14, 17 et 18 ).","17 Nje ye ebasi e kwedi e? Nika ńe nde to̱ njik’ebasi e mokwe̱le̱ biso̱ o jowe̱ Loba o mbadi ni mate̱nge̱ne̱ Eyal’ao. Bibe̱l e mabele̱ bebasi be kwedi be̱se̱ ná “Babilon ninde̱ne̱.” ( ) Ońola nje e? Ombusa Mpupe ma mińa ma Noa, jita la belēdi ba ebasi e kwedi be botedi o mundi ma Babylon. Na be belēdi be kwedi be lańa o wase ńe̱se̱. K’eyembilan, baje̱ o Babilon ba ta ba dube̱ maloba malalo ma lati o diwo̱. We̱nge̱ pe̱, jita la bebasi be mokwe̱le̱ ná Loba e nde maloba malalo ma lati o diwo̱, nde Bibe̱l e mokwe̱le̱ ná se̱ṅse̱ṅ ná Loba la mbale̱ le nde diwo̱ na mune, Yehova, na ná Yesu pe̱ e nde Mun’ao. ( ) Baje̱ o Babilon ba ta pe̱ ba dube̱ ná dongo diwo̱ la ńol’a moto di matika be̱ longe̱ ombusa kwedi, na ná di dongo le ná di taka o he̱l. Nika e titi mbale̱.​—Ombwa Maki 14 na 17 ."
fr,dua,18 Dieu a annoncé que la fausse religion va bientôt être détruite ( ). Comprenez-​vous pourquoi il est si urgent de sortir de la fausse religion ? Jéhovah vous demande de le faire avant qu’il ne soit trop tard ( ).,"18 Loba a bīse̱ ná son a ponda bebasi be kwedi be̱se̱ be me̱nde̱ o ńamsabe̱. ( ) Mo̱, we o so̱ṅtane̱ ońola nje yeno̱ musunga jita o busa o ebasi e kwedi e? Yehova a mapula ná o bole nika obiana ponda e matomba.​— ."
fr,dua,"19 Si vous décidez de sortir de la fausse religion et de servir Jéhovah, des amis et des membres de votre famille ne comprendront peut-être pas votre décision. Ils pourraient même vous rendre la vie difficile. Mais Jéhovah ne vous abandonnera pas. Vous ferez partie d’une famille mondiale composée de millions de personnes qui s’aiment vraiment. Vous aurez l’espoir de vivre pour toujours dans le monde nouveau ( ). Et peut-être qu’un jour vos amis et les membres de votre famille qui s’opposent à votre décision étudieront la Bible.","19 O no̱ngi te̱ bedomsedi o busa o ebasi e kwedi ná o boleye Yehova, mako̱m mo̱ngo̱ mō̱ to̱so̱ mbia mo̱ngo̱ be ná ba si so̱ṅtane̱ bedomsedi bo̱ngo̱, ba takise̱ na wa mo̱me̱ne̱. Nde Yehova a si me̱nde̱ coma wa. O me̱nde̱ be̱ elong’a mbia ma wase ńe̱se̱ mu be̱n lokoli la bato bena ba be̱ne̱ne̱ mō̱ na nune̱ ndol’a mbale̱, o me̱nde̱ pe̱ be̱ne̱ dipita la be̱ longe̱ o bwindea o was’a peńa ńa Loba. ( ) Pondapo̱ mako̱m mo̱ngo̱ mō̱ na mbia mo̱ngo̱ bena ba ta ba te̱nge̱ne̱ bedomsedi bo̱ngo̱ ba bolea Yehova, be ná o sukan ba no̱ngo̱ bedomsedi o jokwa Bibe̱l."
fr,dua,"20 Très bientôt, Dieu supprimera la méchanceté, et son royaume dirigera la terre ( ). Ce sera merveilleux ! Tout le monde adorera Jéhovah comme il le veut. Faites donc maintenant les changements nécessaires pour adorer Dieu de la bonne façon.","20 Son a ponda, Loba a me̱nde̱ bo̱le̱ bobe bwe̱se̱, Janea lao pe̱ lanea wase ńe̱se̱. ( ) Ni ponda e me̱nde̱ nde be̱ ńa betańsedi! Moto te̱ a me̱nde̱ so̱ jowe̱ Yehova o mbadi Yehova a mapulano̱ ná jowe̱ mo̱. Ońola nika ye mweńa tatan ná o bole ná wowe̱ Loba o mbadi ni te̱nge̱n."
fr,dua,"Si vous servez Jéhovah avec son peuple, vous ferez partie d’une famille mondiale.","Wowe̱ te̱ Yehova mwemba na baboledi bao, o me̱nde̱ be̱ elong’a mbia ma wase ńe̱se̱"
fr,dua,"GRÂCE à votre étude de la Bible, vous avez appris que beaucoup de personnes disent adorer Dieu alors qu’en fait, elles enseignent ou font des choses qu’il déteste ( ). C’est pourquoi Jéhovah nous ordonne de sortir de la fausse religion, « Babylone la Grande » ( ). Que ferez-​vous ? Nous devons tous faire un choix. Nous devons nous demander : « Est-​ce que je désire adorer Dieu comme il le veut ou comme je l’ai toujours fait ? »","O JOKWA lo̱ngo̱ la Bibe̱l, woko ná jita la bato bena ba maka ná ba mowe̱ Loba ba mokwe̱le̱ to̱so̱ ba mabola mambo Loba a singe̱no̱. ( ) Ońola nika nde Yehova a mabolano̱ biso̱ byanedi ná di buse o ebasi e kwedi, “Babilon ninde̱ne̱.” ( ) Nje o me̱nde̱no̱ bola e? Mō̱ ńasu te̱ angame̱ne̱ po̱so̱, jangame̱ne̱ pe̱ baise̱ na biso̱me̱ne̱ ná, ‘Mo̱, na mapula o jowe̱ Loba o mbadi a mapulano̱ e, to̱so̱ nga na mapula nde o jowe̱ mo̱ o mbadi neno̱ o jowe̱ etum a ponda e?’"
fr,dua,"2 Si vous avez déjà quitté la fausse religion, c’est bien. Mais il y a peut-être des traditions de la fausse religion que vous aimez toujours. Examinons quelques-unes de ces traditions. Vous comprendrez pourquoi il est important de les voir comme Jéhovah les voit.","2 Yete̱na o mábusa o ebasi e kwedi, to̱so̱ ná o másumwa dina lo̱ngo̱ o kalat’ao ńa mina, ke̱ nika ńe bwam. Nde, ye ná e be̱ ná oteten ango̱ o dia o mabwane̱ beboledi na bede̱mo bō̱ ba ebasi e kwedi muńe̱nge̱. Jombweye beboledi na bede̱mo bao bō̱ nikame̱ne̱ pe̱ na ońola nje yeno̱ mweńa jita ná je̱ne̱ mo̱ ka nje te̱ Yehova a me̱ne̱no̱ mo̱."
fr,dua,"3 Certaines personnes utilisent depuis de nombreuses années des images, des statues ou des autels pour adorer Dieu. Est-​ce votre cas ? Si oui, vous trouvez peut-être que c’est étrange, ou même mal, d’adorer Dieu sans ces objets. Mais rappelez-​vous : c’est Jéhovah qui décide comment il faut l’adorer. Et la Bible est claire : il ne veut pas que nous utilisions d’images pour l’adorer ( lire ).","3 Ye etum a mimbu bato bō̱ ba mabolane̱no̱ njimbidi to̱so̱ wum’abu ya jowe̱ o mamboa mabu o jowe̱ Loba. Yete̱na wa pe̱ o mabola nde nika, nika ńe ná e be̱ wa mwe̱n to̱so̱ mo̱me̱ne̱ ka lambo di si te̱nge̱n o jowe̱ Loba esibe̱ be bema. Nde o̱nge̱le̱ ná, Yehova a mokwe̱le̱ biso̱ ne̱ni jowe̱ mo̱. Bibe̱l pe̱ e malangwea biso̱ na bwē ná Yehova a si mapula ná di bolane̱ njimbidi o jowe̱ lasu.​— Langa ."
fr,dua,"4 Certaines personnes dépensent beaucoup de temps, d’énergie et d’argent pour faire plaisir à leurs ancêtres. Parfois même, elles leur rendent un culte. Mais nous avons appris que les morts ne peuvent pas nous aider ni nous faire de mal. Ils ne vivent pas quelque part. Et il est dangereux d’essayer de communiquer avec eux parce qu’un message qui semble venir d’un mort vient en fait des démons. C’est pour cela que Jéhovah a ordonné aux Israélites de ne pas essayer de parler avec les morts. Ils ne devaient rien faire qui ait un rapport avec le spiritisme ( ; voir les notes n os 26 et 31 ).","4 Bato bō̱ be ná ba tombise̱ ponda jita ba we̱ pe̱ eyeka o keka do̱lisane̱ bambambe̱ babu ba wedi. Be ná na mo̱me̱ne̱ bowe̱ babo̱. Nde joko ná bawedi ba titi ná bongwane̱ biso̱ to̱so̱ bolane̱ biso̱ bobe. Ba titi longe̱ wuma ipe̱pe̱ to̱ iwo̱. Ye bobe o keka kwalisane̱ babo̱, ońolana mwe̱ndi te̱ mu makwalabe̱ ná mu wu na elong’asu a mbia e wedi, o mbale̱ mu wu nde na midī ma bobe. Ońola nika nde Yehova anedino̱ Bonaisrael ná ba si keka to̱ mo̱me̱ne̱ o kwalisane̱ bawedi to̱so̱ o so̱lise̱ babo̱me̱ne̱ o to̱ njika pat’a jowe̱ la midī ma bobe.​— ; ombwa Maki 25 na 30 ."
fr,dua,"5 Si vous utilisez des images pour adorer Dieu, ou si vous rendez un culte aux ancêtres, qu’est-​ce qui vous aidera à arrêter de le faire ? Vous devez lire la Bible et réfléchir sérieusement à ce que Dieu en pense : il trouve cela « détestable », dégoûtant ( ). Chaque jour, priez-​le de vous aider à voir les choses comme lui et à l’adorer comme il le veut ( ). Vous pouvez être sûr qu’il vous donnera la force de vous débarrasser de tout ce qui a un rapport avec la fausse religion.","5 Nje ye ná yongwane̱ wa o jese̱le̱ bolane̱ la njimbidi o jowe̱ Loba to̱so̱ ná wese̱le̱ jowe̱ bambambe̱ bo̱ngo̱ e? Wangame̱ne̱ o langa Bibe̱l, o dutea pe̱ ná po̱m jombwea ne̱ni Yehova a me̱ne̱no̱ ma mambo. Me mo̱ “ńakaka,” to̱so̱ lońo̱ńo̱ o miso̱. ( ) Kane̱ Yehova buńa te̱ ná ongwane̱ wa o je̱ne̱ mambo ka nje te̱ a me̱ne̱no̱ mo̱, na ná ongwane̱ pe̱ wa o jowe̱ mo̱ mbadi a mapulano̱. ( ) We ná o be̱ mbaki ná Yehova a me̱nde̱ bola wa ngińa ni mapule̱ wa o sumwa o longe̱ lo̱ngo̱ to̱ njika lambo le mulatako na jowe̱ di kwedi."
fr,dua,"6 Dans le monde entier, Noël est une fête très populaire. La plupart des gens pensent que c’est la fête de la naissance de Jésus. Pourtant, Noël a un rapport avec la fausse religion. Une encyclopédie explique que les Romains, qui étaient des païens (des personnes qui adoraient plusieurs dieux), fêtaient la naissance du soleil le 25 décembre. Les chefs de l’Église voulaient que plus de païens deviennent chrétiens. Ils ont alors décidé de fêter la naissance de Jésus le 25 décembre, même s’il n’est pas né ce jour-​là ( ). Les disciples de Jésus ne fêtaient pas Noël. Un livre spécialisé explique que, pendant 200 ans après la naissance de Jésus, « personne ne savait quand exactement il était né, et cela n’intéressait pas grand monde » ( Sacred Origins of Profound Things ). En fait, Noël a commencé à être fêté des centaines d’années après la naissance de Jésus.","6 O wase ńe̱se̱, ngand’a mbu ńe nde ngando ninde̱ne̱ po̱ ńa yi i mabolisabe̱ jita, bato jita pe̱ ba mo̱nge̱le̱ ná ńe nde bolise̱ la buńa ba yabe̱ ba Yesu. Mbale̱ ńe nde ná, ngand’a mbu e be̱n mulatako na jowe̱ di kwedi. Kalati po̱ e mabola beteledi ná, basibi ba Roma ba ta be̱ ba bolise̱ buńa ba yabe̱ ba wei o 25 ma mo̱di ma Elaṅe̱. Badiedi ba bebasi ba ta ba pula ná jita la basibi ba timbe Kriste̱n, ońola nika to̱ná Yesu a si yabe̱no̱ o 25 ma mo̱di ma Elaṅe̱, ba no̱ngi bedomsedi o bolise̱ yabe̱ la Yesu o bo buńa. ( ) Bokwedi ba Yesu ba si ta ba bolise̱ ngand’a mbu. Kalati po̱ e mabola beteledi ná 200 ba mbu ombusa yabe̱ la Yesu, “to̱ moto a si ta a bia ná te̱ite̱i buńa a yabe̱no̱, bato ba si ta pe̱ to̱ bombwea nika.” ( Sacred Origins of Profound Things) Bolise̱ la ngand’a mbu di botedi nde bebwea ba mbu jita ombusa jasumwe̱ la Yesu o wase."
fr,dua,"7 Beaucoup de gens savent que Noël et ses traditions (comme l’échange de cadeaux et les repas de fête) ont des origines païennes. À une époque, en Angleterre et dans certaines colonies américaines, il était interdit de fêter Noël à cause de ses origines. Tous ceux qui désobéissaient étaient punis. Mais plus tard, les gens ont recommencé à fêter Noël. Pourquoi est-​ce que les vrais chrétiens ne fêtent pas Noël ? Parce qu’ils veulent plaire à Dieu.","7 Jita la bato di bi ná mbondo a ngand’a mbu e wu nde na basibi nikame̱ne̱ pe̱ na mandema mao na bola la mabea. K’eyembilan, o Inglisi na o matongo mō̱ ma Amerika, ponda po̱ e ta ńena bolise̱ la ngand’a mbu di tano̱ mweka ońola mbondo ao ni wu na basibi. Ba ta be̱ ba ko̱kise̱ to̱ nja nu mabolise̱ mo̱. Nde ombusa ponda, bato ba botedi pe̱te̱ o bolise̱ ngand’a mbu. Ońola nje Kriste̱n a mbale̱ i si mabolise̱no̱ ngand’a mbu e? Ońolana ba mapula o bwese̱ Loba muńe̱nge̱ o to̱ njika lambo ba mabolano̱."
fr,dua,"8 Beaucoup de gens fêtent leur anniversaire de naissance. Les vrais chrétiens le font-​ils ? Les anniversaires de naissance cités dans la Bible ont été organisés par des personnes qui n’adoraient pas Jéhovah ( ). Chez les païens, les fêtes d’anniversaire servaient à honorer les faux dieux. C’est pourquoi, pour les premiers chrétiens, « la célébration des anniversaires de naissance était une coutume païenne » ( The World Book Encyclopedia ).","8 Ngando nipe̱pe̱ ni mabolisabe̱ na jita la bato ńe nde buńa babu ba yabe̱. Mo̱, Kriste̱n yangame̱ne̱ o bolise̱ buńa ba yabe̱ e? Bolise̱ la mińa ma yabe̱ Bibe̱l e makwaleano̱ mi ta nde ma ba ba si ta bowe̱ Yehova. ( ) Mińa ma yabe̱ mi ta be̱ nde mi bolisabe̱ o jabwe̱le̱ maloba ma lobango. Ońola nika nde Kriste̱n a boso “i tano̱ ye̱ne̱ bolise̱ la buńa ba yabe̱ ba moto ka ede̱mo a basibi.”​— The World Book Encyclopedia ."
fr,dua,"9 Les Romains et les Grecs croyaient que la naissance de chaque humain tombait le jour de l’anniversaire d’un dieu. Ils pensaient qu’un esprit, qui était en contact avec le dieu, était présent à la naissance de la personne. Et pour que cet esprit protège cette personne, elle devait fêter son anniversaire.","9 Bato ba Roma na ba Grikia ba kwaṅ ba ta ba dube̱ ná mō̱ ńasu te̱ a be̱n eweked’a mudī e mukeye̱ o yabe̱ lao, e matate̱ mo̱ botea bo buńa nate̱na o mińa me̱se̱ ma longe̱ lao. “Y’eweked’a mudī e be̱n mulatako ma ndimsi na loba lena bolise̱ la buńa bao bo te̱nge̱n nde na buńa nu moto a yabe̱no̱,” ka nje te̱ kalat’a Inglisi The Lore of Birthdays e matele̱ye̱no̱."
fr,dua,"10 À votre avis, Jéhovah approuve-​t-​il les fêtes qui ont un rapport avec la fausse religion ? ( ). Non. C’est pour cela que les vrais chrétiens ne fêtent pas les anniversaires de naissance ni aucune autre fête qui a un rapport avec la fausse religion.","10 Mo̱, o mo̱nge̱le̱ ná Yehova a do̱lisane̱ ngando i be̱n mulatako na ebasi e kwedi e? ( ) Ke̱m, a si do̱lisan mo̱. Ońola nika nde di si mabolise̱no̱ mińa ma yabe̱ to̱so̱ ngando nipe̱pe̱ ni be̱n mulatako na ebasi e kwedi."
fr,dua,"11 Beaucoup de gens savent que Noël et d’autres fêtes ont des origines païennes. Mais ils continuent de les fêter. Ils se disent que ces fêtes sont une occasion de passer du temps avec leur famille. Et vous, qu’en pensez-​vous ? Il n’y a rien de mal à vouloir passer du temps avec sa famille. C’est Jéhovah qui a créé la famille, et il veut que nous ayons de bonnes relations avec les membres de notre famille ( ). Mais nous ne devons pas chercher à leur plaire en célébrant des fêtes de la fausse religion. Le plus important, c’est de chercher à avoir de bonnes relations avec Jéhovah. D’ailleurs, l’apôtre Paul a dit : « Continuez à vérifier ce qui plaît au Seigneur » ( ).","11 Bato bō̱ ba bi ná ngand’a mbu na yine̱ ngando ipe̱pe̱ i wu nde na basibi, nde ba mabenga nde o bolise̱ mo̱. Ba mo̱nge̱le̱ ná ngando ye nde lambo la bwam di mabole̱ babo̱ epolo o tombise̱ ponda mwemba na mbia mabu. Wa pe̱ o mo̱nge̱le̱ nde nika e? Tombise̱ la ponda mwemba na mbia di titi bobe. Yehova nde a weki mbia, a mapula pe̱ ná di be̱ne̱ mulatako ma bwam na mbia masu. ( ) Nde, jangame̱ne̱ o we̱ o be̱ne̱ mulatako ma bwam na Yehova, buka no̱ngo̱ dongo o ngando a ebasi e kwedi, o pula do̱lisane̱ mbia masu. Ońola nika nde ńamuloloma Paulo a kwalino̱ ná: “[Benga] wasa nje e mado̱lisane̱ Sango.”​— ."
fr,dua,"12 Beaucoup de gens pensent que les origines d’une fête n’ont pas d’importance. Mais ce n’est pas ce que Jéhovah pense. Il n’approuve pas les fêtes qui viennent de la fausse religion ou qui mettent en avant des humains ou un pays. Par exemple, les Égyptiens avaient beaucoup de fêtes pour leurs faux dieux. Après être sortis d’Égypte, les Israélites ont copié une fête égyptienne et ont dit que c’était « une fête pour Jéhovah ». Mais Jéhovah les a punis ( ). Le prophète Isaïe a dit que nous ne devons ‘toucher rien d’impur’ ( lire ).","12 Bato jita ba mo̱nge̱le̱ ná mbondo a ngando e titi mweńa, nde seto̱ nika nde Yehova a mo̱nge̱le̱no̱. A si do̱lisane̱ ngando i wu na ebasi e kwedi, to̱so̱ i mabwe̱le̱ bato ba benama to̱so̱ byemban b’ekombo. K’eyembilan, bato ba Egipto ba ta ba be̱ne̱ ngando jita ya maloba mabu ma lobango. Ombusa Bonaisrael busa o Egipto, bembilane̱ ngando po̱ ńa basibi, na babo̱ ba bele̱ mo̱ ná “buńa bonde̱ne̱ ba Yehova.” Nde, Yehova a ko̱kise̱ babo̱ ońolana ba boli nika. ( ) Ka nje te̱ muto̱ped’a mudī Yesaya a kwalino̱, di s’angame̱ne̱ “tapa lambo di si sangi!”​— Langa ."
fr,dua,"13 Le jour où vous déciderez d’arrêter de célébrer les fêtes païennes, vous vous poserez peut-être beaucoup de questions. Par exemple : « Que dois-​je faire si mes collègues me demandent pourquoi je ne fête pas Noël avec eux ? Que dois-​je faire si quelqu’un m’offre un cadeau pour Noël ? Que dois-​je faire si mon conjoint veut que je célèbre une fête païenne ? Comment faire pour que mes enfants ne soient pas tristes de ne pas célébrer une fête païenne ou leur anniversaire ? »",13 Myuedi jita me ná mi po̱ wa o mo̱nge̱le̱ ke̱ o no̱ngi bedomsedi o jese̱le̱ bolise̱ la ngando. K’eyembilan: Nje nangame̱nno̱ bola yete̱na mako̱m mam m’ebolo ma baise̱ mba ońola nje na si mabolise̱no̱ ngand’a mbu mwemba na babo̱ e? Nje nangame̱nno̱ bola yete̱na moto a boli mba jabea la ngand’a mbu e? Nje nangame̱nno̱ bola yete̱na mom’am to̱so̱ munj’am a mapula ná na no̱nge dongo o ngando e? Ne̱ni neno̱ ná nongwane̱ bana bam ná ba si bwa ndutu ońolana ba si mabolise̱ ngando to̱so̱ buńa babu ba yabe̱ e?
fr,dua,"14 Quand vous déciderez de ce que vous direz ou ferez, ayez du bon sens. Par exemple, si quelqu’un vous souhaite de bonnes fêtes, vous ne devez pas l’ignorer. Vous pouvez simplement lui dire merci. Mais parfois, certaines personnes veulent en savoir plus. Vous pouvez alors leur expliquer pourquoi vous ne célébrez pas ces fêtes. Soyez toujours aimable et respectueux, et ne dites pas des choses qui les blesseraient. La Bible dit : « Que vos paroles soient toujours pleines de charme, assaisonnées de sel, de sorte que vous saurez comment vous devez répondre à chacun » ( ). Vous pouvez par exemple expliquer que vous aimez passer du temps avec les autres et leur offrir des cadeaux, mais pas à l’occasion de ces fêtes.","14 E mapula ná o be̱ ye̱ne̱ ke̱ o mano̱ngo̱ bedomsedi ba nje kwala na nje bola o to̱ njika bete̱medi. K’eyembilan, bato ba some̱le̱ te̱ wa ngand’a mbu ńa bwam to̱so̱ mbu ma bwam, o si mińa babo̱. We ná o kwala buka te̱ ná, “Na som.” Moto a baise̱ pe̱ te̱ wa myuedi, we ná o bola beteledi ońola nje o si mano̱ngo̱no̱ dongo. Nde, o ponda ye̱se̱ be̱ muyao, bia ne̱ni na nje kwala, o lee̱le̱ pe̱ edube. Bibe̱l e makwala ná: “Byala bańu be be̱ nde ponda ye̱se̱ ba muyao, be ńe̱ngisabe̱ na wanga; lo bie ne̱ni langame̱nno̱ bola moto te̱ jalabe̱.” ( ) Pondapo̱ we ná o tele̱ye̱ ná o to̱ndi o tombise̱ ponda na bane̱ na o bola pe̱ mabea, nde o po̱si ná o si mabola nika o ponda yin ngando."
fr,dua,"15 Et si on vous offre un cadeau à l’occasion d’une fête païenne ? La Bible ne nous donne pas une liste de règles, mais elle nous dit de garder une bonne conscience ( ). Celui qui vous offre un cadeau ne sait peut-être pas que vous ne célébrez pas cette fête. Ou alors il pourrait vous dire : « Je sais que tu ne célèbres pas cette fête, mais je veux quand même t’offrir ce cadeau. » Dans un cas comme dans l’autre, vous pouvez décider de l’accepter ou non. Mais quelle que soit votre décision, gardez une bonne conscience. Nous ne voulons rien faire qui ait un effet négatif sur nos relations avec Jéhovah.","15 Nje wangame̱nno̱ bola yete̱na moto a boli wa jabea e? Bibe̱l e si manande̱le̱ nje ye̱se̱ bola, nde e makwala ná di be̱ne̱ doi la mulema la bwam. ( ) Pondapo̱ moto ńe o bole̱ wa jabea a si bi ná o si mabolise̱ ngando. To̱so̱ e ná a kwala ná, “Na bi ná o si mabolise̱ nin ngando, nde to̱ na nika na mapula ná o kasane̱ mba din jabea.” We pe̱ ná o no̱ngo̱ bedomsedi o kasa jabea to̱ ke̱m. Nde o to̱ njika bedomsedi o mano̱ngo̱no̱, bola ná o kombe̱ doi la mulema la bwam. Di si mapula bola to̱ lambo di me̱nde̱ takise̱ mulatako masu na Yehova."
fr,dua,"16 Que faire si votre famille veut célébrer une fête païenne ? Ne vous disputez pas avec eux. Ils ont le droit de faire ce qu’ils veulent. Soyez aimable et respectez leur opinion, tout comme vous voulez qu’ils respectent votre opinion ( lire ). Mais maintenant, que faire si votre famille veut que vous passiez du temps avec eux à l’occasion de cette fête ? D’abord, priez Jéhovah de vous aider à prendre la bonne décision. Puis réfléchissez à la situation et faites des recherches. Rappelez-​vous : ce que vous voulez, c’est plaire à Jéhovah.","16 Nje wangame̱nno̱ bola yete̱na mbia mo̱ngo̱ mu mapula o bolise̱ ngando e? O si be̱n ná wanane̱ babo̱. O̱nge̱le̱ ná, ba be̱n bwam o bola nje ba mapulano̱ o bola. Be̱ muyao o bole pe̱ mpo̱so̱ko mabu edube ka nje te̱ o me̱nde̱no̱ pula ná babo̱ pe̱ ba bole mo̱ngo̱ edube. (Langa .) Nde mbia mo̱ngo̱ mu mapula te̱ ná o tombise̱ ponda mwemba na babo̱ o pond’a ngando, nje wangame̱nno̱ bola e? Obiana o mano̱ngo̱ bedomsedi ba nje bola, se̱le̱ kane̱ Yehova ná ongwane̱ wa o no̱ngo̱ bedomsedi ba bwam. Dutea ońola be bete̱medi, o po̱nge pe̱ muwaso jombwea nika. O̱nge̱le̱ ná, o mapula o do̱lisane̱ Yehova o ponda ye̱se̱."
fr,dua,"17 Comment pouvez-​vous aider vos enfants à ne pas se sentir privés quand ils voient les autres célébrer une fête païenne ? De temps en temps, vous pouvez organiser quelque chose de spécial pour eux. Vous pouvez aussi leur offrir des cadeaux. L’un des plus beaux cadeaux que vous puissiez leur faire, c’est de passer du temps avec eux et de leur montrer votre amour.",17 Nje weno̱ ná o bola o jongwane̱ bana bo̱ngo̱ ke̱ ba me̱ne̱ bane̱ ba mabolise̱ ngando e? We ná o po̱ngea babo̱ son a ndema ponda na ponda te̱. We pe̱ ná o bola babo̱ mabea o ponda ba si menganno̱ wa lambo. Jabea diwo̱ di buki me̱se̱ weno̱ ná o bola bana bo̱ngo̱ le nde pond’ango̱ na ndol’ango̱.
fr,dua,"18 Pour plaire à Jéhovah, il faut sortir de la fausse religion et rejeter ses fêtes et ses traditions. Mais il faut aussi pratiquer le vrai culte. Comment ? Par exemple en assistant régulièrement aux réunions chrétiennes ( lire ). Ces réunions sont une partie très importante du vrai culte ( ). Et elles sont l’occasion de nous encourager les uns les autres ( ).","18 Ná di do̱lisane̱ Yehova, jangame̱ne̱ o jese̱le̱ ebasi e kwedi nikame̱ne̱ pe̱ na bede̱mo na ngando ba be̱n mulatako na mo̱. Nde, e mapula pe̱ ná di bole bebolo ba jowe̱ la mbale̱. Ne̱ni e? Mbadi po̱ ńe nde tongwea na jukea o ndongame̱n a Kriste̱n ponda na ponda te̱. (Langa .) Ndongame̱n ye nde dongo diwo̱ le mweńa jita la jowe̱ la mbale̱. ( ; ) Je ná jembe̱ mō̱ na nune̱ ke̱ di dongame̱ne̱.​— ."
fr,dua,"19 Parler aux autres de ce que vous avez appris dans la Bible fait aussi partie du vrai culte. Beaucoup de gens sont inquiets de voir qu’il y a autant de méchanceté sur la terre. Vous en connaissez peut-être. Parlez-​leur de votre très belle espérance. En assistant aux réunions chrétiennes et en parlant aux autres des vérités de la Bible, vous n’aurez plus envie de faire partie d’une fausse religion ni de suivre ses traditions. Soyez-​en sûr : si vous choisissez de servir Jéhovah de la bonne façon, il bénira vos efforts et vous serez heureux ( ).","19 Dongo dipe̱pe̱ la jowe̱ la mbale̱ le nde kwalisane̱ la bane̱ nje wokono̱ o Bibe̱l. Jita la bato ba mabwa ndutu ońola mambo ma bobe ma mabolane̱ o wase. Yen ebe o bi bō̱ ba mabwe̱ ndutu ońola nika. Langwea babo̱ jombwea dipita lo̱ngo̱ la betańsedi la kie̱le̱ ni maye̱. Nika weno̱ o jukea o ndongame̱n a Kriste̱n, o langwea pe̱ bape̱pe̱ mbale̱ ye o Bibe̱l, o me̱nde̱ so̱ ná o si mabe̱ne̱ pe̱ ńo̱ngi o no̱ngo̱ dongo o ebasi e kwedi na bede̱mo bao. We ná o be̱ mbaki ná o me̱nde̱ be̱ bonam, na ná Yehova a me̱nde̱ namse̱ njoasoa miwe̱n mo̱ngo̱ o mapo̱ngo̱no̱ o jowe̱ mo̱ o mbadi ni te̱nge̱n.​— ."
fr,dua,Les serviteurs de Jéhovah sont heureux.,Ba ba maboleye̱ Yehova be bonam
fr,dua,"PAR rapport à l’univers, la Terre est toute petite. Quand Jéhovah la regarde, les nations sont pour lui comme une goutte d’eau ( ). Même si nous sommes tout petits par rapport à l’univers, dit : « Jéhovah est près de tous ceux qui l’appellent, de tous ceux qui l’appellent avec vérité. Il comble le désir de ceux qui le craignent ; il entend leur appel au secours, et il les sauve. » Jéhovah, le Créateur tout-puissant, veut donc être proche de nous : il veut être notre Ami ! Et il veut écouter nos prières ! La prière est vraiment un merveilleux cadeau et un très grand honneur que Jéhovah fait à chacun de nous.","WASE e salo jita, kobisane̱ misipo. Yehova ombo te̱ wase, a me̱ne̱ nde bato ba matumba me̱se̱ ka to̱n diwo̱ la madiba o mulonga. ( ) To̱ná di salono̱ jita kobisane̱ misipo nika ńe nde mo̱ń na wase, kalat’a e makwala ná: “Yehova e be̱be̱ na be̱se̱ ba mabele̱ mo̱, be̱se̱ ba mabele̱ mo̱ na mbale̱. A malonde̱ mpuli ma ba ba mabwe̱ mo̱ bo̱ngo̱, a masenga mbemb’abu, a mongwane̱ babo̱.” A se̱ edube ende̱ne̱ di be̱nno̱ e! Yehova, Muwekedi ńa ngum, a mapula sisea biso̱ be̱be̱, a mapula pe̱ o senga mika masu. E, muka mwe nde lambo l’edube, jabea la tobotobo Yehova a bolino̱ mō̱ ńasu te̱."
fr,dua,2 Mais Jéhovah nous écoutera seulement si nous lui parlons de la façon qu’il approuve. Voyons donc ce que la Bible dit sur la prière.,"2 Nde, Yehova a me̱nde̱ nde o senga mika masu yete̱na di kwalisane̱ mo̱ buka te̱ o mbadi a do̱lisanno̱. Ne̱ni jeno̱ ná di bola nika e? Jombweye nje Bibe̱l e makwalano̱ jombwea muka."
fr,dua,3 Jéhovah veut que vous lui parliez dans la prière. Comment le savons-​nous ? Lisez . Réfléchissez à ce que Dieu vous encourage à faire : le Souverain de l’univers s’intéresse beaucoup à vous et il veut que vous lui parliez de vos sentiments et de vos problèmes.,"3 Yehova a mapula ná o kane̱, to̱so̱ ná o kwalisane̱ mo̱. Ne̱ni di bino̱ nika e? Son langa . Dutea te̱ ni ńai a bebeledi ba muyao. Mwaned’a misipo a mombwea wa ná pe̱ńe̱pe̱ńe̱, a mapula pe̱ ná o langweye mo̱ besengedi bo̱ngo̱ ba mulema na mitakisan mo̱ngo̱."
fr,dua,"4 Grâce à la prière, votre amitié avec Jéhovah grandira. Quand des amis se disent régulièrement ce qu’ils pensent, et quand ils se parlent de leurs soucis et de leurs sentiments, leur amitié devient plus forte. C’est la même chose quand on prie Jéhovah. Dans la Bible, il vous dit ce qu’il pense, ce qu’il ressent et ce qu’il fera dans l’avenir. Vous pouvez lui parler régulièrement, même de vos sentiments les plus profonds. Si vous le faites, votre amitié avec lui deviendra beaucoup plus forte ( ).","4 Muka mu mongwane̱ biso̱ o be̱ne̱ mulatako ma bo̱ibo̱i na Yehova. Mako̱m ma be̱n te̱ ko̱lo̱ngo̱ne̱ la langwea mō̱ na nune̱ mo̱nge̱le̱ mabu, mitakisan mabu, nikame̱ne̱ pe̱ na besengedi babu ba teten, diko̱m labu di mabata o be̱ ngińa. Mulemlem pe̱ nde kwalisane̱ la Yehova o muka leno̱. Tongwea na Bibe̱l, a langwedi wa mo̱nge̱le̱ mao na besengedi bao ba teten, a malangwea pe̱ wa nje a me̱nde̱no̱ bola kie̱le̱ ni maye̱. We ná na mo̱me̱ne̱ o langwea mo̱ besengedi bo̱ngo̱ ba njiba mulema tongwea na kwalisane̱ mo̱ ponda na ponda te̱. Bola la nika, di mabola ná diko̱m la bińo̱ na Yehova di bate be̱ ngińa.​— ."
fr,dua,"5 Jéhovah écoute-​t-​il toutes les prières ? Non. À l’époque du prophète Isaïe, il a dit aux Israélites : « Vous m’offrez beaucoup de prières, mais je n’écoute pas : vos mains sont pleines de sang » ( ). Si nous ne faisons pas attention, nous pourrions faire des choses qui nous éloignent de Jéhovah. Dans ce cas, il n’écoutera pas nos prières.","5 Mo̱, Yehova a masenga mika me̱se̱ e? Ke̱m, a si masenga me̱se̱. O mińa ma muto̱ped’a mudī Yesaya, Yehova a ta a langwea Bonaisrael ná: “To̱ litise̱ nde beso̱so̱medi ne̱ni, na si masengane̱ bińo̱; mā mańu ma londi na maya.” ( ) Ońola nika, di si no̱ngi te̱ jangame̱ye̱, je ná di bola mambo me ná ma pandise̱ biso̱ etum na Yehova, ma mabole̱ ná a si senga mika masu."
fr,dua,"6 Si nous voulons que Jéhovah écoute nos prières, nous devons avoir foi en lui ( ). L’apôtre Paul explique : « Sans la foi, il est impossible de plaire à Dieu, car celui qui s’avance vers Dieu doit croire qu’il existe et qu’il devient celui qui récompense ceux qui le cherchent de tout cœur » ( ). Mais il ne suffit pas de dire que nous avons foi en Dieu. Nous devons le prouver en lui obéissant chaque jour ( lire ).","6 Di mapula te̱ ná Yehova a senge mika masu, jangame̱ne̱ dube̱ mo̱. ( ) Ńamuloloma Paulo a mabola beteledi ná: “Esibe̱ dube̱ a titi ná a do̱lisane̱ biso̱; ebanja to̱ nja nu mapo̱ na Loba angame̱n dube̱ ná Loba e, na ná mo̱ nde a mabole̱ ba ba mapulise̱ mo̱ bowe̱n.” ( ) Nde kwala la buka te̱ ná di be̱n dube̱ di si dongame̱n. Jangame̱ne̱ o lee̱le̱ dube̱ lasu na bwē tongwea na sengane̱ Yehova buńa te̱.​— Langa ."
fr,dua,"7 Quand nous prions Jéhovah, nous devons être humbles et respectueux. Pourquoi ? Si nous devions parler à un roi ou à un président, nous le ferions avec respect. Jéhovah est le Dieu Tout-Puissant. Nous devons donc lui parler avec encore plus de respect et d’humilité ( ). Nous devons aussi prier Jéhovah du fond du cœur. Si nous sommes sincères, nous ne répéterons pas tout le temps les mêmes mots ( ).","7 Jangame̱ne̱ o sibise̱ ńolo na lee̱le̱ pe̱ edube ke̱ di makane̱ Yehova. Ońola nje e? E po̱i te̱ ná di kwalisane̱ kiṅe̱ to̱so̱ sango ekombo, di me̱nde̱ bola nika n’edube. Yehova e nde Loba la Ngum, di s’angame̱ne̱ so̱ lee̱le̱ sibise̱ la ńolo n’edube ke̱ di makwalisane̱ mo̱ e? ( ) Jangame̱n pe̱ be̱ mbale̱, di kane̱ pe̱ Yehova na mulema masu mwe̱se̱, seto̱ buka te̱ timbise̱le̱ la milemlem ma byala mo̱ na mo̱.​— ."
fr,dua,"8 Quand nous prions au sujet de quelque chose, nous devons aussi agir en accord avec nos prières. Par exemple, si nous demandons à Jéhovah de nous donner ce qu’il nous faut pour vivre, nous ne pouvons pas être paresseux. Nous ne pouvons pas nous attendre à ce qu’il nous donne tout alors que nous pouvons travailler. Nous devons travailler dur et accepter n’importe quel travail que nous sommes capables de faire ( ). Et si nous prions Jéhovah de nous aider à arrêter de faire quelque chose de mal ? Nous devons éviter toutes les situations où nous pourrions être tentés ( ). Maintenant, répondons à quelques questions courantes sur la prière.","8 Disukan, di makane̱ te̱ jombwea lambo, jangame̱ne̱ bola me̱se̱ na me̱se̱ ná di bole bupisane̱ muka masu. K’eyembilan, yete̱na je o kane̱ Yehova jombwea ńo̱ng’asu ńa buńa te̱, e si mapula ná di be̱ bwala, di kumwa nde jenge̱le̱ ná Yehova a bole biso̱ nje ye̱se̱ di be̱nno̱ ńo̱ngi, nde ke̱ je ná di bola ebolo o kusa mo̱. Jangame̱ne̱ o bola ebolo na ngińa na jemea pe̱ to̱ njik’ebolo jeno̱ ná di we̱le̱ bola. ( ) To̱so̱ je te̱ o kane̱ Yehova ná ongwane̱ biso̱ o jese̱le̱ bola lambo la bobe, jangame̱ne̱ samba to̱ njika bete̱medi be ná be we̱le̱ biso̱ o makekisan. ( ) Jombweye so̱ tatan myuedi mō̱ mi mabaisabe̱le̱ ponda te̱ jombwea muka."
fr,dua,"9 Qui devons-​nous prier ? Jésus nous a appris à prier « notre Père qui es dans les cieux » ( ). Il a dit aussi : « Je suis le chemin, la vérité et la vie. Personne ne peut aller vers le Père si ce n’est par moi » ( ). Nous devons donc prier seulement Jéhovah . Et nous devons le faire par l’intermédiaire de Jésus , ou au nom de Jésus. Qu’est-​ce que cela veut dire ? Pour que Jéhovah accepte nos prières, nous devons respecter le rôle qu’il a donné à Jésus. Comme nous l’avons appris, Jésus est venu sur la terre pour nous sauver du péché et de la mort ( ). Jéhovah l’a aussi établi comme Grand Prêtre et Juge ( ).","9 Nja jangame̱nno̱ kane̱ e? Yesu okwe̱le̱ bokwedi bao ná ba kane̱ “Tete̱ ńasu ńe o mo̱ń.” ( ) A kwali pe̱ ná: “Mba nde ne ngea na mbale̱ na longe̱; to̱ moto a si mapo̱ na Tete̱ esibe̱ tongwea na mba.” ( ) Ońola nika jangame̱n nde kane̱ buka te̱ mo̱me̱ne̱ mō̱ Yehova tongwea na Yesu. Nje nika e mapulano̱ kwala ná di kane̱ tongwea na Yesu e? Ná Yehova a kase mika masu, e mapula ná di lee̱le̱ edube ońola epol’a tobotobo Yehova a bolino̱ Yesu. Ka nje te̱ jokono̱, Yesu a po̱i o wase o sunga biso̱ na bobe na kwedi. ( ) Yehova a te̱se̱ pe̱ Yesu ka Prisi Ninde̱ne̱, na ka Mukaisedi.​— ."
fr,dua,"10 Devons-​nous avoir une position particulière pour prier ? Non. Jéhovah ne nous demande pas d’être à genoux, assis ou debout quand nous prions. La Bible nous enseigne que nous pouvons prier dans n’importe quelle position respectueuse ( ). Ce qui est important pour Jéhovah, ce n’est pas notre position, mais notre état d’esprit. Nous pouvons prier à voix haute ou en silence, quel que soit l’endroit où nous sommes et à n’importe quel moment du jour ou de la nuit. Nous pouvons être sûrs que Jéhovah nous écoutera, même si personne d’autre ne nous entend ( ).","10 Mo̱, di be̱n ńo̱ng’a bete̱medi ba tobotobo ke̱ di makane̱ e? Ke̱m, Yehova a si mabaise̱ biso̱ ná di nume mabo̱ngo̱ wase, di je, to̱so̱ ná di te̱me̱ mo̱n, ke̱ di makane̱. Bibe̱l e mokwe̱le̱ biso̱ ná je ná di kwalisane̱ Yehova o to̱ njika bete̱medi be malee̱le̱ edube. ( ) Nje ye Yehova mweńa e titi bete̱medi basu o ponda jeno̱ o kane̱, nde ná di be̱ne̱ ebe̱yedi e te̱nge̱n ke̱ di makwalisane̱ mo̱. Je ná di kane̱ na doi la mo̱ń, to̱so̱ o mulema, e be̱ o to̱ njika wuma jeno̱ na o to̱ njika ponda ńa bulu to̱ ńa mwese. Di makane̱ te̱ Yehova, je ná di be̱ne̱ lakisane̱ ná a me̱nde̱ senga muka masu to̱ e be̱ nde ná moto to̱ mō̱ nupe̱pe̱ a titi o senga.​— ."
fr,dua,"11 Au sujet de quoi pouvons-​nous prier ? Nous pouvons prier Jéhovah pour toutes sortes de choses, du moment que notre demande est en accord avec sa volonté. La Bible dit : « Il nous écoute, quelle que soit la chose que nous demandons en accord avec sa volonté » ( ). Pouvons-​nous prier pour quelque chose de personnel ? Oui. Prier Jéhovah, c’est comme parler à un vrai ami. Nous pouvons lui parler de tout ce qui nous inquiète et de tout ce que nous ressentons ( ). Nous pouvons lui demander son puissant esprit saint pour faire ce qui est bien ( ). Nous pouvons aussi lui demander de la sagesse pour prendre de bonnes décisions et de la force pour faire face aux difficultés ( ). Nous devons lui demander de pardonner nos péchés ( ). Nous devons aussi prier pour les autres, par exemple pour notre famille et pour les frères et sœurs de l’assemblée ( ).","11 Ońola njika mambo jeno̱ ná di kane̱ e? Je ná di kane̱ ońola to̱ njika lambo lena le mulatako na jemea la Yehova. Bibe̱l e makwala ná: “Di maso̱so̱me̱ye̱ te̱ lambo kaponda jemea lao, a masengane̱ biso̱.” ( ) Je ná di kane̱ jombwea mambo ma mombweye̱ biso̱me̱ne̱ e? E. Kane̱ la Yehova langame̱n nde be̱ ka kwalisane̱ la diko̱m la batabata. Je ná di langwea Yehova to̱ njika lambo le biso̱ o mo̱nge̱le̱ na o mulema. ( ) Je ná di kane̱ mo̱ ná a bole biso̱ mudī mao musangi ma ngińa, ná mongwane̱ biso̱ o bola nje e te̱nge̱n. ( ) Je pe̱ ná di baise̱ Yehova dibie̱ o no̱ngo̱ bedomsedi ba bwam, je pe̱ ná di kane̱ ná a bole biso̱ ngińa o lembe̱ mitakisan. ( ) Jangame̱ne̱ baise̱ Yehova ná a lakise̱ myobe masu. ( ) Jangame̱n pe̱ kane̱ ońola bane̱, nikame̱ne̱ pe̱ na ońola mbia masu, bonasango asu na bonańango asu o mwemba.​— ."
fr,dua,"12 Qu’est-​ce qui doit avoir la première place dans nos prières ? Jéhovah et sa volonté. Nous devons le remercier du fond du cœur pour tout ce qu’il fait pour nous ( ). Comment le savons-​nous ? Quand Jésus était sur la terre, il a appris à ses disciples à prier ( lire ). Il a dit qu’il faut d’abord prier pour que le nom de Dieu soit sanctifié (c’est-à-dire considéré comme saint ou sacré), puis pour que son royaume vienne et pour que sa volonté se fasse sur la terre. Il a expliqué que c’est seulement après avoir prié pour ces choses très importantes que nous pouvons prier pour nos besoins personnels. Quand Jéhovah et sa volonté ont la première place dans nos prières, nous montrons qu’ils sont ce qu’il y a de plus important pour nous.","12 Njika lambo le mweńa buka me̱se̱ jangame̱nno̱ we̱le̱ o mika masu e? Yehova na jemea lao. Jangame̱n timbise̱le̱ mo̱ masoma na mulema mwe̱se̱ ońola mambo me̱se̱ a boledino̱ biso̱. ( ) Di bi nde nika ońolana ponda Yesu a tano̱ o wase, okwe̱le̱ bokwedi bao ne̱ni kane̱. (Langa .) A kwali ná ba se̱le̱ nde kane̱ ná dina la Loba di sangisabe̱, nika ná, di we̱le̱be̱ bosangi. Denge̱ a malee̱le̱ pe̱ ná jangame̱n o kane̱ ná Janea la Loba di ye, jemea la Yehova pe̱ di bolabe̱ o wase ńe̱se̱. Ombusa kane̱ jombwea ma mambo mena me mweńa jita, nde Yesu a kwalino̱ ná jangame̱n kane̱ ońola ńo̱ng’asu ńa biso̱me̱ne̱. Di malee̱le̱ nje ye biso̱ mweńa buka me̱se̱ ke̱ di we̱le̱ o muka masu Yehova na jemea lao oboso."
fr,dua,"13 Quelle doit être la longueur de nos prières ? La Bible ne le dit pas. Nos prières peuvent être courtes ou longues, en fonction de la situation. Par exemple, avant les repas, elles peuvent être courtes. Mais elles peuvent être plus longues quand nous remercions Jéhovah ou quand nous lui parlons de nos problèmes ( ). Nous ne voulons pas faire de longues prières pour impressionner les autres, comme certaines personnes le faisaient à l’époque de Jésus ( ). Jéhovah n’est pas impressionné par ce genre de prières. Ce qui est important pour lui, c’est que nos prières viennent du cœur.","13 Njika bwaba mika masu mangame̱nno̱ be̱ e? Bibe̱l e si makwala to̱ lambo ońola nika. Mika masu me ná mi be̱ bwaba to̱so̱ isungu, bupisane̱ bete̱medi. K’eyembilan, je ná di wutise̱ muka masu oboso ná di mada, nde di kane̱ muka ma bwaba ke̱ di matimbise̱le̱ Yehova masoma to̱so̱ ke̱ di makwalisane̱ mo̱ jombwea mitakisan masu. ( ) Di si mapula kane̱ mika me bwaba buka te̱ o pula jubise̱ bane̱, ka nje te̱ bato bō̱ ba tano̱ be̱ ba bola o mińa ma Yesu. ( ) Di si mubise̱ Yehova na i ńai a mika. Nje ye Yehova mweńa ye nde ná muka masu mu we nde biso̱ o mulema."
fr,dua,"14 Devons-​nous prier souvent ? Oui. Jéhovah nous encourage à lui parler régulièrement. La Bible dit que nous devons ‘prier sans cesse’, ‘persévérer dans la prière’ et ‘prier constamment’ ( ). Jéhovah est toujours prêt à nous écouter. Nous pouvons le remercier chaque jour pour son amour et pour tout ce qu’il fait pour nous. Nous pouvons aussi lui demander de nous guider, de nous consoler et de nous donner de la force. Si nous considérons la prière comme un honneur, nous prierons Jéhovah à chaque fois que nous en avons l’occasion.","14 Ngedi ininga jangame̱nno̱ kane̱ e? Yehova a mapula ná di kane̱ mo̱ ponda na ponda te̱. Bibe̱l e makwala ná jangame̱n ‘tingame̱ o muka,’ “be̱ titimbe̱ o muka,” na “kane̱ esibe̱ wo̱lo̱.” ( ) Yehova a le̱le̱m o senga mika masu ponda ye̱se̱. Je ná di timbise̱le̱ mo̱ masoma buńa te̱ ońola ndol’ao na sanga lao la mulema. Je pe̱ ná di baise̱ mo̱ ná a die̱le̱ biso̱, a bole biso̱ ngińa, na lo̱ko̱mea. Yete̱na na mbale̱ di we̱le̱ edube di be̱nno̱ mweńa o kane̱ Yehova, di me̱nde̱ o kane̱ mo̱ o to̱ njika ponda."
fr,dua,"15 Pourquoi devons-​nous dire « amen » à la fin d’une prière ? « Amen » veut dire « certainement » ou « ainsi soit-​il ». Dire « amen » est une façon de montrer que nous sommes sincères, que nous pensons vraiment ce que nous avons dit ( ). La Bible nous apprend aussi qu’il est bien de dire « amen » (à voix haute ou dans notre cœur) à la fin d’une prière publique pour montrer que nous sommes d’accord avec ce qui a été dit ( ).","15 Ońola nje jangame̱nno̱ kwala ná “amen” o su la muka e? Eyal’a “amen” e mapula nde kwala ná “na mbaki” to̱so̱ “e be̱ nika.” Nika ńe nde mbad’a lee̱le̱ la ná nje di kane̱no̱ e wu nde biso̱ o mulema, nika ná je mbale̱. ( ) Bibe̱l e mokwe̱le̱ biso̱ ná ye pe̱ bwam o kwala ná “amen” o mulema to̱so̱ na doi la mo̱ń o su la muka ma nte̱le̱le̱ o lee̱le̱ ná je jo̱nge̱le̱ diwo̱ na nje e kwalabe̱.​— ."
fr,dua,"16 Jéhovah répond-​il à nos prières ? Oui. La Bible dit qu’il est Celui ‘qui écoute la prière’ ( ). Jéhovah écoute les prières sincères de millions d’humains, et il y répond de nombreuses façons.","16 Mo̱, Yehova a malabe̱ mika masu na mbale̱ e? E, a malabe̱. Bibe̱l e mabele̱ mo̱ ná ‘Musenge̱ muka.’ ( ) Yehova a malambe̱ye̱ mika ma mbale̱ ma lodun la bato toi, a malabe̱ pe̱ mo̱; a mabola pe̱ nika o mbadi jita."
fr,dua,"17 Pour répondre à nos prières, Jéhovah utilise les anges et ses serviteurs sur la terre ( ). Par exemple, de nombreuses personnes ont prié Dieu pour comprendre la Bible et, peu de temps après, un Témoin de Jéhovah est venu leur rendre visite. La Bible montre que les anges jouent un rôle dans la prédication de la « bonne nouvelle » ( lire ). De plus, beaucoup d’entre nous avons prié au sujet d’un problème ou d’un besoin particuliers, et ensuite, un frère ou une sœur nous a apporté l’aide dont nous avions besoin ( ).","17 Yehova a mabolane̱ ange̱l na baboledi bao be o wase o jalabe̱ mika masu. ( ) Byembilan be jita ba bato bena ba kane̱ o kusa jongwane̱ o so̱ṅtane̱ Bibe̱l, nde dibokime̱ne̱ ombusa muka mabu Mboṅ a Yehova po̱ e pe̱pe̱le̱ babo̱. Bibe̱l e malee̱le̱ ná ange̱l i mano̱ngo̱ dongo o belangwedi ba “myango ma bwam” o wase ńe̱se̱. (Langa .) Jita lasu pe̱ di kane̱ Yehova jombwea mitakisan ma tobotobo to̱so̱ ńo̱ngi di tano̱ di be̱ne̱, nde di kusa jongwane̱ di ta di pula biso̱ tongwea na munasango to̱so̱ munańango ńe Kriste̱n.​— ."
fr,dua,"18 Pour répondre à nos prières, Jéhovah utilise également son esprit saint. Quand nous lui demandons de l’aide pour faire face à un problème, il utilise son esprit saint pour nous guider et pour nous donner de la force ( ). Il utilise aussi la Bible pour répondre à nos prières et pour nous aider à prendre de bonnes décisions. Quand nous la lisons, nous pouvons trouver des versets qui nous aideront. De plus, Jéhovah peut pousser quelqu’un qui donne une réponse pendant une réunion à dire ce que nous avons besoin d’entendre. Ou alors il peut pousser un ancien de l’assemblée à nous parler d’une pensée de la Bible qui nous sera utile ( ).","18 Yehova a mabolane̱ mudī mao musangi o jalabe̱ mika masu. Di kane̱ te̱ o kusa jongwane̱ o lembe̱ mitakisan mō̱ di be̱nno̱, e ná a bolane̱ mudī mao musangi o bola biso̱ bediedi nikame̱ne̱ pe̱ na ngińa. ( ) Yehova a mabolane̱ pe̱ Bibe̱l o jalabe̱ mika masu na o jongwane̱ biso̱ no̱ngo̱ bedomsedi ba dibie̱. O bolanga basu ba Bibe̱l, je ná di so̱ bepasi be me̱nde̱ jongwane̱ biso̱. Yehova e pe̱ ná a tute̱le̱ moto o ndabo a ndongame̱n o bola jalabe̱ jangame̱nno̱ o senga, to̱so̱ mutudu o mwemba ná ombweye to̱ti diwo̱ la Bibe̱l na biso̱.​— ."
fr,dua,"19 Mais parfois, nous pourrions nous demander : « Pourquoi Jéhovah n’a-​t-​il pas encore répondu à mes prières ? » Jéhovah sait quand et comment répondre à nos prières. Et il sait de quoi nous avons besoin. Dans certains cas, nous devons continuer de le prier pour lui montrer que nous sommes sincères et que nous avons vraiment foi en lui ( ). Parfois, il répond à nos prières d’une façon surprenante. Par exemple, si nous prions au sujet d’une situation difficile, au lieu de la faire disparaître, il peut nous donner la force de l’endurer ( lire ).","19 Nde, ponda iwo̱ je ná di baise̱ na biso̱me̱ne̱ ná, ‘Ońola nje Yehova a si bedino̱ jalabe̱ mika mam e?’ O si dimbea ná, a bi njika ponda na ne̱ni jalabe̱ mika masu. A bi nje e mapule̱ biso̱. Ye ná e pula ná di be̱ titimbe̱ o muka ponda bwaba o lee̱le̱ ná je iwiye̱ na mbale̱ o nje di makwalisane̱no̱ mo̱, na o lee̱le̱ pe̱ mo̱ ná di dube̱ mo̱ na mbale̱. ( ) Ponda iwo̱ Yehova a malabe̱ mika masu o mbadi ńena di titino̱ jengane̱ mo̱. K’eyembilan, je ná di kane̱ mo̱ jombwea bete̱medi bō̱ ba ngińa, nde o mulopo ma sumwa mi mitakisan, e nde ná a bola biso̱ ngińa o lembe̱ mo̱.​— Langa ."
fr,dua,"20 Quel honneur de pouvoir parler à Jéhovah dans la prière ! Nous pouvons être sûrs qu’il nous écoute ( ). Plus nous le prierons de tout notre cœur, plus notre amitié avec lui deviendra forte.","20 A se̱ edube ende̱ne̱ di be̱nno̱ o kane̱ Yehova! Je ná di be̱ mbaki ná a me̱nde̱ sengane̱ biso̱. ( ) Nika di makane̱no̱ Yehova ponda na ponda te̱ na mulema mwe̱se̱, nika pe̱ nde diko̱m lasu di mabatano̱ o be̱ ngińa."
fr,dua,Le Créateur du ciel et de la terre veut écouter nos prières ( ).,‘Muweked’a mo̱ń na wase’ a mapula senga mika masu.​—
fr,dua,Vous pouvez prier à tout moment.,We ná o kane̱ o to̱ njika ponda
fr,dua,Jéhovah peut répondre à nos prières en poussant des chrétiens à nous aider.,Yehova e ná alabe̱ mika masu tongwea na jongwane̱ di makusane̱no̱ yine̱ Kriste̱n
fr,dua,"EN ÉTUDIANT ce livre, vous avez appris de nombreuses vérités de la Bible. Par exemple, vous avez découvert la vérité sur les morts, l’espoir de la résurrection et la promesse de la vie éternelle ( ). Vous assistez peut-être aux réunions des Témoins de Jéhovah et vous pensez sans doute qu’ils adorent Dieu de la bonne façon ( ). De plus, vous avez certainement commencé à développer une amitié avec Jéhovah et vous voulez le servir. Mais vous vous demandez peut-être : « Qu’est-​ce que je dois faire pour servir Dieu ? »","O JOKWA lo̱ngo̱ la nin kalati, woko jita la mbale̱ i tilabe̱ o Bibe̱l ka, longe̱ la bwindea Loba a kakane̱no̱ biso̱, nje e mapo̱ye̱ bawedi, nikame̱ne̱ pe̱ na dipita la bepumbwedi. ( ) Pondapo̱ o mábotea o jukea o ndongame̱n a Mboṅ a Yehova, o mádube̱ pe̱ ná ba be̱n jowe̱ la mbale̱. ( ) Yen ebe o mábotea be̱ne̱ mulatako ma bo̱ibo̱i na Yehova, o máno̱ngo̱ pe̱ bedomsedi ná o mapula o bolea mo̱. We so̱ ná o dutea ná, ‘Nje nangame̱nno̱ bola tatan o bolea Loba e?’"
fr,dua,"2 Un Éthiopien qui vivait à l’époque de Jésus s’est demandé ce qu’il devait faire pour servir Dieu. Quelque temps après la résurrection de Jésus, un de ses disciples, Philippe, a prêché à cet homme. Il lui a prouvé que Jésus était le Messie. L’Éthiopien a été si touché par ce qu’il a appris qu’il a tout de suite dit : « Regarde, de l’eau ! Qu’est-​ce qui m’empêche de me faire baptiser ? » ( Actes 8:26-36 ).","2 Nika nde mot’a Etiopia mō̱ ńa mińa ma Yesu a dutedino̱. Ombusa bepumbwedi ba Yesu, mokwed’a Yesu Filipo a te̱ye̱ nu moto dikalo. Filipo a lee̱le̱ mo̱ mboṅ i mabamse̱ ná Yesu a ta nde Mesia. Nje nu mot’a Etiopia okono̱ e tapi mo̱ mulema kańena a kwala o dibokime̱ne̱ ná: “Ombwa, madiba man; nje e meke̱ mba o dubisabe̱ e?”​— Bebolo 8:26-36 ."
fr,dua,"3 La Bible est claire : si vous voulez servir Jéhovah, vous devez vous faire baptiser. Jésus a ordonné à ses disciples : « Faites des disciples parmi [les gens de toutes les nations], les baptisant » ( ). Jésus a donné l’exemple en se faisant lui-​même baptiser. On ne lui a pas simplement versé un peu d’eau sur la tête : il a été plongé entièrement dans l’eau ( ). Quand un chrétien se fait baptiser, il doit aussi être plongé entièrement, ou immergé, dans l’eau.","3 Bibe̱l e mokwe̱le̱ ná se̱ṅse̱ṅ ná o mapula te̱ o bolea Yehova, wangame̱ne̱ o dubisabe̱. Yesu a langwedi bokwedi bao ná: “Timbise̱ [bato ba] matumba me̱se̱ bokwedi bam, lo dubise̱ babo̱.” ( ) Yesu a boli pe̱ eyembilan ninka ná mo̱me̱ne̱ pe̱ a dubisabe̱. A ta a dubisabe̱ o madiba, nika ná a kwesabe̱ mutibe, seto̱ ná a ta a myasabe̱le̱ madiba o mulopo. ( ) O we̱nge̱, Kriste̱n e madubisabe̱ te̱, ńangame̱ne̱ dubabe̱ mususu, to̱so̱ kwesabe̱ mutibe o madiba."
fr,dua,"4 Quand on se fait baptiser, on montre aux autres qu’on veut vraiment être l’ami de Dieu et le servir ( ). Maintenant, vous vous demandez peut-être : « Qu’est-​ce que je dois faire pour être baptisé ? »","4 O dubisabe̱ te̱, nika e malee̱le̱ bane̱ ná na mbale̱ o mapula o be̱ diko̱m la Loba, na bolea pe̱ mo̱. ( ) We so̱ ná o baise̱ o wame̱ne̱ ná, ‘Nje nangame̱nno̱ o bola ná na dubisabe̱ e?’"
fr,dua,"5 Avant de pouvoir être baptisé, vous devez apprendre à connaître Jéhovah et Jésus. Vous avez déjà commencé à le faire en étudiant la Bible ( lire ). Mais cela ne suffit pas. La Bible dit que vous devez être ‘rempli de la connaissance exacte’ de la volonté de Jéhovah ( ). Les réunions des Témoins de Jéhovah vous aideront à avoir une amitié plus forte avec lui. Voilà une raison importante d’assister régulièrement à ces réunions ( ).","5 Oboso ná o madubisabe̱, wangame̱ne̱ se̱le̱ jokwa bia Yehova na Yesu. O mábotea o bola nika tongwea na jokwa la Bibe̱l. (Langa .) Nde nika e si dongame̱n. Bibe̱l e makwala ná wangame̱ne̱ “londisabe̱ na so̱ṅtane̱ [di te̱nge̱n]” la jemea la Yehova. ( ) Ndongame̱n a Mboṅ a Yehova i me̱nde̱ jongwane̱ wa o be̱ne̱ mulatako ma bo̱ibo̱i na Yehova. Njo̱m po̱ ni ńa mweńa wangame̱nno̱ o jukea o yi ndongame̱n ponda na ponda te̱.​— ."
fr,dua,"6 Jéhovah n’exige pas que vous sachiez tout sur la Bible avant de vous faire baptiser. Il n’a pas exigé que l’Éthiopien sache tout avant son baptême ( ). En fait, nous n’aurons jamais fini d’apprendre de nouvelles choses sur Dieu ( ). Mais avant de vous faire baptiser, vous devez connaître et accepter les enseignements de base de la Bible ( ).","6 O ka mbale̱, Yehova a si mengane̱ wa ná o bie mambo me̱se̱ me o Bibe̱l obiana o madubisabe̱. A s’engane̱ mot’a Etiopia ná a bie mambo me̱se̱ obiana a madubisabe̱. ( ) Di me̱nde̱ pe̱ benga jokwa jombwea Loba o bwindea. ( ) Nde ná o dubisabe̱, wangame̱ne̱ o jokwa na jemea pe̱ belēdi baboso ba Bibe̱l.​— ."
fr,dua,"7 La Bible dit : « Sans la foi, il est impossible de plaire à Dieu » ( ). Vous devez donc avoir foi en Dieu avant de pouvoir vous faire baptiser. Après avoir entendu ce que les disciples de Jésus enseignaient, certains habitants de la ville de Corinthe ‘sont devenus croyants et ont été baptisés’ ( ). De la même façon, votre étude de la Bible vous a aidé à avoir foi dans les promesses de Dieu. Elle vous a aussi aidé à avoir foi dans le sacrifice de Jésus, qui peut nous sauver du péché et de la mort ( ).","7 Bibe̱l e makwala ná: “Esibe̱ dube̱ [Loba] a titi ná a do̱lisane̱ biso̱.” ( ) Ońola nika wangame̱ne̱ be̱ne̱ dube̱ oboso ná o madubisabe̱. Bibe̱l e malangwea biso̱ ná jita la bato ba mundi ma kwaṅ ma Korinto ba ta ba senga nje bokwedi ba Yesu bokwe̱le̱no̱, na babo̱ ba botea “dube̱, ba dubisabe̱.” ( ) Mulemlem pe̱ nde jokwa lo̱ngo̱ la Bibe̱l longwane̱no̱ wa o dube̱ makaki ma Loba, nikame̱ne̱ pe̱ na ngiń’a jabea la Yesu, lena le ná di sunga biso̱ o bobe na kwedi.​— ."
fr,dua,"8 Plus vous apprendrez de choses sur la Bible et plus vous verrez qu’elle vous est utile, plus votre foi grandira. Vous aurez alors envie de parler aux autres de ce que vous apprenez ( ).","8 Nika weno̱ o bata jokwa Bibe̱l na je̱ne̱ pe̱ ne̱ni e mongwane̱no̱ wa o longe̱ lo̱ngo̱, dube̱ lo̱ngo̱ di mabata be̱ ngińa. O me̱nde̱ o pula langwea bane̱ jombwea nje weno̱ o jokwa. ( ) Nde nja wangame̱nno̱ langwea e?"
fr,dua,"9 Vous aurez peut-être envie de parler de ce que vous apprenez à votre famille, à vos amis, à vos voisins et à vos collègues de travail. C’est bien, mais faites-​le toujours avec gentillesse et douceur. Avec le temps, vous voudrez prêcher avec l’assemblée. Quand vous vous sentirez prêt, dites-​le au Témoin qui vous enseigne la Bible. S’il pense que vous êtes prêt et si vous vivez en accord avec les principes de la Bible, vous rencontrerez avec lui deux anciens de l’assemblée.","9 We ná o pula langwea mbia mo̱ngo̱, mako̱m mo̱ngo̱, moyo mo̱ngo̱ ma mboa, to̱so̱ mako̱m mo̱ngo̱ m’ebolo jombwea nje weno̱ o jokwa. Nika ńe bwam, nde bola nika o ponda ye̱se̱ na muyao na ndolo pe̱. Ponda e me̱nde̱ po̱ o me̱nde̱no̱ we̱le̱ botea te̱ dikalo na mwemba. We̱n te̱ ná wā be̱be̱ o bola nika, we ná o kwalisane̱ Mboṅ a Yehova ńe o jokwe̱le̱ wa Bibe̱l, langwea mo̱ ná o me̱nde̱ o to̱ndo̱ no̱ngo̱ dongo o ebol’a dikalo na mwemba. Yete̱na nu moto a mo̱nge̱le̱ ná wā be̱be̱, na ná we pe̱ o die̱le̱ longe̱ lo̱ngo̱ bupisane̱ bete̱sedi ba Bibe̱l, bińo̱ na mo̱ lo me̱nde̱ o ja mwemba na batudu baba ba mwemba."
fr,dua,"10 Quel est le but de cette rencontre ? Les anciens vont parler avec vous pour voir si vous comprenez les enseignements de base de la Bible et si vous y croyez. Ils voudront aussi savoir si, dans votre vie de tous les jours, vous obéissez à ce que la Bible dit et si vous voulez vraiment devenir Témoin de Jéhovah. N’ayez pas peur de parler aux anciens. Rappelez-​vous : ils prennent soin de tous les membres de l’assemblée, et donc de vous aussi ( ). Après cette rencontre, ils vous diront si vous pouvez prêcher avec l’assemblée.","10 Nje e me̱nde̱ bolane̱ ke̱ lo mája mwemba e? Batudu ba me̱nde̱ o kwala na wa o jombwa nga o maso̱ṅtane̱ na dube̱ pe̱ belēdi baboso ba Bibe̱l, nga o longe̱ lo̱ngo̱ la buńa te̱ o mabola nje Bibe̱l e makwalano̱, na yete̱na na mbale̱ o mapula o be̱ mō̱ ńa Mboṅ a Yehova. O̱nge̱le̱ ná batudu ba mombwea belongi ba mwemba be̱se̱, nikame̱ne̱ pe̱ na wa; o si bwa so̱ bo̱ngo̱ o kwalisane̱ babo̱. ( ) Ombusa bo boja, batudu ba me̱nde̱ o langwea wa nga we ná o botea te̱ dikalo na mwemba."
fr,dua,"11 Les anciens vous expliqueront peut-être que vous avez encore des changements à faire avant de pouvoir prêcher avec l’assemblée. Pourquoi est-​il très important de les faire ? Parce que, quand nous parlons aux autres de Jéhovah, nous le représentons. Nous devons donc vivre d’une manière qui lui rende honneur ( ).","11 Batudu be ná ba langwea wa ná e mapula ná o bate wana mawengisan o longe̱ lo̱ngo̱ oboso ná o mabotea te̱ dikalo na mwemba. Ońola nje yeno̱ mweńa jita o wana man mawengisan e? Ońolana di makwalisane̱ te̱ bane̱ jombwea Loba, je nde o to̱po̱ o dina la Yehova, jangame̱n pe̱ die̱le̱ longe̱ lasu o mbadi ni mawaneye̱ mo̱ edube.​— ."
fr,dua,"12 Avant de pouvoir être baptisé, vous devez faire autre chose. L’apôtre Pierre a dit : « Repentez-​vous donc et retournez-​vous, pour que vos péchés soient effacés » ( ). Que veut dire « se repentir » ? Cela veut dire regretter vraiment tout ce qu’on a fait de mal. Par exemple, si vous commettiez des actes sexuels immoraux, vous devez vous repentir. Et même si vous avez toujours essayé de faire ce qui est bien, vous devez quand même vous repentir. En effet, nous sommes tous pécheurs. Nous avons donc tous besoin de demander pardon à Dieu ( ).","12 Lambo dipe̱pe̱ le wangame̱nno̱ o bola oboso ná o madubisabe̱. Ńamuloloma Petro a kwali ná: “ Bińo̱ ate̱le̱ so̱, lo tukwe, ná myobe mańu mi dimsabe̱.” ( ) Nje nika e mapulano̱ o kwala ná jate̱le̱ e? Nika e mapula nde o kwala ná jombwe̱ na mulema mwe̱se̱ ońola to̱ njika bobe di bolino̱. K’eyembilan, yete̱na o be̱n longe̱ la wite̱ musonje, ke̱ e mapula so̱ ná wate̱le̱. To̱ e be̱ nde ná o longe̱ lo̱ngo̱ le̱se̱ o we̱ o ngud’ango̱ ńe̱se̱ o bola nje e te̱nge̱n, o be̱n te̱ nde ná wate̱le̱, ońolana biso̱ be̱se̱ di mawusa, jangame̱n pe̱ baise̱ Loba ná a lakise̱ biso̱.​— ."
fr,dua,"13 Est-​ce suffisant de regretter ce que vous avez fait de mal ? Non. Pierre a dit qu’il faut aussi « se retourner ». Cela veut dire que vous devez rejeter toute mauvaise conduite et vous mettre à faire ce qui est bien. Prenons un exemple : Vous allez quelque part pour la première fois. Au bout d’un moment, vous vous rendez compte que vous êtes dans la mauvaise direction. Que faites-​vous ? Vous ralentissez, vous vous arrêtez, vous « vous retournez », c’est-à-dire vous faites demi-tour, puis vous prenez la bonne direction. De la même façon, en étudiant la Bible, vous vous rendrez peut-être compte que vous devez faire des changements dans votre vie ou abandonner certaines habitudes. Soyez prêt à « vous retourner », c’est-à-dire à faire les changements nécessaires, puis mettez-​vous à faire ce qui est bien.","13 Mo̱, e dongame̱n buka te̱ ná wombwe̱ ońola nje o bolino̱ e? Ke̱m. Petro a kwali ná wangame̱n pe̱ o ‘tukwa.’ Nika e mapula kwala ná wangame̱n o banga to̱ njika bedangwedi ba bobe o tano̱ o be̱ne̱, o boteye pe̱ o bola nje ye bwam. Di no̱nge yen eyembilan, dutea ná we o wala o lo̱ndo̱ o wuma iwo̱ ka nged’ango̱ ńa boso. Nde nine̱ ponda, o so̱ ná o si no̱ngedi nge’a bwam. Nje o me̱nde̱no̱ bola e? Yeke̱i te̱ o me̱nde̱ bwa lo̱ndo̱, o te̱me̱, o tukwa ngea, na wa o no̱ngea nge’a bwam. Mulemlem pe̱ nde yeno̱ ke̱ o mokwa Bibe̱l, we ná o so̱ ná e mapula ná o tukwe bede̱mo bō̱ na mambo mō̱ o longe̱ lo̱ngo̱. Emea o ‘tukwa’​—nika ná, o wane mawengisan ma mapule̱​—o boteye pe̱ o bola nje e te̱nge̱n."
fr,dua,"14 Avant de pouvoir être baptisé, vous devez faire une autre chose importante : vous vouer à Jéhovah. Vous vouer à Dieu, c’est lui faire la promesse, dans une prière, que vous n’adorerez que lui et que faire sa volonté sera la chose la plus importante de votre vie ( ).","14 Tanga dipe̱pe̱ la mweńa wangame̱nno̱ o no̱ngo̱ oboso ná o madubisabe̱ le nde bake̱ la wame̱ne̱ na Yehova. Bake̱ la wame̱ne̱ na Yehova, nika ńe nde bola la mo̱ kakane̱ o muka ná o mowe̱ nde mo̱me̱ne̱ mō̱ buka te̱, bola la jemea lao pe̱ nde di mabe̱ lambo le mweńa buka me̱se̱ o longe̱ lo̱ngo̱.​— ."
fr,dua,"15 Promettre de servir seulement Jéhovah, c’est comme promettre de passer le reste de sa vie avec quelqu’un qu’on aime. Prenons un exemple : Un homme et une femme sont attirés l’un par l’autre. Plus cet homme apprend à connaître cette femme, plus il l’aime. Et il veut se marier avec elle. C’est une décision importante, mais parce qu’il l’aime, il est prêt à accepter les responsabilités du mariage.","15 Bola la Yehova kakane̱ o bolea mo̱me̱ne̱ mō̱ buka te̱, le nde ka bola la moto o to̱ndino̱ kakane̱ o tombise̱ mińa me̱se̱ o diane̱no̱ o longe̱ lo̱ngo̱ mwemba na mo̱. Dute̱a ná mome e o yengea muto ońola diba. Nika mome eno̱ o bata jokwa bia bede̱mo ba muto, a mabotea o to̱ndo̱ mo̱, a pula o ba mo̱. To̱ná no̱ngo̱ la be bedomsedi di titino̱ lambo disadi, nu mome a memea o bambe̱ mu m’bē̱ ońolana o to̱ndi nu muto."
fr,dua,"16 Plus vous connaîtrez Jéhovah, plus vous l’aimerez et plus vous voudrez faire de votre mieux pour le servir. Cela vous poussera à lui faire la promesse, dans une prière, de le servir. La Bible dit que celui qui veut être un disciple de Jésus doit « se renier » ( ). Cela veut dire qu’obéir à Jéhovah doit être ce qu’il y a de plus important pour vous. En fait, ce que Jéhovah veut est plus important que vos désirs et vos objectifs ( lire ).","16 Nika weno̱ o jokwa jombwea Yehova, o mabotea o to̱ndo̱ mo̱, o pula pe̱ bola me̱se̱ ngud’ango̱ e madie̱le̱no̱ wa o bolea mo̱. Nika e me̱nde̱ tute̱le̱ wa o bola mo̱ o muka kakane̱ la bolea mo̱. Bibe̱l e makwala ná to̱ nja nu mapule̱ o bupe̱ Yesu angame̱ne̱ o ‘to̱bo̱ mo̱me̱ne̱.’ ( ) Nje nika e mapulano̱ kwala e? Nika e mapula nde o kwala ná sengane̱ la Yehova nde o we̱le̱no̱ ka lambo laboso o longe̱ lo̱ngo̱. Nje Yehova a mapulano̱ ye mweńa buka ńo̱ng’ango̱ na mambo o mabupe̱no̱.​— Langa ."
fr,dua,"17 Certains ne se vouent pas à Jéhovah parce qu’ils ont peur de ne pas pouvoir tenir leur promesse de le servir. Ils ne veulent pas le décevoir. Ou alors ils pensent que, s’ils ne sont pas voués à Dieu, il ne les considérera pas comme responsables de ce qu’ils font.","17 Bato bō̱ ba si mabake̱ babo̱me̱ne̱ na Yehova, ońolana ba mabwa bo̱ngo̱ ná ba titi ná ba ne̱nge̱ kakane̱ ba bolino̱ mo̱ o bolea mo̱. Ba si mapula o bwese̱ Yehova ndutu, to̱so̱ be ná ba dutea ná ba si bake̱ te̱ babo̱me̱ne̱ na Yehova, a si me̱nde̱ o baise̱ babo̱ bolangi ba nje ba mabolano̱."
fr,dua,"18 Votre amour pour Jéhovah vous aidera à vaincre votre peur de le décevoir. Parce que vous l’aimez, vous ferez de votre mieux pour tenir votre promesse ( ). Vous ne vous direz pas que c’est trop difficile de faire la volonté de Jéhovah. L’apôtre Jean a écrit : « Voici ce que signifie aimer Dieu : c’est obéir à ses commandements. Or, ses commandements ne sont pas pénibles » ( ).","18 Ndolo o to̱ndino̱ Yehova e me̱nde̱ o jongwane̱ wa o buka bo̱ngo̱ ba bwese̱ mo̱ ndutu. Kana o to̱ndino̱ mo̱, o me̱nde̱ o bola me̱se̱ ngud’ango̱ e we̱lino̱ o ne̱nge̱ kakane̱ lo̱ngo̱ o bolino̱ mo̱. ( ) O si me̱nde̱ o bolane̱ jo̱nge̱le̱ ná ye ndutu jita o bola jemea la Yehova. Ńamuloloma Yohane a tili ná: “Ndol’asu na Loba ńe nde ná, di ne̱nge̱ mbend’ao, nde mbend’ao i titi bwambi.”​— ."
fr,dua,"19 Vous n’avez pas besoin d’être parfait pour vous vouer à Jéhovah. Il n’attend jamais de nous plus que ce que nous pouvons faire ( ). Il vous aidera à faire ce qui est bien ( ). Si vous lui faites entièrement confiance, ‘il rendra droits vos sentiers’ ( ).","19 O si be̱n ńo̱ngi o be̱ ke̱nge̱nge̱ o bake̱ wame̱ne̱ na Yehova. A si mengane̱ biso̱ tomtom ná di bole buka nje ngud’asu e madie̱le̱no̱ biso̱. ( ) A me̱nde̱ jongwane̱ wa o bola nje e te̱nge̱n. ( ) Lakisane̱ Yehova na mulema mo̱ngo̱ mwe̱se̱, nde “a me̱nde̱ ne̱nge̱le̱ mangea mo̱ngo̱!”​— ."
fr,dua,"20 Êtes-​vous prêt à vous vouer à Jéhovah ? Après vous être voué à Jéhovah, vous devez vous faire baptiser : c’est l’étape suivante.","20 Mo̱, o mo̱nge̱le̱ ná wā be̱be̱ o bake̱ wame̱ne̱ na Yehova e? Ombusa wa bake̱ Yehova wame̱ne̱, wā be̱be̱ o no̱ngo̱ tanga di bupe̱. Wangame̱n o dubisabe̱."
fr,dua,"21 Dites au coordinateur du collège des anciens de votre assemblée que vous vous êtes voué à Jéhovah et que vous voulez vous faire baptiser. Il demandera à des anciens d’examiner avec vous les enseignements de base de la Bible. S’ils pensent que vous êtes prêt, ils vous diront que vous pouvez vous faire baptiser au prochain grand rassemblement des Témoins de Jéhovah. À cette occasion, un discours expliquera ce que le baptême veut dire. L’orateur posera ensuite deux questions simples aux personnes qui vont se faire baptiser. En répondant à ces questions, vous ferez une « déclaration publique » de votre foi ( ).","21 Bola ná mutudu nu madie̱le̱ dibe̱le̱ la batudu o mwemba mo̱ngo̱ a bie ná o mábake̱ Yehova wame̱ne̱, o mapula pe̱ o dubisabe̱. A me̱nde̱ o bola ná batudu bō̱ bombweye mwemba na wa belēdi baboso ba Bibe̱l. Yete̱na be jo̱nge̱le̱ diwo̱ ná wā be̱be̱, ba me̱nde̱ o langwea wa ná we ná o dubisabe̱ o jako̱to̱ne̱ di maye̱ la Mboṅ a Yehova. Ekwali e me̱nde̱ be̱ o jako̱to̱ne̱ e mabole̱ beteledi ba dubise̱. Mubole̱ y’ekwali a me̱nde̱ o baise̱ ba be be̱be̱ o dubisabe̱ myuedi mi wam miba. Tongwea na jalabe̱ mi myuedi miba nde o me̱nde̱no̱ o “puse̱le̱” o mpoma dube̱ lo̱ngo̱.​— ."
fr,dua,"22 Ensuite, vous serez baptisé. Vous serez plongé entièrement dans l’eau. Votre baptême montrera à tout le monde que vous vous êtes voué à Jéhovah et que vous êtes maintenant Témoin de Jéhovah.","22 Denge̱ o madubisabe̱. O me̱nde̱ o dubabe̱ mususu o madiba. Dubise̱ di me̱nde̱ o lee̱le̱ moto te̱ ná o mábake̱ Yehova wame̱ne̱, wā pe̱ nde mō̱ ńa Mboṅ a Yehova."
fr,dua,"23 Jésus a dit que ses disciples seraient baptisés « au nom du Père, du Fils et de l’esprit saint » ( lire ). Cela veut dire qu’il faut accepter l’autorité de Dieu. Il faut aussi accepter le rôle de Jésus dans le projet de Dieu. Et il faut accepter la façon dont Dieu utilise son esprit saint pour accomplir sa volonté ( ).","23 Yesu a kwali ná bokwedi bao ba me̱nde̱ o dubisabe̱ o “dina la Tete̱ na la Muna na la mudī-musangi.” (Langa .) Nje nika e mapulano̱ kwala e? Nika e mapula nde kwala ná, o memba doi la byanedi la Yehova n’epolo Yesu a be̱nno̱ o mwano ma Loba, nikame̱ne̱ pe̱ na ne̱ni Loba a mabolane̱no̱ mudī mao musangi o londise̱ mpuli mao.​— ; ."
fr,dua,"24 Le baptême représente quelque chose de très important. Quand vous êtes plongé dans l’eau, c’est comme si vous mouriez par rapport à votre ancienne façon de vivre. Cela montre que vous l’abandonnez. Et quand vous sortez de l’eau, cela veut dire que vous commencez une nouvelle vie, au service de Dieu. Cela montre qu’à partir de ce moment-​là, vous servirez Jéhovah. Rappelez-​vous : vous n’avez pas voué votre vie à un humain, ni à une organisation, ni à une activité, mais à Jéhovah !","24 Dubise̱ di be̱n beteledi be mweńa jita. Ponda o makwesabe̱no̱ mutibe, nika e mapula nde kwala ná o wedi o longe̱ o tano̱ o se̱le̱ be̱ne̱ kwaṅ; to̱so̱ ná wese̱le̱ mo̱. Ponda o mabusano̱ o madiba, o me̱nde̱ o botea longe̱ la peńa o bola jemea la Loba. Nika e malee̱le̱ nde ná o me̱nde̱ o bolea Yehova botea na ni ponda. O̱nge̱le̱ ná o si bake̱ wame̱ne̱ moto, bebokedi, to̱so̱ ebolo. O bake̱ nde Yehova longe̱ lo̱ngo̱."
fr,dua,"25 La promesse que vous avez faite à Jéhovah vous aidera à développer une belle amitié avec lui ( ). Cela ne veut pas dire qu’on sera sauvé simplement parce qu’on est baptisé. L’apôtre Paul a écrit : « Menez à bien votre propre salut avec crainte et respect » ( ). Le baptême, c’est juste le début. Mais alors, comment pouvez-​vous rester l’ami de Jéhovah ? Le dernier chapitre répondra à cette question.","25 Bake̱ la Loba wame̱ne̱ di me̱nde̱ o jongwane̱ wa o longa mulatako ma bo̱ibo̱i na mo̱. ( ) Nika e si mapula o kwala ná moto a me̱nde̱ nde o kusa jongise̱ ońolana a dubisabe̱. Ńamuloloma Paulo a tili ná: “[Benga] bolea jongise̱ lańu na bo̱ngo̱ na soasoane̱.” ( ) Dubise̱ le nde buka te̱ bebotedi. Nde, ne̱ni weno̱ ná o tika be̱ be̱be̱ na Yehova e? Jokwa disukan la nin kalati di me̱nde̱ jalabe̱ mi myuedi."
fr,dua,"Avant de vous faire baptiser, vous devez étudier la Bible.","Oboso ná o madubisabe̱, wangame̱ne̱ o jokwa Bibe̱l"
fr,dua,La foi doit vous pousser à parler aux autres de vos croyances.,Dube̱ langame̱ne̱ o tute̱le̱ wa o langwea bape̱pe̱ nje o dube̱no̱
fr,dua,Avez-​vous promis à Jéhovah de le servir ?,"Mo̱, o mákakane̱ Yehova ná o me̱nde̱ o bolea mo̱ e?"
fr,dua,"Au moment de votre baptême, vous montrez que vous voulez faire la volonté de Dieu.","O dubisabe̱ te̱, o lee̱le̱ nde ná o mapula o bola jemea la Loba"
fr,dua,"IMAGINEZ : vous marchez dehors un jour de tempête. Le ciel devient noir. Il y a des éclairs et du tonnerre, et la pluie se met à tomber très fort. Vous cherchez un endroit pour vous protéger. Finalement, vous en trouvez un : quel soulagement !","DUTEA ná we o dangwa o eboko o buńa ba múdi. Mo̱ń e málonda na mawindiwindi, mo̱te̱mo̱te̱ i ni pańa, ngad’a loba i mábotea ko̱. Mbua e mábotea yo̱le̱. O ni wasa diwutamea. Na mulema mu siba wa ná o so̱i wuma mbo̱le̱ na yanji pe̱!"
fr,dua,"2 Nous sommes un peu dans la même situation. Les choses vont de plus en plus mal dans le monde. Vous vous demandez peut-être : « Où est-​ce que je peux aller pour être protégé ? » Un serviteur de Dieu a écrit : « Je veux dire à Jéhovah : “Tu es mon refuge et ma forteresse, mon Dieu en qui j’ai confiance” » ( ). Jéhovah nous apporte un soulagement et il nous donne un espoir magnifique pour l’avenir.","2 Je nde o mulemlem ma bete̱medi o nin we̱nge̱. Wase e mabenga nde be̱ bobe mo̱ na mo̱. We ná o baise̱ o wame̱ne̱ ná, ‘Owe̱ni neno̱ ná na so̱ diwutamea e?’ Mutiled’a kalat’a Myenge a tili ná: “Na makwalane̱ Yehova na: Diwutamea lam na ndabo am ńa ngińa, Loba lam na pite̱no̱.” ( ) E, Yehova e ná a bola ná di sibise̱ mulema tatan ońola mitakisan masu, a bola pe̱ biso̱ dipita la betańsedi ońola kie̱le̱ ni maye̱."
fr,dua,"3 Comment Jéhovah nous protège-​t-​il ? Il peut nous aider à faire face à n’importe quel problème. Et il est beaucoup plus puissant que tous ceux qui voudraient nous faire du mal. Même si un malheur nous arrive, nous pouvons être sûrs que, dans l’avenir, Jéhovah va nous guérir de toutes nos souffrances. La Bible nous encourage à « rester dans l’amour de Dieu » ( ). Pour recevoir l’aide de Jéhovah dans les épreuves, nous devons rester son ami. Mais comment y arriver ?","3 Ne̱ni Yehova a matatano̱ biso̱ e? E ná ongwane̱ biso̱ o lembe̱ to̱ njika mitakisan di be̱nno̱, e pe̱ ngińa buka to̱ njika moto ńe ná nu keka je̱nse̱ biso̱ sese. To̱ lambo la bobe di ko̱ye̱ nde biso̱ tatan, je ná di be̱ mbaki ná Yehova a me̱nde̱ o po̱ngulane̱ bo bobe o mińa ni maye̱. Bibe̱l e mome̱le̱ biso̱ ná: “Bińo̱ ja o ndol’a Loba.” ( ) E mapula ná di je be̱be̱ na Yehova ná di kusane̱ mo̱ jongwane̱ o ponda ndutu. Nde, ne̱ni jeno̱ ná di bola nika e?"
fr,dua,"4 Pour rester l’ami de Jéhovah, nous devons comprendre qu’il nous aime énormément. Pensez à tout ce qu’il fait pour nous. Il nous a donné la Terre, qui est très belle, et il l’a remplie d’animaux et de plantes magnifiques. Il nous donne aussi une nourriture délicieuse et de l’eau pure. Au moyen de la Bible, il nous fait connaître son nom et ses merveilleuses qualités. Et surtout, il nous a montré son amour en envoyant sur la terre Jésus, ce Fils qu’il aimait beaucoup, pour qu’il donne sa vie pour nous ( ). Grâce à ce sacrifice, nous avons un espoir magnifique pour l’avenir.","4 Ná di je be̱be̱ na Yehova, jangame̱ne̱ o so̱ṅtane̱ nate̱na o njika dime̱ne̱ a to̱ndino̱ biso̱. Dutea o mambo me̱se̱ Yehova a boledino̱ biso̱. A boli biso̱ mudo̱led’a wase a londe̱no̱ na myele na ńama ya mpesa ba mubisane̱. A boli pe̱ biso̱ da di ńe̱nge̱n o da na madiba ma sangi o ńo̱. Tongwea na Bibe̱l, Yehova okwe̱le̱ biso̱ dina lao nikame̱ne̱ pe̱ na bede̱mo bao be betańsedi. Omo̱ń a me̱se̱, a lee̱le̱ biso̱ ndol’ao ponda a lomno̱ Mun’ao ńa ndolo, Yesu, o wase ná a bole longe̱ lao ońol’asu. ( ) Ońola di jabea nde di be̱nno̱ dipita la betańsedi la kie̱le̱ ni maye̱."
fr,dua,"5 Jéhovah a établi le royaume messianique, un gouvernement dirigé par le Messie. Ce royaume, qui est au ciel, fera bientôt disparaître toutes les souffrances et il transformera la terre en paradis. Dans le paradis, tout le monde vivra pour toujours, heureux et en paix ( ). Jéhovah nous montre aussi son amour en nous expliquant comment avoir la meilleure vie possible. De plus, il nous encourage à le prier, et il est toujours prêt à nous écouter. Jéhovah montre clairement son amour à chacun de nous.","5 Yehova a te̱se̱ Janea la Mesia, janea di boki o mo̱ń lena di me̱nde̱ bo̱le̱ take ńe̱se̱ son a ponda. Di Janea di me̱nde̱ timbise̱le̱ wase paradisi, owe̱ni moto te̱ a me̱nde̱no̱ ja na musango a be̱ pe̱ bonam o bwindea. ( ) Mbadi nipe̱pe̱ Yehova a lee̱le̱no̱ biso̱ ndol’ao ńe nde tongwea na jokwe̱le̱ biso̱ ne̱ni be̱ne̱ tatan mbad’a longe̱ ńe bwam buka ye̱se̱. A mabaise̱ pe̱ biso̱ ná di kane̱ mo̱, a le̱le̱me̱ pe̱ o senga mika masu. Yehova a lee̱le̱ mō̱ na mō̱ ńasu te̱ ndol’ao na bwē."
fr,dua,"6 Comment devriez-​vous réagir à l’amour de Jéhovah ? Montrez-​lui que vous appréciez tout ce qu’il fait pour vous. Aujourd’hui, beaucoup de gens ne pensent pas à dire merci. C’était déjà le cas quand Jésus était sur la terre. Un jour, il a guéri dix lépreux, mais un seul l’a remercié ( ). Nous voulons être comme cet homme. Nous voulons toujours montrer notre reconnaissance à Jéhovah.","6 Ne̱ni o malee̱le̱no̱ ná wemedi ndol’a Yehova e? Lee̱le̱ mo̱ ná o matimbise̱le̱ masoma ońola nje ye̱se̱ a boledino̱ wa. Nje e mabwesane̱ ndutu ye nde ná, jita la bato we̱nge̱ ba si bi timbise̱le̱ masoma. Nika pe̱ nde e tano̱ ponda Yesu a tano̱ o wase. Buńa bō̱, Yesu a ta a bo̱lise̱ dom la bato ba mulo̱ngo̱, nde mō̱ na mune nde a timbise̱le̱ mo̱ masoma. ( ) Di mapula o be̱ ka nu moto nu timbise̱le̱ Yesu masoma. Di mapula timbise̱le̱ Yehova masoma ponda ye̱se̱."
fr,dua,"7 Nous devons aussi montrer que nous aimons Jéhovah. Jésus a dit à ses disciples qu’ils devaient aimer Jéhovah ‘de tout leur cœur, de toute leur âme et de toute leur pensée’ ( lire ). Qu’est-​ce que cela veut dire ?","7 Jangame̱ne̱ pe̱ lee̱le̱ Yehova ndol’asu. Yesu a langwedi bokwedi bao ná bangame̱ne̱ to̱ndo̱ Yehova na mulema mabu mwe̱se̱, na mudī mabu mwe̱se̱, na jo̱nge̱le̱ labu le̱se̱ pe̱. (Langa .) Nje nika e mapulano̱ kwala e?"
fr,dua,"8 Est-​ce suffisant de dire que nous aimons Jéhovah ? Non. Si nous l’aimons ‘de tout notre cœur, de toute notre âme et de toute notre pensée’, nous le montrerons par nos actions ( ). La Bible dit clairement que, si nous aimons Dieu, nous obéirons à ses commandements. Est-​il difficile d’obéir à ses commandements ? Non, parce qu’ils « ne sont pas pénibles » ( lire ).","8 Mo̱, kwala la buka te̱ ná di to̱ndi Yehova di dongame̱n e? Ke̱m. Di to̱ndi te̱ Yehova na mulema masu mwe̱se̱, mudī masu mwe̱se̱, di me̱nde̱ lee̱le̱ mo̱ ndolo di be̱ne̱nno̱ mo̱ tongwea na bebolo basu. ( ) Bibe̱l e mokwe̱le̱ ná se̱ṅse̱ṅ ná di to̱ndi te̱ Loba, di me̱nde̱ ne̱nge̱ mbend’ao. Mo̱, nika ńe ndutu e? Ke̱m, ońolana “mbend’a [Yehova] i titi bwambi.”​— Langa ."
fr,dua,"9 Si nous obéissons à Jéhovah, nous aurons une vie heureuse ( ). Mais qu’est-​ce qui nous aidera à rester son ami ?","9 Je bonam na mutam o longe̱ ke̱ di masengane̱ Yehova. ( ) Nde, nje e me̱nde̱ jongwane̱ biso̱ o ja be̱be̱ na Yehova e? Jombweye te̱ nika."
fr,dua,"10 Comment êtes-​vous devenu l’ami de Jéhovah ? En étudiant la Bible, vous avez appris à le connaître, et votre amitié avec lui a grandi. Cette amitié est comme un feu. Pour qu’un feu continue de brûler, il faut y mettre du bois. De la même façon, pour que votre amitié avec Jéhovah reste forte, vous devez continuer d’apprendre à le connaître ( ).","10 Ne̱ni o timbino̱ be̱ diko̱m la Yehova e? Tongwea na jokwa lo̱ngo̱ la Bibe̱l, o timbi o bata bia Yehova, o longa pe̱ mulatako ma diko̱m na mo̱. Mu mulatako ma diko̱m mwe nde ka wea i mońe̱ weno̱ o pula kombe̱ ná i si dima. Mulemlem ka nje te̱ wea i be̱nno̱ ńo̱ng’a mula o jońa, e mapula ná o benge jokwa jombwea Yehova ná diko̱m lańu di tike be̱ ngińa.​— ."
fr,dua,"11 En continuant d’étudier la Bible, vous allez apprendre des choses qui vont toucher votre cœur. Remarquez ce que deux disciples de Jésus ont ressenti quand il leur a expliqué des prophéties de la Bible. Ils ont dit : « Notre cœur ne brûlait-​il pas en nous quand il nous parlait sur la route, quand il nous expliquait clairement les Écritures ? » ( ).","11 Nika weno̱ o benga jokwa Bibe̱l, o me̱nde̱ o jokwa mambo ma matape̱ wa mulema. Maka ne̱ni bokwedi ba Yesu baba ba tapabe̱no̱ o mulema ke̱ Yesu e o bola babo̱ beteledi ba bedinge̱. Ba kwali ná: “Milema mi si ta mi to̱ biso̱ oteten, ni ponda a tano̱ a kwalisane̱ biso̱ o ngea, a teleye̱no̱ pe̱ biso̱ betiledi e?”​— ."
fr,dua,"12 Quand les disciples de Jésus ont compris les Écritures, leur cœur a été touché. Vous avez certainement ressenti la même joie quand vous avez commencé à comprendre la Bible. Cela vous a aidé à connaître Jéhovah et à l’aimer. Ne laissez pas cet amour se refroidir, ou diminuer ( ).","12 Mulemlem ka nje te̱ milema ma bokwedi mi tano̱ mi tapabe̱ ponda ba so̱ṅtane̱no̱ Betiledi, pondapo̱ nika pe̱ nde o tapabe̱no̱ o mulema ponda o botedino̱ o so̱ṅtane̱ Bibe̱l. Nika ńongwane̱ wa o bia Yehova, na o to̱ndo̱ mo̱. Ye̱ke̱i te̱ o si me̱nde̱ pula ná ni ndolo e wo̱ye̱.​— ."
fr,dua,"13 Pour que votre amitié avec Dieu reste forte, vous devez faire de gros efforts. Continuez d’apprendre des choses sur lui et sur Jésus. Réfléchissez à la façon de mettre en pratique ce que vous apprenez ( ). Quand vous lisez la Bible ou quand vous l’étudiez, demandez-​vous : « Qu’est-​ce que cela m’apprend sur Jéhovah ? Dans ces versets, qu’est-​ce qui me pousse à l’aimer de tout mon cœur et de toute mon âme ? » ( ).","13 Ponda o mabe̱no̱ diko̱m la Loba, wangame̱ne̱ o we̱ na ngińa ná diko̱m lańu di tike be̱ ngińa. Wangame̱ne̱ benga jokwa jombwea mo̱ na Yesu, o dutea pe̱ o nje o mokwano̱ na ne̱ni weno̱ ná o we̱le̱ nika o ebolo o longe̱ lo̱ngo̱. ( ) O ponda weno̱ o langa to̱so̱ jokwa Bibe̱l, baise̱ o wame̱ne̱ ná: ‘Nje nika e mokwe̱le̱no̱ mba jombwea Yehova Loba e? Ońola nje nangame̱nno̱ o to̱ndo̱ mo̱ na mulema mam mwe̱se̱ na mudī mam mwe̱se̱ e?’​— ."
fr,dua,"14 Quand vous avez un ami proche, vous lui parlez régulièrement. C’est grâce à cela que votre amitié avec lui reste forte. De la même façon, quand nous parlons à Jéhovah régulièrement dans la prière, notre amour pour lui reste fort ( lire ). La prière est un très beau cadeau de notre Père céleste. Nous devons toujours lui parler du fond du cœur ( ). Nous ne devons pas répéter des prières que nous avons apprises par cœur, mais vraiment penser ce que nous disons. Pour que notre amour pour Jéhovah reste fort, nous devons continuer d’étudier la Bible et de le prier du fond du cœur.","14 O be̱n te̱ diko̱m la bwam, o makwalisane̱ mo̱ ponda te̱, nika e mabola ná diko̱m lańu di tike be̱ ngińa. Mulemlem pe̱ nde yeno̱ ke̱ di makwalisane̱ Yehova ponda te̱ o muka, nika e mabola ná ndolo di be̱ne̱nno̱ mo̱ e tike be̱ ngińa. (Langa .) Muka mwe nde jabea la betańsedi di kusanno̱ Sango asu ńe o mo̱ń. Jangame̱ne̱ o kwalisane̱ mo̱ ponda ye̱se̱ na mulema mwe̱se̱. ( ) Di s’angame̱ne̱ ne̱nge̱ byala ba muka di matimbise̱le̱no̱ ponda te̱, muka masu mu we nde biso̱ o mulema. E, di bengi te̱ jokwa Bibe̱l, di kane̱ pe̱ na mulema mwe̱se̱, di me̱nde̱ bola ná ndolo di be̱ne̱nno̱ Yehova e tike be̱ ngińa."
fr,dua,"15 Pour rester l’ami de Jéhovah, nous devons aussi parler de notre foi aux autres. Parler de Jéhovah est un grand honneur ( ). Et c’est une responsabilité que Jésus a donnée à tous les chrétiens. Nous devons tous prêcher la bonne nouvelle du royaume de Dieu. Le faites-​vous déjà ? ( ).","15 Di mapula te̱ tika ja be̱be̱ na Yehova, e mapula pe̱ ná di kwalisane̱ bane̱ jombwea dube̱ lasu. Kwalisane̱ la bane̱ jombwea Yehova le nde edube ende̱ne̱. ( ) Ye pe̱ nde m’bē̱ Yesu a bolino̱ Kriste̱n a mbale̱ ye̱se̱. Mō̱ ńasu te̱ angame̱ne̱ langwa myango ma bwam ma Janea la Loba. Mo̱, o ni bola nika e?​— ."
fr,dua,"16 Pour l’apôtre Paul, la prédication était quelque chose de très précieux. Il a dit que c’était un « trésor » ( ). Parler aux autres de Jéhovah et de son projet est l’activité la plus importante à laquelle vous puissiez participer. C’est une façon de servir Jéhovah. Et il apprécie beaucoup ce que vous faites pour lui ( ). De plus, la prédication apporte des bienfaits à ceux qui vous écoutent et à vous-​même. En prêchant, vous aidez les autres et vous-​même à devenir plus proches de Jéhovah et à obtenir la vie éternelle ( lire ). Est-​ce qu’une autre activité pourrait vous donner plus de joie ?","16 Ńamuloloma Paulo a ta e̱ne̱ ná ebol’a te̱ la dikalo ye tiki jita; a bele̱ mo̱ ná “diwuta la bema.” ( ) Langwea la bane̱ jombwea Yehova na mwano mao nde le ebol’a mweńa e buki be̱se̱ weno̱ ná o bola. Nika ńe nde mbadi weno̱ ná o bolea Yehova, o we̱le̱ pe̱ nje o maboleano̱ mo̱ mweńa. ( ) Dikalo le pe̱ ná di wanea wa tombwane̱ nikame̱ne̱ pe̱ na ba bena ba malambe̱ye̱ wa toi, ońolana o mongwane̱ bane̱ na wame̱ne̱ pe̱ o sisea be̱be̱ na Yehova na be̱ne̱ pe̱ longe̱ la bwindea. (Langa .) Ebolo epe̱pe̱ ye ye ná e wanea wa mutam mu buki mu e?"
fr,dua,"17 La prédication est une activité urgente. Nous devons ‘prêcher la parole avec insistance’ ( ). Les humains doivent entendre parler du royaume de Dieu. La Bible dit : « Le grand jour de Jéhovah est proche ! Il est proche et il arrive très vite ! » La fin « ne sera pas en retard » ( ). Très bientôt, Jéhovah va détruire le monde de Satan. Mais avant, les humains doivent être avertis de ce qui va se passer pour pouvoir choisir de servir Jéhovah.","17 Ebol’a te̱ la dikalo ye musunga jita. Jangame̱ne̱ o “langwa eyala,” jangame̱n pe̱ “tingame̱ oten.” ( ) Bato ba be̱n ńo̱ngi o senga ońol’a Janea la Loba. Bibe̱l e makwala ná: “Buńa bonde̱ne̱ ba Yehova bwe be̱be̱, bwe be̱be̱, bo masunga po̱!” ‘bo si mako̱!’ ( ) E, son a ponda, Yehova a me̱nde̱ ńamse̱ was’a Satan ńa bobe. Oboso ná nika e mabolane̱, bato bangame̱n o jomabe̱le̱ ná ba po̱se o bolea Yehova."
fr,dua,"18 Jéhovah veut que nous l’adorions avec d’autres vrais chrétiens. La Bible dit : « Soucions-​nous les uns des autres pour nous inciter à l’amour et aux belles œuvres ; n’abandonnons pas nos réunions, comme c’est l’habitude de quelques-uns, mais encourageons-​nous mutuellement, et cela d’autant plus que vous voyez le jour approcher » ( ). Nous devons faire tout notre possible pour assister à toutes les réunions. Elles nous permettent de nous encourager les uns les autres.","18 Yehova a mapula ná jowe̱ mo̱ mwemba na yine̱ Kriste̱n a mbale̱. Bibe̱l e makwala ná: “Jombwane̱ mō̱ na nune̱ na jumwe̱le̱ ndolo na bebolo ba bwam; di s’ese̱le̱ jako̱to̱ne̱ lasu, kana dongo ba mabolano̱, nde jomane̱le̱ nde, sepo̱n kana lo me̱ne̱no̱ ná buńa bo masisea be̱be̱.” ( ) Di we̱ na ngińa ná jukeye o ndongame̱n ye̱se̱. Ndongame̱n i mabola biso̱ epolo o jomane̱le̱ na jembe̱ pe̱ mō̱ na nune̱."
fr,dua,"19 En assistant aux réunions chrétiennes, vous vous ferez des amis qui vous aideront à adorer Jéhovah. Vous rencontrerez différents frères et sœurs qui, comme vous, font de leur mieux pour adorer Dieu. Mais comme vous aussi, ils sont imparfaits et ils font des erreurs. Soyez donc prêt à leur pardonner ( lire ). Concentrez-​vous toujours sur leurs qualités. Cela vous aidera à les aimer et à être encore plus proche de Jéhovah.","19 O me̱nde̱ be̱ne̱ mako̱m ma bwam ma me̱nde̱ jongwane̱ wa o jowe̱ Yehova ke̱ o mukeya o ndongame̱n. O me̱nde̱ dongame̱ne̱ ńai na ńai a bonasango na bonańango bena, kana wa, ba mabola me̱se̱ me o ngud’abu o jowe̱ mo̱. Babo̱ pe̱ ba titi ke̱nge̱nge̱ ka wa, ba mawusa. Ba wusi te̱, le̱le̱me̱ o lakise̱ babo̱. (Langa .) O ponda ye̱se̱, soke̱ nde miso̱ mo̱ngo̱ o bede̱mo ba bwam ba bonaso̱ngo̱ na bonańo̱ngo̱ be Kriste̱n, bola la nika di me̱nde̱ jongwane̱ wa o to̱ndo̱ babo̱ na bata sisea Yehova be̱be̱."
fr,dua,"20 Jéhovah veut pour ses amis la meilleure vie possible. La Bible nous enseigne que, dans l’avenir, notre vie sera complètement différente.",20 Yehova a mapula ná mako̱m mao me̱se̱ ma be̱ne̱ longe̱ la bwam moto eno̱ ná a we̱le̱ be̱ne̱. Bibe̱l e mokwe̱le̱ biso̱ ná longe̱ lasu o kie̱le̱ ni maye̱ di me̱nde̱ be̱ diwengisan jita na di lena di be̱nno̱ we̱nge̱.
fr,dua,21 Nous ne vivrons pas seulement 70 ou 80 ans. Nous aurons la « vie éternelle ». Nous vivrons en parfaite santé et en paix dans le paradis. La Bible appelle cette vie la « vraie vie ». Jéhovah promet de nous la donner. Mais nous devons faire tout notre possible pour la « saisir fermement » dès maintenant ( ).,"21 O kie̱le̱ ni maye̱, di me̱nde̱ be̱ longe̱ o bwindea, seto̱ buka te̱ ońola 70 to̱so̱ 80 ma mbu. Di me̱nde̱ bwane̱ “longe̱ la bwindea” muńe̱nge̱ oteten a ja la bwam la ke̱nge̱nge̱, musango, na bonam o mudo̱led’a paradisi. Nika nde Bibe̱l e mabele̱no̱ ná “longe̱ la mbale̱.” Yehova a kakane̱ o bola biso̱ din longe̱ la mbale̱, nde jangame̱n bola me̱se̱ ngud’asu e madie̱le̱no̱ biso̱ tatan o ‘jalea’ mo̱ na kaṅ.​— ."
fr,dua,"22 Comment pouvons-​nous « saisir fermement la vraie vie » ? Nous devons « travailler au bien » et « être riches en belles œuvres » ( ). Cela veut dire que nous devons mettre en pratique ce que nous apprenons dans la Bible. Mais ce n’est pas grâce à nos efforts que nous obtiendrons la vraie vie. Nous ne pouvons pas gagner la vie éternelle. C’est un cadeau de Jéhovah, une « faveur imméritée » ( ). Notre Père céleste veut vraiment offrir ce cadeau à ses serviteurs.","22 Ne̱ni jeno̱ ná ‘jalea longe̱ la mbale̱’ na kaṅ e? Jangame̱ne̱ o ‘bola bwam’ na be̱ pe̱ “m’bwaṅ o bebolo ba bwam.” ( ) Nika e mapula kwala ná jangame̱ne̱ we̱le̱ o ebolo nje di mokwano̱ o Bibe̱l. Nde, longe̱ la mbale̱ di si mawa na miwe̱n masu. Di titi ná di kusa mo̱ ka musawedi tomtom. Le nde jabea la ndedi Yehova a mabolano̱ baboledi bao ba jemea, eyembilan a “nded’ao di si boledino̱.” ( , NW ) Sango asu ńe o mo̱ń a mapula o bola baboledi bao ba jemea din jabea na mbale̱."
fr,dua,"23 Demandez-​vous : « Est-​ce que j’adore Dieu de la façon qui lui plaît ? » Si vous devez faire des changements dans votre vie, faites-​les maintenant. Si nous faisons tout notre possible pour obéir à Jéhovah et si nous avons confiance en lui, il sera notre refuge. Il protégera ses serviteurs tout au long des derniers jours du monde de Satan. Ensuite, il fera en sorte que nous vivions dans le paradis pour toujours, comme il l’a promis. Si vous faites les bons choix sans attendre, vous pourrez profiter de la vraie vie !","23 Baise̱ o wame̱ne̱ ná, ‘Mo̱, na mowe̱ Loba o mbadi a do̱lisanno̱ e?’ O so̱i te̱ ná e mapula ná o wane mawengisan mō̱ o longe̱ lo̱ngo̱, wangame̱ne̱ o bola nika o dibokime̱ne̱. Di lakisane̱ te̱ Yehova, di bola pe̱ me̱se̱ jeno̱ ná di we̱le̱ o sengane̱ mo̱, Yehova a me̱nde̱ be̱ diwutamea lasu. A me̱nde̱ o kombe̱ baboledi bao ba jemea o mińa misukan ma was’a bobe ńa Satan. Denge̱ Yehova a mabola ná di be̱ longe̱ o Paradisi o bwindea, ka nje te̱ a kakane̱no̱. Na mbale̱, we ná o kusa longe̱ la mbale̱ yete̱na o no̱ngi bedomsedi ba bwam tatan!"
fr,dua,"Comme un feu, votre amour pour Jéhovah doit être entretenu pour continuer de brûler.","Mulemlem kana wea, ndolo o be̱ne̱ne̱no̱ Yehova e be̱n ńo̱ng’a mula ná e si dima"
fr,dua,Jéhovah veut que vous profitiez de la « vraie vie ». En profiterez-​vous ?,Yehova a mapula ná o bwane̱ “longe̱ la mbale̱” muńe̱nge̱. O me̱nde̱ so̱ e?
fr,dua,Le nom de Dieu est Jéhovah. Ce nom peut signifier « Il fait devenir ». Jéhovah est le Dieu Tout-Puissant. Il a tout créé. Il a le pouvoir de faire tout ce qu’il décide de faire.,"Dina la Loba ná Yehova, beteledi bao be pe̱ nde ná “A mabola ná e timbe be̱.” Yehova nde e Loba la ngum, mo̱ pe̱ nde a weki me̱se̱. A be̱n ngińa o bola to̱ nje a no̱ngino̱ bedomsedi o bola."
fr,dua,"En hébreu, le nom de Dieu s’écrit avec quatre lettres. En français, elles correspondent aux quatre lettres YHWH ou JHVH. On trouve le nom de Dieu presque 7 000 fois dans le texte hébreu original. Dans le monde entier, les gens utilisent différentes formes du nom « Jéhovah ». Ils prononcent ce nom de la façon habituelle dans leur langue.","Na bwambo ba Bonahebe̱r, dina la Loba di ta nde di tilabe̱ na litera ine̱i. Yi litera ine̱i na bwambo ba Duala ye nde YHWH. Dina la Loba di maso̱be̱ o text a Bibe̱l ya Bonahebe̱r i se̱le̱ tilabe̱ lambo ka 7 000 la ngedi. Bato o wase ńe̱se̱ ba mabolane̱ mbadi jita ya dina la Yehova, ba mapase̱le̱ mo̱ o ńabu mbadi bupisane̱ eyem’abu ya bwambo."
fr,dua,"▸ Chap. 1, § 15 .","▸ Jokwa 1, dongo 15"
fr,dua,"Dieu est l’Auteur de la Bible, mais il a utilisé des hommes pour l’écrire. C’est comme quand un patron demande à sa secrétaire d’écrire une lettre. Par son esprit saint, Dieu a guidé des hommes pour qu’ils écrivent ses pensées. L’esprit saint a agi sur ces hommes de différentes façons. Par exemple, il leur a fait avoir des visions ou des rêves, qu’ils ont ensuite écrits.","Loba nde e Mbondo a Bibe̱l, nde a bolane̱ nde bato o tila mo̱. Ye nde mulemlem ka sango ebolo nu makwalane̱ mutiled’ao ná a tile leta di be̱n nde jo̱nge̱le̱ lao la mo̱ sango ebolo. Loba a bolane̱ mudī mao musangi o die̱le̱ batiledi ba Bibe̱l ná ba tile jo̱nge̱le̱ lao. Mudī ma Loba mu die̱le̱ babo̱ o mbadi jita, ponda iwo̱ mu boli ná be̱ne̱ me̱ne̱ to̱so̱ ná ba nange ndo̱ti ba tano̱ bangame̱n tila."
fr,dua,"▸ Chap. 2, § 5 .","▸ Jokwa 2, dongo 5"
fr,dua,"Les principes de la Bible sont des vérités de base qui transmettent un enseignement. Prenons deux exemples. 1) « Les mauvaises fréquentations font perdre les bonnes habitudes » ( ). Ce principe nous enseigne que les gens avec qui nous passons du temps nous influencent en bien ou en mal. 2) « Ce que quelqu’un sème, c’est aussi ce qu’il récoltera » ( ). Ce principe nous enseigne que nous ne pouvons pas échapper aux conséquences de nos actions.","Bete̱sedi be nde belēdi ba Bibe̱l bena be mabole̱ beteledi ba mbale̱ ńe nde eyoto. K’eyembilan, ben bete̱sedi ná “ko̱lo̱ngo̱ne̱ la bobe di mańamse̱ bede̱mo ba bwam” be mokwe̱le̱ biso̱ ná mindenge masu mi be̱n ngińa o tute̱le̱ biso̱ o bola bwam to̱so̱ bobe. ( ) Ben bete̱sedi pe̱ ná “nje moto a masano̱, mo̱ pe̱ nde a mumbwano̱” be mokwe̱le̱ biso̱ ná di titi ná di samba betune ba beboledi basu.​— ."
fr,dua,"▸ Chap. 2, § 12 .","▸ Jokwa 2, dongo 12"
fr,dua,"Une prophétie est un message qui vient de Dieu. Cela peut être une explication de sa volonté, un enseignement moral, un ordre ou un jugement. Cela peut aussi être un message qui annonce ce qui va se passer dans l’avenir. De nombreuses prophéties de la Bible se sont déjà réalisées.","Edinge̱ ye nde mwe̱ndi mu wu na Loba. Ye ná e be̱ beteledi ba jemea la Loba, belēdi jombwea bedangwedi, byanedi, to̱so̱ bekaisedi. Ye pe̱ ná e be̱ mwe̱ndi jombwea lambo di me̱nde̱ bolane̱ o mińa mi maye̱. Bibe̱l e be̱n bedinge̱ jita bena be mákuse̱ belondisedi."
fr,dua,"▸ Chap. 2, § 13 .","▸ Jokwa 2, dongo 13"
fr,dua,C’est Jésus qui a réalisé les nombreuses prophéties sur le Messie. Voir le tableau « Prophéties sur le Messie ».,Yesu nde a londise̱ bedinge̱ ba Bibe̱l be̱se̱ jombwea Mesia. Ombwa edinge̱le̱ “ Bedinge̱ jombwea Mesia .”
fr,dua,"▸ Chap. 2, § 17 .","▸ Jokwa 2, dongo 17 , maki owas’a dipapa."
fr,dua,"Jéhovah a créé la terre pour qu’elle soit un paradis et pour qu’elle soit habitée par les humains qui l’aiment. Son projet n’a pas changé. Bientôt, il va supprimer la méchanceté et offrir la vie éternelle à ses serviteurs.","Yehova a weki wase o be̱ paradisi, wum’a boja ya bato ba benama ba to̱ndi mo̱. Mwano mao mu si tuko. Son a ponda Loba a me̱nde̱ sumwa bobe o wase, a bola pe̱ baboledi bao longe̱ la bwindea."
fr,dua,"▸ Chap. 3, § 1 .","▸ Jokwa 3, dongo 1"
fr,dua,"Satan est l’ange qui a commencé la rébellion contre Jéhovah. Il est appelé Satan, ce qui veut dire « opposant », parce qu’il s’oppose à Dieu. Il est aussi appelé Diable, ce qui veut dire « calomniateur », parce qu’il dit des mensonges sur Dieu et parce qu’il trompe les gens.","Satan nde e ange̱l ni botedi pamo te̱nge̱ne̱ Loba. A mabelabe̱ ná Satan, nika ná “Musingedi,” ońolana a mana te̱nge̱ne̱ Yehova. A mabelabe̱ pe̱ ná Diabolo, nika ná “Ńalobango.” Din dina di bolabe̱ nde mo̱ ońolana a mato̱po̱ lobango jombwea Loba, na wo̱ndo̱ pe̱ bato."
fr,dua,"▸ Chap. 3, § 4 .","▸ Jokwa 3, dongo 4"
fr,dua,"Jéhovah a créé les anges et, longtemps après, il a créé la terre. Les anges ont été créés pour vivre au ciel. Il y a plus de 100 millions d’anges ( ). Chaque ange a un nom et sa propre personnalité. Les anges fidèles à Dieu sont humbles : ils refusent d’être adorés par les humains. Certains anges ont de plus grandes responsabilités que d’autres. Les anges reçoivent différentes missions, comme servir Jéhovah devant son trône, transmettre ses messages, protéger et guider ses serviteurs sur la terre, appliquer ses jugements ou apporter leur aide dans l’activité de prédication ( ). Pendant la guerre d’Armaguédon, ils combattront avec Jésus ( ).","Yehova a weki ange̱l etum a ponda oboso ná a maweka wase. I wekabe̱ nde o be̱ longe̱ o mo̱ń. Ye buka na bebwea ba lodun ba ange̱l. ( ) I be̱n mina na bede̱mo be diwengisan, ange̱l a jemea ye sibise̱ la ńolo, i mabanga ná bato ba benama bowe̱ babo̱. Ye mańaṅ me diwengisan, i be̱ne̱ pe̱ ńai na ńai a bebolo. Bebolo bo̱ be nde bolea oboso ba kond’a janea ńa Yehova, tombe̱le̱ la mye̱ndi mao, tata na die̱le̱ la baboledi bao o wase, londise̱ la bekaisedi bao, na sue̱le̱ la ebol’a dikalo. ( ; ) O mińa mi maye̱, i me̱nde̱ jana mwemba na Yesu o bila ba Armagedon.​— ."
fr,dua,"▸ Chap. 3, § 5 ; chap. 10, § 1 .","▸ Jokwa 3, dongo 5 ; Jokwa 10, dongo 1"
fr,dua,"Pécher, c’est ressentir, penser ou faire quelque chose qui ne plaît pas à Jéhovah ou qui s’oppose à sa volonté. Le péché nous éloigne de Jéhovah. C’est pourquoi, pour nous éviter de faire des choses qui ne lui plaisent pas, il nous a donné des lois et des principes. Au début, tout ce que Jéhovah avait créé était parfait. Mais Adam et Ève ont choisi de lui désobéir : ils ont péché. Ils ont donc perdu la perfection. Ils ont vieilli et ils sont morts. Parce qu’Adam nous a transmis le péché, nous aussi nous vieillissons et nous mourons.","To̱ njika lambo di maduteano̱, di mo̱nge̱le̱no̱, to̱so̱ di mabolano̱ lena di mate̱nge̱ne̱ Yehova to̱so̱ jemea lao le nde bobe. Kana bobe bo mańamse̱no̱ mulatako masu na Loba, a boli biso̱ mambenda mao na bete̱sedi bao o jongwane̱ biso̱ ná di si bola bobe na m’boṅsan. O bebotedi, Yehova a weki mambo me̱se̱ na ke̱nge̱nge̱, nde ponda Adam na Eva ba po̱sino̱ o pamwa Yehova, ba boli bobe, ba si ta pe̱ ke̱nge̱nge̱. Ba dun, ba wo̱ pe̱, kana di sangono̱ bobe bo wu na Adam, biso̱ pe̱ di maduna, di wo̱ pe̱."
fr,dua,"▸ Chap. 3, § 7 ; chap. 5, § 3 .","▸ Jokwa 3, dongo 7 ; Jokwa 5, dongo 3"
fr,dua,C’est la guerre de Dieu. Cette guerre mettra fin au monde de Satan et à la méchanceté.,Nika ńe nde bila ba Loba o ńamse̱ was’a Satan na bo̱le̱ pe̱ bobe bwe̱se̱.
fr,dua,"▸ Chap. 3, § 13 ; chap. 8, § 18 .","▸ Jokwa 3, dongo 13 ; Jokwa 8, dongo 18"
fr,dua,C’est un gouvernement que Dieu a établi au ciel et qui dirigera la terre. Jésus Christ est le Roi de ce royaume. Jéhovah utilisera ce royaume pour supprimer toute la méchanceté.,"Janea la Loba le nde janea lena a bokise̱no̱ o mo̱ń. Yesu Kristo nde a maneye̱ ka Kiṅ’a di janea. O mińa mi maye̱, Yehova a me̱nde̱ o bolane̱ di Janea o sumwa bobe bwe̱se̱. Janea la Loba di me̱nde̱ janea wase."
fr,dua,"▸ Chap. 3, § 14 .","▸ Jokwa 3, dongo 14"
fr,dua,"Jéhovah a créé Jésus avant tout le reste. Il l’a envoyé sur la terre pour qu’il meure pour les humains. Après avoir été tué, Jésus a été ressuscité par Jéhovah. Aujourd’hui, il règne au ciel : il est le Roi du royaume de Dieu.","Loba a weki Yesu oboso ná a maweka to̱ njika lambo dipe̱pe̱. Yehova a lom Yesu o wase o wo̱ ońola mbel’a moto ńe̱se̱. Ombusa Yesu bwabe̱, Yehova a pumbwe̱le̱ mo̱. Yesu a manea tatan o mo̱ń ka Kiṅ’a Janea la Loba."
fr,dua,"▸ Chap. 4, § 2 .","▸ Jokwa 4, dongo 2"
fr,dua,"La Bible avait prophétisé, ou annoncé, que le Messie arriverait à la fin d’une période de 69 semaines. Ces 69 semaines ont commencé en l’année 455 avant Jésus Christ et elles se sont terminées en l’année 29.","Bibe̱l e ta e langwa edinge̱, to̱so̱ e ta e bīse̱ ponda Mesia a me̱nde̱no̱ je̱ne̱ne̱. Nika e ta nde ńangame̱ne̱ be̱ o su la pambo a ponda ni belabe̱ ná ńa 69 ma woki, ńena ni botedi o mbu ma 455 B.P.A. ni po̱i pe̱ o su o mbu ma 29 P.A."
fr,dua,"Comment sait-​on que les 69 semaines se sont terminées en l’année 29 ? Les 69 semaines ont commencé en l’année 455 avant Jésus Christ, quand Néhémie est arrivé à Jérusalem et s’est mis à reconstruire la ville ( ). Dans une semaine, il y a 7 jours. Mais dans cette prophétie, les semaines ne durent pas 7 jours. Une règle qui s’applique aux prophéties dit : « Un jour pour une année » ( ). Chaque semaine dure donc 7 ans. Et 69 semaines durent 483 ans (69 x 7). Si on compte 483 ans à partir de l’année 455 avant Jésus Christ, on arrive à l’année 29 (il n’y a pas d’année zéro). C’est précisément l’année où Jésus a été baptisé et où il est devenu le Messie ! ( ).","Ne̱ni di bino̱ ná e po̱i o su o mbu ma 29 P.A. e? Mu 69 ma woki mu botedi nde o mbu ma 455 B.P.A. ponda Nehemia a po̱ino̱ o Yerusalem na mo̱ a botea pe̱te̱ longa mundi peńa. ( ) Ka nje te̱ eyal’a “mbu mō̱” e mabolano̱ biso̱ ná jo̱nge̱le̱ muso̱ngi ma 12, nika pe̱ nde eyal’a “woki” e mo̱nge̱le̱no̱ biso̱ muso̱ngi ma 7. Woki i kwalabe̱ o yen edinge̱ i titi wok’a mińa samba, nde wok’a mbu samba, bupisane̱ bete̱sedi ba so̱nge̱le̱ la bedinge̱ be nde “buńa bō̱ te̱ ońola mbu mō̱.” ( ) Nika e mapula nde kwala ná woki te̱ ńe nde bwaba ba mbu samba, na ná mu 69 ma woki mwe nde 483 ba mbu (69 x 7). Di so̱nge̱le̱ te̱ 483 ba mbu botea o 455 B.P.A., nika e mapo̱le̱ biso̱ o mbu ma 29 P.A. Nika ńe nde ná te̱ite̱i mbu mwena Yesu a dubisabe̱no̱, na mo̱ a timba Mesia!​— ."
fr,dua,"La même prophétie avait annoncé qu’il y aurait une semaine de plus, c’est-à-dire 7 ans de plus. Durant cette période, en l’année 33, le Messie serait tué. Et à partir de l’année 36, la bonne nouvelle du royaume de Dieu serait prêchée à toutes les nations, et pas seulement aux Juifs ( ).","Mu mulemlem ma edinge̱ mu bīse̱ woki nipe̱pe̱, ńe nde mbu samba mipe̱pe̱. O ni pambo a ponda, o mbu ma 33 P.A., Mesia a ta angame̱ne̱ bwabe̱, o bebotedi ba mbu ma 36 P.A. pe̱, myango ma bwam ma Janea la Loba mi ta mangame̱n langwabe̱ matumba me̱se̱, seto̱ buka te̱ Bonayuda.​— ."
fr,dua,"▸ Chap. 4, § 7 .","▸ Jokwa 4, dongo 7"
fr,dua,"Les religions qui enseignent la Trinité disent que Dieu est trois personnes en une : le Père, le Fils et l’esprit saint. Mais la Bible enseigne que Jéhovah est le Créateur et qu’il a créé Jésus en premier ( ). Jésus n’est pas le Dieu Tout-Puissant. Il n’a jamais dit qu’il était l’égal de Dieu. Au contraire, il a dit : « Le Père est plus grand que moi » ( ). Dans la Bible, on ne trouve pas le mot « Trinité ». La Trinité est un mensonge.","Bibe̱l e mokwe̱le̱ ná Yehova Loba nde e Muwekedi, na ná a se̱le̱ nde weka Yesu denge̱ mane̱ mambo me̱se̱. ( ) Yesu a titi Loba la Ngum. A si kwali to̱ buńa ná e nde kapo̱ na Loba. A kwali nde ná: “Tete̱ a buki mba.” ( ) Nde bebasi bō̱ be mokwe̱le̱ belēdi ba maloba malalo ma lati, ná Loba e nde bato balalo ba lati, nika ná maloba malalo ma lati o diwo̱: Tete̱, Muna, na mudī-musangi. Eyal’a “maloba malalo ma lati o diwo̱” e titi o Bibe̱l. Nika ńe nde belēdi ba mpoṅ."
fr,dua,"L’esprit saint est la force de Dieu en action, la puissance invisible qu’il utilise pour faire sa volonté. Ce n’est pas une personne. Les premiers chrétiens se sont « tous remplis d’esprit saint ». Et Jéhovah a dit : « Je répandrai une partie de mon esprit sur toutes sortes d’humains » ( ).","Mudī-musangi mwe nde ngiń’ebol’a Loba, ngiń’ao ni si me̱ne̱ne̱ a mabolane̱no̱ o bola jemea lao. Mu titi moto. K’eyembilan, Kriste̱n a boso i ta i “ londa na mudī-musangi,” Yehova pe̱ a kwali ná: “Na me̱nde̱ koma mudī mam omo̱ń a byobo be̱se̱.”​— ."
fr,dua,"▸ Chap. 4, § 12 ; chap. 15, § 17 .","▸ Jokwa 4, dongo 12 ; Jokwa 15, dongo 17"
fr,dua,Les vrais chrétiens n’utilisent pas la croix pour adorer Dieu. Pourquoi ?,Kriste̱n a mbale̱ i si mabolane̱ mbasa ke̱ i mowe̱ Loba. Ońola nje e?
fr,dua,"Les fausses religions utilisent la croix depuis longtemps. Dans le passé, elle était utilisée dans les rites sexuels païens et pour adorer la nature. Après la mort de Jésus, pendant 300 ans, les chrétiens ne se sont pas servis de la croix pour adorer Dieu. Puis l’empereur romain Constantin a fait de la croix un symbole de la religion chrétienne. Pourquoi ? Pour rendre la religion chrétienne plus populaire. Mais la croix n’a rien à voir avec Jésus Christ. Une encyclopédie catholique explique qu’on trouve la croix dans les cultures qui existaient avant Jésus Christ et dans celles qui ne sont pas chrétiennes.","Ye etum a ponda bwaba ebasi e kwedi e mabolane̱no̱ mbasa. O ponda kwaṅ mbasa e ta nde e bolane̱ o jowe̱ la bewekedi, na o jowe̱ la elong’a yadi la basibi. O pambo a ponda ńa 300 ba mbu ombusa kwed’a Yesu, Kriste̱n i si ta i bolane̱ mbasa o jowe̱ labu. Etum a mimbu ombusa ponda, Kais’a Roma Konstantine a boli ná mbasa e be̱ eyemban a dube̱ la Kristo. Y’eyemban e ta nde e bolane̱ o keka lańse̱ dube̱ la Kristo. Nde mbasa e si ta e be̱ne̱ mulatako to̱ mō̱ na Yesu Kristo. Kalati po̱ e mabola beteledi ná: “Mbasa e maso̱be̱ o bede̱mo ba bato ba se̱le̱ na Kriste̱n na o bede̱mo ba ba ba titi Kriste̱n.”​—The New Catholic Encyclopedia."
fr,dua,"Jésus n’est pas mort sur une croix. Les mots grecs qui sont traduits par « croix » veulent dire « poteau », « bois » ou « arbre ». Une Bible d’étude ( The Companion Bible ) explique que, dans le texte grec du « Nouveau Testament », rien ne fait penser à deux pièces de bois. Jésus est donc mort sur un poteau.","Yesu a si wedi o mbasa. Eyal’a Grikia e tukwabe̱ ná “mbasa” beteledi bao ba dibongo be nde “ebongo e te̱m na sim,” “mutumbu,” to̱so̱ “bwele.” Bibe̱l po̱ e mabola beteledi ná: “Lambo to̱ diwo̱ di titi o Grikia ńa [Male ma Peńa] di mabole̱ jo̱nge̱le̱ la bebongo beba.” Yesu a wedi nde o ebongo e te̱m na sim.​— The Companion Bible."
fr,dua,Jéhovah ne veut pas qu’on utilise d’images ou de symboles pour l’adorer ( ).,Yehova a si mapula ná di bolane̱ njimbidi to̱so̱ byemban o jowe̱ lasu.​— .
fr,dua,"▸ Chap. 5, § 12 .","▸ Jokwa 5, dongo 12"
fr,dua,"Jésus a ordonné à ses disciples de célébrer le Mémorial de sa mort. Ils le font tous les ans, le 14 nisan, à la date où les Israélites fêtaient la Pâque. Pendant le Mémorial, on fait passer parmi les assistants du pain et du vin : ils représentent le corps et le sang de Jésus. Les humains qui seront rois avec Jésus au ciel mangent le pain et boivent le vin. Les humains qui ont l’espoir de vivre pour toujours sur la terre assistent avec respect au Mémorial, mais ils ne mangent pas le pain et ils ne boivent pas le vin.","Yesu anedi bokwedi bao ná bo̱nge̱le̱ Kwed’ao. Ba mabola nika mbu te̱ o 14 ma mo̱di ma Nisan, mulemlem ma buńa bwe ná Bonaisrael ba bolise̱no̱ Pasa. Ewolo na wań bena be nde byemban ba ńol’a Yesu na maya mao, ba matombisabe̱ bato be̱se̱ bukedi o jo̱nge̱le̱ kwed’a Yesu. Ba bena ba me̱nde̱ janeye̱ mwemba na Yesu o mo̱ń ba mada ewolo, ba ńo̱ pe̱ wań. Ba bena ba be̱n dipita la be̱ longe̱ o bwindea o wase ba mukea n’edube o di jo̱nge̱le̱, nde ba si mada ewolo, to̱ ńo̱ wań."
fr,dua,"▸ Chap. 5, § 21 .","▸ Jokwa 5, dongo 21"
fr,dua,"Dans la Traduction du monde nouveau , le mot « âme » est utilisé pour désigner 1) une personne, 2) un animal ou 3) la vie d’une personne ou d’un animal.","O Bibe̱l a Duala, eyal’a “mudī” e mabolane̱ o kwalea ońola (1) moto, (2) ńama, to̱so̱ (3) longe̱ la moto to̱so̱ la ńama (4) mambo ma si me̱ne̱ne̱. Byembilan bō̱ be̱n:"
fr,dua,"1) Une personne. « À l’époque de Noé, [...] peu de gens, c’est-à-dire huit âmes, ont été transportés sains et saufs à travers l’eau » ( ). Ici, le mot « âme » désigne des personnes : Noé, sa femme, ses trois fils et leurs femmes.","Moto. ‘O mińa ma Noa . . . ngus’a bato, nika ńe nde ná midī lo̱mbi i ta yongisabe̱ o madiba.’ ( ) Owan eyal’a “midī” e mapula nde kwala bato​—Noa na munj’ao, bana babu ba bome balalo, na bito ba bana babu."
fr,dua,"2) Un animal. Dieu a dit : Que « les eaux » soient pleines « d’animaux [ou : « âmes vivantes », selon la note], et que des animaux ailés volent au-dessus de la terre ». Dieu a dit aussi : « Que la terre produise des animaux [ou : « âmes vivantes », selon la note] selon leurs espèces : les animaux domestiques, les animaux rampants et les animaux sauvages de la terre » ( ).","Ńama. “Na Loba a kwala ná: ‘Ese̱le̱ madiba ma londe na bewekedi be be̱n longe̱ [midī], lono̱n pe̱ lo pumwe o mo̱ń owas’a dibobe̱.’ Na Loba a bata pe̱ ná: ‘Ese̱le̱ wase e busise̱ bewekedi be be̱n longe̱ [midī] kaponda ńai te̱: byembe, ńama i mo̱nge̱ mańolo wase na ńam’eyidi kaponda ńai te̱. Na mo̱ e be̱ nika.”​— ."
fr,dua,"3) La vie d’une personne ou d’un animal. Jéhovah a dit à Moïse : « Tous les hommes qui cherchaient à te tuer [ou : « cherchaient ton âme », selon la note] sont morts » ( ). Quand Jésus était sur la terre, il a dit : « Personne n’a de plus grand amour que celui qui donne sa vie [ou : son « âme », note] pour ses amis. » ( ).","Longe̱ la moto to̱so̱ la ńama. Na Yehova a kwalane̱ Mose ná: “Be̱se̱ ba ta ba pulise̱ longe̱ lo̱nge̱ [to̱so̱, mudī mo̱ngo̱] ba máwo̱.” ( ) Ponda Yesu a tano̱ o wase, a kwali ná: “Mba nde ne mutated’a bwam. Mutated’a bwam a mabola longe̱ lao [to̱so̱, mudī mao] ońola mido̱ngi.”​— ."
fr,dua,"De plus, quand quelqu’un fait quelque chose ‘de toute son âme’, il le fait avec plaisir et de son mieux ( ). La Bible parle aussi d’un mort ou du corps d’une personne morte comme d’une « âme » morte ( , note ; , note).","Mambo ma si me̱ne̱ne̱. Eyal’a mudī e mapula pe̱ kwalea mambo mena ma si me̱ne̱ne̱ na miso̱, kana ngo̱, to̱so̱ we̱i bato na ńama ba masoano̱. Yeyal’a e makwalea pe̱ eweked’a mudī, mudī-musangi ma Loba to̱so̱ ngiń’ao ń’ebolo. Bibe̱l e si mokwe̱le̱ ná dongo la ńol’a moto diwo̱ di matika be̱ longe̱ ombusa kwedi.​— ."
fr,dua,"▸ Chap. 6, § 5 ; chap. 13, § 10 ; chap. 15, § 17 .","O mbata nika, moto a mabola te̱ lambo na ‘mudī mao mwe̱se̱,’ nika ńe nde ná a mabola mo̱ na ńo̱ngi ńe̱se̱ na ngud’ao ńe̱se̱. ( ) Eyal’a “mudī” ye pe̱ ná e bolane̱ o kwalea ońola ńo̱ng’a eweked’a longe̱. Mbimba to̱so̱ moto nu wedi e nde mudī mu wedi.​— ."
fr,dua,"▸ Chap. 6, § 5 ; chap. 15, § 17 .","Eyal’a Grikia ‘Gehena’ e tukwabe̱ o Bibe̱l a Duala ná wum’a wea to̱so̱ ná m’bensaṅ ma Ben-Hinom na bwambo ba Bonahebe̱r, ye nde dina la m’bensaṅ mwe be̱be̱ na Yerusalem, o wuma dibunje di tano̱ be̱ di disabe̱ wea, ná di ńamsabe̱. Lambo to̱ diwo̱ di titi di malee̱ ná o mińa ma Yesu ńama na bato ba ta be̱ ba takisabe̱ to̱so̱ disabe̱ wea peńa o mun m’bensaṅ. Gehena e titi so̱ eyemban a wuma i me̱ne̱ne̱ na miso̱ owe̱ni bawedi ba matakisabe̱no̱, ba disabe̱ wea o bwindea. Ponda Yesu a to̱pedino̱ ońola ba ba mapimbabe̱ o Gehena, a ta nde a to̱pea ońola beńamsedi be bo̱le̱.​— ."
fr,dua,"▸ Chap. 7, § 20 .","Mun muka nde Yesu a bolino̱ ponda okwe̱le̱no̱ bokwedi bao o kane̱. Mu mabelabe̱ pe̱ ná a Tete̱ Ńasu to̱so̱ patan a muka. K’eyembilan, Yesu okwe̱le̱ biso̱ o kane̱ ninka ná:"
fr,dua,C’est l’exemple de prière que Jésus a donné à ses disciples pour leur apprendre à prier. On l’appelle aussi la prière modèle. Jésus nous a appris à prier de cette façon :,"Di makane̱ ná Yehova a sangise̱ dina lao na mpoṅ mwe̱se̱ mu we̱le̱ mo̱ mbindo. Tongwea na nika, be̱se̱ be o mo̱ń na be o wase ba me̱nde̱ bola dina la Loba edube."
fr,dua,« Que ton nom soit sanctifié »,“Janea lo̱ngo̱ di ye”
fr,dua,"Nous prions pour que Jéhovah lave son nom, c’est-à-dire sa réputation, de tous les mensonges qui l’ont sali. Nous prions aussi pour que tout le monde au ciel et sur la terre honore son nom.","Di makane̱ ná janea la Loba di ńamse̱ was’a bobe ńa Satan, laneye wase, na timbise̱le̱ wase paradisi."
fr,dua,« Que ton royaume vienne »,“Jemea lo̱ngo̱ di bolabe̱ o wase”
fr,dua,"Nous prions pour que le gouvernement de Dieu détruise le monde de Satan, pour qu’il dirige la terre et pour qu’il la transforme en paradis.","Di makane̱ ná mwano ma Loba jombwea wase mu londe, ná bato ba benama be sengane̱, be pe̱ ke̱nge̱nge̱ ba be̱ longe̱ o bwindea o Paradisi, ka nje te̱ Yehova a tano̱ a pula ponda bato ba benama ba wekabe̱no̱."
fr,dua,« Que ta volonté se fasse sur la terre »,"▸ Jokwa 8, dongo 2"
fr,dua,"▸ Chap. 8, § 2 .","Yehova a boli nde diko̱ti o sunga bato ba benama o bobe na kwedi. Diko̱ti di ta nde mususedi mu ta mu pula o ko̱to̱ longe̱ la ke̱nge̱nge̱ la moto lena mot’a boso, Adam, a bo̱lo̱ne̱no̱, na o po̱ngulane̱ mulatako ma moto na Yehova mu ńamsabe̱. Loba a lom nde Yesu o wase ná a wo̱ ońola babobe be̱se̱. Tongwea na kwed’a Yesu, bato ba benama be̱se̱ be ná ba be̱ longe̱ o bwindea, na o po̱ o ke̱nge̱nge̱."
fr,dua,"▸ Chap. 8, § 21 ; chap. 9, § 13 .",Edinge̱ ya kalat’a Daniel bepasi 4 e mokwe̱le̱ biso̱ ná Loba a me̱nde̱ busise̱ Janea lao o 1914.
fr,dua,"D’après la prophétie qui se trouve en Daniel chapitre 4 , Dieu allait établir son royaume en 1914.","Njika tombwane̱ yen edinge̱ e mawaneano̱ biso̱: Bwele bwe nde eyemban a byanedi ba Loba. O mimbu jita, Yehova a bolane̱ kiṅe̱ o Yerusalem o janea tumba la Israel. ( ) Nde yi kiṅe̱ i timbi be̱ pamo, na byanedi babu be po̱ o su. Yerusalem e bulabe̱le̱ o mbu ma 607 B.P.A. Nika e ta nde bebotedi ba mi “midiyo samba.” ( ) Ponda Yesu a kwalino̱ ná, “Yerusalem e me̱nde̱ dakabe̱le̱ na basibi, natē̱ ponda basibi e dongame̱ne̱,” a ta nde a kwala jombwea mi “midiyo samba.” ( ) Mi “midiyo samba” so̱ mi si po̱i o su ponda Yesu a tano̱ o wase. Yehova a kakane̱ o te̱se̱ Kiṅe̱ o su la mi “midiyo samba.” Byanedi ba nin Kiṅ’a peńa, Yesu, be me̱nde̱ wanea baboledi ba Loba o wase ńe̱se̱ minam minde̱ne̱, o bwindea.​— ."
fr,dua,"La prophétie : Dans un rêve qui venait de Jéhovah, le roi Nabuchodonosor a vu un grand arbre être abattu. Sa souche a été entourée d’une bande de fer et d’une bande de cuivre pour qu’il ne repousse pas pendant « sept temps ». Mais après cette période, il allait repousser ( ).","Bwaba ba mi “midiyo samba”: Mi “midiyo samba” mi jai ponda bwaba ńa 2 520 ma mbu. Di botedi te̱ o so̱nge̱le̱ lo 2 520 ma mbu o mbu ma 607 B.P.A., di mapo̱ o mbu ma 1914. Nika e ta nde ponda Yehova a te̱se̱no̱ Yesu, Mesia, Kiṅ’a Janea la Loba o mo̱ń."
fr,dua,"Ce que la prophétie signifie : L’arbre représente la domination de Dieu. Pendant de nombreuses années, Jéhovah s’est servi de rois à Jérusalem pour diriger la nation d’Israël ( ). Mais ces rois ont été infidèles à Dieu et leur domination s’est arrêtée. Jérusalem a été détruite en l’année 607 avant Jésus Christ. C’est cette année-​là que les « sept temps » ont commencé ( ). Quand Jésus a dit que Jérusalem serait « piétinée par les nations jusqu’à ce que le temps accordé aux nations soit accompli », il parlait des « sept temps » ( ). Quand Jésus était sur la terre, les « sept temps » n’étaient donc pas finis. Jéhovah avait promis d’établir un roi à la fin des « sept temps ». La domination de ce nouveau Roi, Jésus, allait apporter de grandes bénédictions aux serviteurs de Dieu sur la terre, des bénédictions éternelles ( ).","Ne̱ni di po̱ino̱ o muso̱ngi ma 2 520 e? Bibe̱l e makwala ná ponda ilalo n’epas’a ponda ye nde 1 260 ma mińa. ( ) Mi “midiyo samba” so̱ me nde mu muso̱ngi ngedi iba, to̱so̱ 2 520 ma mińa. Lo 2 520 ma mińa le nde 2 520 ma mbu, nika ńe nde bupisane̱ bete̱sedi ba muso̱ngi ma bedinge̱ be nde “buńa bō̱ te̱ ońola mbu mō̱.”​— ."
fr,dua,"La durée des « sept temps » : Les « sept temps » ont duré 2 520 ans. Si on compte 2 520 ans à partir de l’année 607 avant Jésus Christ, on arrive à 1914 (il n’y a pas d’année zéro). C’est l’année où Jéhovah a fait de Jésus Christ le Roi de son royaume au ciel.","▸ Jokwa 8, dongo 23"
fr,dua,"▸ Chap. 8, § 23 .","Bibe̱l e makwalea nde ońola mwaned’a ange̱l mō̱ na mune, dina lao ná Mikael.​— ."
fr,dua,Le mot « archange » veut dire « chef des anges ». La Bible parle d’un seul archange : Michel ( ).,"▸ Jokwa 9, dongo 4"
fr,dua,"▸ Chap. 8, § 12 .","Yen eyala e makwalea nde jombwea pambo a ponda ńa mambo mande̱ne̱ ma me̱nde̱ bolane̱ o wase oboso ná Janea la Loba di mańamse̱ was’a Satan. Mulemlem ma byala, ka “su la yen ebe̱yed’a mambo” na “[“byuekedi,” NW ] ba Mun’a moto,” be mabolane̱ o bedinge̱ ba Bibe̱l o kwalea ońola mulemlem ma pambo a ponda. ( ) “Mińa misukan” mi botedi nde ponda Janea la Loba di botedino̱ o janea o mo̱ń o mbu ma 1914, mi me̱nde̱ pe̱ nde po̱ o su ponda was’a Satan e me̱nde̱no̱ ńamsabe̱ o Armagedon.​— ."
fr,dua,"▸ Chap. 9, § 2 .","Loba a timbise̱le̱ pe̱te̱ moto nu wedi o longe̱, nika e mabelabe̱ ná bepumbwedi. Bibe̱l e makwalea ońola bepumbwedi dibua. Elia, Elisa, Yesu, Petro, na Paulo babo̱ be̱se̱ ba pumbwe̱le̱ bawedi. Tongwea na ngiń’a Loba buka te̱ nde ben betańsedi be we̱lino̱ bolane̱. Yehova a kakane̱ o pumbwe̱le̱ “ba bate̱m na sim na basite̱m na sim” o be̱ pe̱te̱ longe̱ o wase. ( ) Bibe̱l e makwalea pe̱ ońola bepumbwedi ba mo̱ń. Ben bepumbwedi be nde ońola bapo̱so̱be̱, to̱so̱ bo̱kisabe̱ na Loba, ponda a mapumbwe̱le̱no̱ babo̱ o be̱ longe̱ o mo̱ń mwemba na Yesu.​— ."
fr,dua,"▸ Chap. 9, § 13 .","Wasa la kwalisane̱ midī ma bobe to̱so̱ be̱ne̱ la mulatako ma moto mo̱me̱ne̱ na midī ma bobe to̱so̱ tongwea na moto nupe̱pe̱, ka mot’a ngambi, to̱so̱ mot’a bwanga le bobe. Bato bena ba be̱n mulatako na midī ma bobe ba mabola nde nika ońolana ba dube̱ belēdi ba mpoṅ be makwale̱ ná mudī mu si mawo̱, mu matimba nde edimo yena e be̱n ngińa. Midī ma bobe mi makeka pe̱ o tute̱le̱ bato o kwe̱me̱ Loba. Dibie̱ la langa la ngengeti, ngambi, lemba, dubadubane̱, ndimsi, man me̱se̱ ma be̱n mulatako na midī ma bobe. Jita la kalati, nikame̱ne̱ pe̱ na sinima, langa la ngengeti, maduta, nate̱na mo̱me̱ne̱ musiki ba mabola ná midī ma bobe, ngaṅ, na ngińa ni mawe̱ na midī ma bobe be̱ne̱ne̱ ka lambo la bwam to̱so̱ lena di titi ná je̱nse̱ moto sese. Jita la beboledi ba pule̱ la mbimba, ka mabea ba mabolano̱ bawedi, mabua, jo̱nge̱le̱ la bawedi, beboledi ba mukusa, na beboledi bō̱ ba ne̱nge̱le̱ la kwedi pe̱ be be̱n mulatako na midī ma bobe. Bato ba yo̱ki bolane̱ banga ke̱ ba makeka o bolane̱ ngiń’a midī ma bobe.​— ."
fr,dua,"▸ Chap. 10, § 10 ; chap. 16, § 4 .","Yehova nde e Loba la Ngum, mo̱ pe̱ nde a weki mo̱ń na wase. ( ) Ońola nika nde eno̱ Mube̱ned’a me̱se̱, a be̱nno̱ pe̱ doi la byanedi, to̱so̱ byanedi be bo̱le̱, o janea bewekedi bao. ( ) A te̱se̱ mambenda ońola mambo me̱se̱ a wekino̱. Yehova a be̱n pe̱ doi o te̱se̱ bape̱pe̱ ka banedi. Di masue̱le̱ doi la byanedi lasam la Loba ke̱ di lee̱le̱ mo̱ ndolo, di sengane̱ pe̱ mo̱.​— ."
fr,dua,"▸ Chap. 11, § 10 .","Bwa la muna nu dia o dibum na m’boṅsan nika ńe nde kwese̱ la deme̱. Di titi mbeu a ńolo ni mako̱ye̱ moto, to̱so̱ lambo di mawe̱ na mo̱me̱ne̱ ońolana ńolo e bangi jese̱ muna. Botea na o pond’a no̱ngo̱ la deme̱, muna a titi dongo diwo̱ la ńol’a ńango a muna. E nde mot’a benama nupe̱pe̱."
fr,dua,"▸ Chap. 13, § 5 .","Nika ńe nde eboled’a do̱kita owe̱ni maya o mususu to̱so̱ dongo diwo̱ la mongo mao mande̱ne̱ di matombabe̱le̱no̱ jasumwe̱ moto mō̱ o ńolo wala o ńol’a moto nupe̱pe̱, to̱so̱ maya mena ma se̱le̱ kombabe̱. Mongo mande̱ne̱ ma maya me nde madibadiba, no̱ki i mole̱, no̱ki i masange̱, no̱k’a m’bo̱ndo̱."
fr,dua,"▸ Chap. 13, § 13 .","Eyal’a “mbe̱t’a dibongo” o Bibe̱l e titi eyala epe̱pe̱ ya beko̱kisedi. Mbe̱t’a dibongo ńe nde o jokwe̱le̱ biso̱, o bongwa biso̱, na o sa pe̱ biso̱. Yehova a si mako̱kise̱ moto buka dime̱ne̱, a si mabola pe̱to̱ nika na njo. ( ) Yehova a mabola bayedi eyembilan a bwam. Mbe̱t’ao ńa dibongo e mongwane̱ nate̱na o dime̱ne̱ lena moto a mato̱ndo̱no̱ mbe̱t’a dibongo. ( ) Yehova a to̱ndi baboledi bao, a malonga pe̱ babo̱. A mabola babo̱ belēdi be mate̱se̱ mo̱nge̱le̱ ma mpenga, na be mongwane̱ babo̱ o dutea na o bola o mbadi ni do̱lisane̱ mo̱. Ońola bayedi, mbe̱t’a dibongo e mombwea pe̱ jongwane̱ la bana babu o so̱ṅtane̱ njo̱m ońola nje bangame̱nno̱ be̱ sengane̱. Nika e mapula pe̱ o kwala ná bokwe̱le̱ bana babu o to̱ndo̱ Yehova, nikame̱ne̱ pe̱ na o to̱ndo̱ Eyal’ao, Bibe̱l, na o so̱ṅtane̱ bete̱sedi bao."
fr,dua,"▸ Chap. 14, § 13 .","Mi si me̱ne̱ne̱ na miso̱, me nde bewekedi ba mudī ba bobe be be̱n ngińa ni buki ńa mot’a benama. Midī ma bobe me nde ange̱l a bobe. Ben bewekedi be timbi nde ba bobe ponda be timbise̱le̱no̱ babo̱me̱ne̱ basingedi ba Loba tongwea na kwe̱me̱ mo̱. ( ) Be lati na Satan o pamo ao te̱nge̱ne̱ Yehova.​— ."
fr,dua,Page de titre/Page des éditeurs,Dipapa la tema/​Dipapa la babusisedi
fr,dua,Crédits photographiques :,Maduta ma be̱ne̱be̱:
fr,dua,▪ Page 25 : photo OMS d’Édouard Boubat,▪ Dipapa 25: WHO photo by Edouard Boubat
fr,dua,"▪ Pages 96, 97 : explosion : d’après une photo USAF ; enfant : d’après une photo OMS de W. Cutting",▪ Mapapa 96-97: Explosion: Based on USAF photo; child: Based on WHO photo by W. Cutting
fr,dua,Ce document ne peut être vendu. Sa diffusion s’inscrit dans le cadre d’une œuvre mondiale d’enseignement biblique rendue possible par des offrandes volontaires.,Nin kalati e si mandisabe̱. Ńe nde dongo diwo̱ l’ebol’a belēdi ba Bibe̱l o wase ńe̱se̱ yena e masuabe̱le̱ nde na mabea ma wonja.
fr,dua,"Si vous souhaitez faire un don, rendez-vous sur donate.jw.org.","O bola mabea ma wonja, son pe̱pe̱le̱ www.jw.org."
fr,dua,"Sauf indication contraire, les citations de la Bible sont tirées de la version en français moderne La Bible. Traduction du monde nouveau .","Bibe̱l to̱ po̱ e si tubabe̱ te̱ dina ke̱ ye nde bupisane̱ Betiledi ba Bosangi , nde byala bō̱ pe̱ be tilabe̱ bupisane̱ mbad’a betiledi ńa we̱nge̱. Epolo te̱ o me̱ne̱no̱ NW , nika ńe nde ná epas’a Bibe̱l e no̱ngo̱be̱ nde o Bibe̱l a Fre̱nsi Les Saintes Écritures. Traduction du monde nouveau (avec notes et références)."
fr,dua,French ( bhs -F),Douala ( bhs -DA)
fr,dua,Watch Tower Bible and Tract Society of Pennsylvania,Watch Tower Bible and Tract Society of Pennsylvania
fr,dua,3 Dieu voulait-​il cela pour nous ?,3 Njika mwano Loba a be̱nno̱ ońol’asu e?
fr,dua,8 1. Qui est Dieu ?,8 1. Nja ńe Loba e?
fr,dua,19 2. La Bible : un livre qui vient de Dieu,19 2. Bibe̱l—Kalati ni wu na Loba
fr,dua,29 3. Quel est le projet de Dieu pour les humains ?,29 3. Njika mwano Loba a be̱nno̱ ońola bato e?
fr,dua,40 4. Qui est Jésus Christ ?,40 4. Nja ńe Yesu Kristo e?
fr,dua,52 5. La rançon : le plus beau cadeau de Dieu,52 5. Diko̱ti—Jabea la Loba di buki me̱se̱
fr,dua,62 6. Où sont les morts ?,62 6. We̱ni di malano̱ ke̱ di wedi e?
fr,dua,71 7. Il y aura une résurrection !,71 7. Bepumbwedi be me̱nde̱ be̱!
fr,dua,83 8. Qu’est-​ce que le royaume de Dieu ?,83 8. Janea la Loba le nde nje e?
fr,dua,94 9. La fin du monde est-​elle pour bientôt ?,"94 9. Mo̱, su la wase lā be̱be̱ e?"
fr,dua,105 10. Les anges et les démons : qui sont-​ils ?,105 10. Mbale̱ jombwea ange̱l na midī ma bobe
fr,dua,116 11. Pourquoi y a-​t-​il autant de souffrances ?,116 11. Nje ye njo̱m a nin take ńe̱se̱ e?
fr,dua,124 12. Comment pouvez-​vous devenir l’ami de Dieu ?,124 12. Ne̱ni weno̱ ná o be̱ diko̱m la Loba e?
fr,dua,135 13. La vie est un cadeau de Dieu : respectez-la,135 13. Bola jabea la longe̱ edube
fr,dua,145 14. Votre famille peut être heureuse,145 14. Ndabo ango̱ ná mbia ńe ná e be̱ bonam
fr,dua,154 15. La bonne façon d’adorer Dieu,154 15. Mbadi ni te̱nge̱n ńa jowe̱ Loba
fr,dua,164 16. Choisissez d’adorer Dieu comme il le veut,164 16. Po̱so̱ o jowe̱ Loba
fr,dua,174 17. La prière : un honneur que Dieu nous fait,174 17. Muka—Edube ende̱ne̱
fr,dua,185 18. Dois-​je me vouer à Dieu et me faire baptiser ?,"185 18. Mo̱, nangame̱ne̱ bake̱ Loba longe̱ lam, na dubisabe̱ pe̱ e?"
fr,dua,197 19. Restez l’ami de Jéhovah,197 19. Ja be̱be̱ na Yehova
