source_lang,target_lang,source_text,target_text
fr,dua,Table des matières,Ebambu a mongo
fr,dua,"Présents dans plus de 240 pays et territoires, nous venons de tous horizons ethniques et culturels. Qu’est-​ce qui nous a réunis ? Qui sommes-​nous ?",Je nde bato ba wu o bepolo ba ńai na ńai. Di maso̱be̱ o 240 ba bekombo. Nde nje e lati biso̱ be̱se̱ e? Njika pat’a bato Mboṅ a Yehova yeno̱ e?
fr,dua,"Nous prêchons, c’est bien connu. Mais ce n’est pas tout. En plus, nous nous réunissons dans nos Salles du Royaume pour étudier la Bible et adorer Dieu. Comment se déroulent nos réunions ? Qui peut y assister ?",Ebol’asu a dikalo e biane̱ na be̱se̱. Di mako̱to̱me̱ o Mandabo ma Janea masu o jokwa Bibe̱l na o jowe̱ Loba. Ne̱ni ndongame̱n asu i matombano̱ e? Nja ńe ná ńukea e?
fr,dua,"C’est une organisation religieuse internationale, qui n’a pas pour but de faire des profits financiers. Elle se compose de personnes qui veulent servir Dieu. Comment est-​elle structurée, dirigée et financée ? Fait-​elle vraiment la volonté de Jéhovah ?","Bebokedi basu be longedi nde na bato ba be̱n ńo̱ngi o bolea Loba. O wase ńe̱se̱, di si mawasa muse̱ṅ ma mo̱ni to̱ mō̱. Ne̱ni di diabe̱le̱no̱, di longabe̱no̱, di suabe̱le̱no̱ pe̱ e? Ońola nje jeno̱ mbaki ná, di mabola jemea la Yehova we̱nge̱ e?"
fr,dua,Dieu veut que les humains vivent éternellement heureux et en paix sur une terre transformée en paradis.,Loba a mapula ná di kuse njoaso’a munam na musango o paradisi o wase o bebe be̱se̱!
fr,dua,« Impossible ! » direz-​vous. Mais la Bible affirme que ce sera possible grâce au royaume de Dieu. Dieu veut que tous les humains en sachent plus sur sa volonté et sur son royaume ( ).,"Jita ba mo̱nge̱le̱ ná nika e titi ná e bolane̱. Nde Bibe̱l e malee̱le̱ ná, Janea la Loba di me̱nde̱ bola nika. Ońola nika nde jemea la Loba leno̱ ná bato be̱se̱ bá bie Janea lao na mwano mao ońol’asu.​— ."
fr,dua,Dieu veut notre bien.,Loba a mapula bwam basu.
fr,dua,"Un bon père souhaite ce qu’il y a de mieux pour ses enfants. De même, notre Père céleste veut que nous soyons éternellement heureux ( ). Il promet : « Celui qui fait la volonté de Dieu vivra pour toujours » ( ).","Sango a bana ńa dibie̱ a mawasa bwam bá bana bao. Buka nika, Sango asu ńe o mo̱ń a mabwa ńo̱ngi ná di bwane̱ longe̱ muńe̱nge̱ o bwindea. ( ) A kakane̱ ná “nu nu mabole̱ jemea la Loba a maja nate̱na o bwindea.”​— ."
fr,dua,Dieu veut que nous ‘suivions ses sentiers’.,Loba a mapula ná di bole nje e mabwese̱ mo̱ muńe̱nge̱.
fr,dua,"La Bible révèle que notre Créateur désire nous ‘faire connaître ses chemins’ pour que nous ‘suivions ses sentiers’ ( ). Il a organisé « un peuple pour son nom », afin que sa volonté soit connue sur toute la terre ( ).","Loba a mapula ná jemea lao di biane̱ o wase ńe̱se̱. Ońola nika nde Muweked’asu a mokwe̱le̱no̱ biso̱ mangea mao ná di bole nje e mabwese̱ mo̱ muńe̱nge̱, ka tumba diwo̱ a bokise̱no̱ o bambe̱ dina lao.— ; ​— ."
fr,dua,Dieu veut que nous l’adorions dans l’unité.,Loba a mapula ná jowe̱ mo̱ o mulatako.
fr,dua,"Le vrai culte ne divise pas les gens ; il les unit par un amour sincère ( ). Aujourd’hui, qui apprend à toutes sortes d’hommes et de femmes à servir Dieu dans l’unité ? Découvrez la réponse dans cette brochure.","Jowe̱ te̱ Loba ka ne̱ni a mapulano̱, o mulopo ná nika ńabe biso̱, nika e mabola biso̱ ná di be̱ mulatako, di be̱ne̱ne̱ pe̱ mō̱ na nune̱ ndolo. ( ) Nja o nin we̱nge̱ nu mokwe̱le̱ bato ne̱ni bolea Loba o mulatako e? Nun muna kalati a mabola jalabe̱."
fr,dua,"Combien de Témoins de Jéhovah connaissez-​vous ? Peut-être des voisins, des collègues, des camarades. Ou bien certains qui vous ont abordé pour discuter de la Bible. Qui sommes-​nous vraiment ? Pourquoi parlons-​nous à tous de nos croyances ?","Mboṅ a Yehova i biane̱ jita. Bō̱ be moyo mo̱ngo̱ ma mboa, o mabomane̱ pe̱ bō̱ o don, o ebolo, o esukulu, o nge’a tongo to̱so̱ o nge’a eyidi. Mo̱, o mákwalea na mō̱ ońola Bibe̱l e? Nde ba nja so̱ jeno̱ na mbale̱ e? Ońola nje di mate̱no̱ dikalo e?"
fr,dua,"Nous sommes comme tout le monde. Nous venons de différents contextes sociaux et culturels. Certains d’entre nous pratiquaient une autre religion, alors que d’autres ne croyaient pas en Dieu. Mais, tous, nous avons pris le temps d’examiner soigneusement les enseignements bibliques ( ). Ce que nous avons appris nous a convaincus. Nous avons donc décidé personnellement d’adorer Jéhovah Dieu.","Je nde ka bane̱ bato be̱se̱. Kana o eyidi myele meno̱ ńai na ńai, Mboṅ a Yehova i be̱n ńai na ńai a bete̱medi. Bō̱ ba si ta bowe̱ Loba, bape̱pe̱ ba wu o bebasi. Nde mō̱ na mō̱ ńasu te̱ emedi o wasa belēdi ba Bibe̱l, obiana di mabe̱ Mboṅ a Yehova. ( ) Nje jokono̱ e tapi biso̱ o mulema, na biso̱ di po̱so̱ esibe̱ mińakisan o jowe̱ Yehova Loba."
fr,dua,"Notre étude de la Bible nous apporte beaucoup. Nous avons des problèmes et des faiblesses comme tout le monde. Mais, en nous efforçant d’appliquer quotidiennement les principes bibliques, nous avons constaté une nette amélioration de notre qualité de vie ( ). C’est entre autres pour cela que nous parlons des belles choses que nous avons découvertes dans la Bible.","Jokwa la Bibe̱l di mawanea biso̱ tombwane̱. Ka mbel’a moto ńe̱se̱, biso̱ pe̱ di be̱n yasu ndutu. Nde di so̱i ná, dangwa bupisane̱ bete̱sedi ba Bibe̱l di wanedi biso̱ minam jita. ( ) Ońola nika nde di malangweano̱ bape̱pe̱ mambo ma bwam di mokwano̱ o Bibe̱l tongwea na dikalo."
fr,dua,"Nos valeurs nous viennent de Dieu. Ces valeurs, contenues dans la Bible, favorisent le bien-être, le respect des autres et des qualités comme l’honnêteté et la gentillesse. Elles forment des citoyens productifs et équilibrés, et encouragent l’unité familiale et une bonne moralité. Convaincus que « Dieu n’est pas partial », nous nous considérons comme une famille internationale, sans frontières politiques ou raciales, unie par nos croyances. Nous sommes des gens ordinaires, mais, à nous tous, nous formons un peuple hors du commun ( ).","Di madangwa nde bupisane̱ bete̱sedi ba Loba. Bete̱sedi di mokwano̱ o Bibe̱l be mongwane̱ biso̱ o be̱ne̱ ja la bwam, o bola bape̱pe̱ edube, o be̱ mbale̱ na muyao. Be bete̱sedi be mabola ná di be̱ne̱ longe̱ la mbia la bwam, beka pe̱ biso̱ o be̱ne̱ bedangwedi ba bobe. Bia ná “Loba a titi ndando” di mongwane̱ biso̱ ná di be̱ mbia mulati o wase ńe̱se̱ tongwea na belēdi básu. Eyem’a bwambo to̱ politik ba si maba biso̱. Je tobotobo seto̱ ońola nje jeno̱, nde ońola mulatako masu.​— ."
fr,dua,Sous quels rapports les Témoins sont-​ils comme tout le monde ?,Nje Mboṅ a Yehova i be̱nno̱ ka mbel’a moto ńe̱se̱ e?
fr,dua,Quelles valeurs les Témoins ont-​ils apprises dans la Bible ?,Nje jokwa la Bibe̱l di mawaneano̱ biso̱ e?
fr,dua,"Avant 1931, nous portions le nom « Étudiants de la Bible ». Depuis, nous nous appelons Témoins de Jéhovah. Beaucoup pensent que c’est le nom d’une nouvelle religion. Pourtant, il y a plus de 2 700 ans, le seul vrai Dieu appelait déjà ses serviteurs ses « témoins » ( ).","Ebas’a Mboṅ a Yehova e titi ya peńa kana jita ba mo̱nge̱le̱no̱. Etum a ponda, o mińa ma muto̱ped’a mudī Yesaya, Loba mo̱me̱ne̱ a bele̱ baboledi bao ba mbale̱ ná “mboṅ.” ( ) Di belabe̱ ná Bokwe̱ Bibe̱l nate̱na o mbu ma 1931. Nde ońola nje di wengisane̱no̱ dina lasu, o no̱ngo̱ la Mboṅ a Yehova e?"
fr,dua,"Il montre qui est notre Dieu. Le nom de Dieu, Jéhovah, figurait des milliers de fois dans les manuscrits anciens de la Bible. Mais beaucoup de traductions l’ont remplacé par des titres tels qu’Éternel ou Seigneur. Or, le vrai Dieu s’est révélé à Moïse par son nom, Jéhovah, précisant : « C’est là mon nom pour toujours » ( ). Il se différenciait ainsi de tous les faux dieux. Nous sommes fiers de porter le saint nom de Dieu.","Di malee̱le̱ nja ńe Loba lasu. O Bibe̱l ya boso, Yehova, dina la Loba di maso̱be̱ oten lokoli la ngedi. O betukwedi ba Bibe̱l, jita ba wengisane̱ di dina na we̱le̱ o epol’ao beto̱ti ka Sango to̱so̱ Loba. Nde, Loba mo̱me̱ne̱ okwe̱le̱ Mose dina lao, Yehova, a yikiye̱ mo̱ ná: “dina lam din ońola bebe be̱se̱.” ( ) Nika e we̱le̱ diwengisan jombwea mo̱ na maloba ma mpoṅ. Je muńe̱nge̱ o bambe̱ dina la bosangi la Loba."
fr,dua,"Il indique notre mission. Une longue lignée d’hommes et de femmes fidèles, commençant par Abel, ont eu foi en Jéhovah et lui ont rendu témoignage. Au fil des siècles, Noé, Abraham, Sara, Moïse, David et d’autres ont rejoint cette « grande nuée de témoins » ( Hébreux 11:4–12:1 ). Un témoin peut attester l’innocence de quelqu’un devant un tribunal. Quant à nous, nous tenons à faire connaître la vérité sur Dieu.","Di mabīse̱ ebol’asu. Botea ponda nute̱m ná sim Abel, bato jita bate̱m ná sim ba bambe̱ dina la Yehova. Noa, Abraham, Sara, Mose, na David be o mu mulo̱ṅ ma di “diwindiwindi la mboṅ.” ( Bonahebe̱r 11:4–12:1 ) Kana moto eno̱ ná a be̱ mboṅ o ndabo a bekaisedi, o bwam ná njo̱m e si numabe̱ nupe̱pe̱, di mabola me̱se̱ ná mbale̱ e biane̱ jombwea Loba lasu."
fr,dua,Jésus est lui aussi un témoin. La Bible l’appelle le « témoin fidèle et véridique » ( ). Il a dit lui-​même avoir fait connaître le nom de Dieu et rendu « témoignage à la vérité » ( ). Ses disciples doivent par conséquent porter et faire connaître le nom divin. C’est ce que s’efforcent de faire les Témoins de Jéhovah.,"Di mabupe̱ eyembilan a Yesu. Bibe̱l e mabele̱ Yesu ná “mboṅ a jemea na ńa mbale̱.” ( ) Mo̱me̱ne̱ a kwali ná a ‘bīse̱ bato dina la Loba’, a ‘boli pe̱ mboṅ ońola mbale̱’ jombwea Loba. ( ) Ońola nika nde Kriste̱n ya mbale̱ yangame̱ne̱no̱ bambe̱ na bīse̱ dina la Yehova. Miwe̱n masu me̱se̱ me nde ońola nika."
fr,dua,Pourquoi les Étudiants de la Bible ont-​ils pris le nom « Témoins de Jéhovah » ?,Ońola nje Bokwe̱ Bibe̱l ba no̱ngino̱ dina la Mboṅ a Yehova e?
fr,dua,Depuis combien de temps Jéhovah a-​t-​il des témoins sur terre ?,Botea njika ponda Yehova a be̱nno̱ mboṅ o wase e?
fr,dua,Qui est le plus grand Témoin de Jéhovah ?,Nja ńe Mboṅ a Yehova ninde̱ne̱ e?
fr,dua,Abraham et Sara,Abraham na Sara
fr,dua,"La Bible avait annoncé qu’après la mort de Christ, de faux enseignants apparaîtraient parmi les premiers chrétiens et déformeraient la vérité biblique ( ). Et c’est exactement ce qui s’est passé. Les enseignements de Jésus ont été mélangés à des idées non chrétiennes, ce qui a abouti à une contrefaçon du christianisme ( ). Alors, comment être sûr que notre compréhension actuelle de ce qu’enseigne réellement la Bible est correcte ?",Bibe̱l e se̱le̱ bīse̱ ná ombusa kwed’a Kristo balēdi ba mpoṅ ba me̱nde̱ jingea o mulo̱ṅ má Kriste̱n na yue̱le̱ pe̱ belēdi ba mbale̱. ( ) Nika pe̱ nde e timbino̱ o be̱. Ba balēdi ba mpoṅ ba lati belēdi ba Yesu na mo̱nge̱le̱ ma basibi. Nika nde bebasi ba mpoṅ be botedino̱. ( ) Ne̱ni jeno̱ ná di be̱ mbaki ná di be̱n so̱ṅtane̱ di te̱nge̱n la nje Bibe̱l e mokwe̱le̱no̱ na mbale̱ e?
fr,dua,"Le moment était venu. « Au temps de la fin », avait prédit Jéhovah, « la vraie connaissance deviendra abondante » ( ). En 1870, un petit groupe de personnes en quête de vérité ont compris que de nombreux enseignements religieux étaient contraires à la Bible. Elles ont donc cherché à comprendre ce que celle-ci enseignait à l’origine. Jéhovah les a aidées.","Yehova mo̱me̱ne̱ a busise̱ mbale̱ o pond’ao. A se̱le̱ o bīse̱ ná o ponda nisukan so̱ṅtane̱ la mbale̱ di me̱nde̱ to̱ndo̱. ( ) O mbu ma 1870, dibe̱le̱ la bato disadi o muwaso̱ ma mbale̱, di so̱i ná Bibe̱l e si masue̱le̱ jita la belēdi ba bebasi. Na mo̱ di botea o wasa so̱ṅtane̱ la belēdi ba mbale̱ ba Bibe̱l. Yehova a namse̱ ebol’abu."
fr,dua,"Une étude approfondie de la Bible. Les Étudiants de la Bible utilisaient une méthode d’étude dont nous nous servons encore aujourd’hui : Ils examinaient la Bible sujet par sujet. Quand ils avaient du mal à comprendre un passage, ils cherchaient d’autres versets pouvant l’expliquer. Une fois arrivés à une conclusion qui collait avec le reste de la Bible, ils l’écrivaient. En laissant ainsi la Bible s’expliquer par elle-​même, ils ont retrouvé la vérité sur le nom de Dieu, sur son royaume, sur sa volonté pour la terre et les humains, sur la condition des morts et sur l’espoir de la résurrection. Leurs recherches les ont libérés de nombreuses fausses croyances et pratiques ( ).","Ba we̱le̱ milema mabu o jokwa Bibe̱l ná te̱ite̱i. Bokwe̱ Bibe̱l ba ta ba be̱ne̱ mbad’a jokwa ńena biso̱ pe̱ di mabupe̱no̱ we̱nge̱. Ba ta ba no̱ngo̱ tema ombusa tema. Ba so̱i te̱ epas’a Bibe̱l ye ndutu o so̱ṅtane̱, ba mombwea nde bepasi bepe̱pe̱ o tele̱ye̱ mo̱. Ba po̱i te̱ o jo̱nge̱le̱ diwo̱ le mulatako na bene̱ bepasi, ba matila nde mo̱. Bese̱le̱ ná Bibe̱l mo̱me̱ne̱ e bole beteledi. Ba timbi o so̱ mbale̱ jombwea dina la Loba, Janea lao, mwano mao ońola mbel’a moto, ebe̱yed’a bawedi na dipita ońola bepumbwedi. Muwaso mabu mu te̱se̱ babo̱ wonja na belēdi ba mpoṅ nikame̱ne̱ pe̱ na beboledi ba bobe.​— ."
fr,dua,"En 1879, les Étudiants de la Bible ont compris que le moment était venu de faire largement connaître la vérité. Ils ont donc commencé à éditer La Tour de Garde annonce le Royaume de Jéhovah , une revue que nous publions encore de nos jours. Aujourd’hui, nous communiquons la vérité biblique dans plus de 240 pays et territoires et en plus de 900 langues. Jamais la vraie connaissance n’a été si abondante !","O mbu ma 1879, Bokwe̱ Bibe̱l ba so̱ṅtane̱ ná ponda nin o camane̱ mbale̱ o wase ńe̱se̱. O mu mbu pe̱ nde ba botedino̱ busise̱ kalati ni belabe̱ na fre̱nsi ná, La Tour de Garde annonce le Royaume de Jéhovah . We̱nge̱ di mabīse̱ bato mbale̱ o 240 ba bekombo na o buka na 900 ba leme̱. Na mbale̱, so̱ṅtane̱ la mbale̱ di máto̱ndo̱!"
fr,dua,"Après la mort de Christ, qu’est-​il arrivé à la vérité biblique ?",Ombusa kwed’a Yesu nje e po̱yedi belēdi ba Bibe̱l e?
fr,dua,Comment cette vérité a-​t-​elle refait surface ?,Nje yongwane̱ biso̱ o so̱ mbale̱ e?
fr,dua,"Années 1870, Étudiants de la Bible.",Bokwe̱ Bibe̱l o mimbu 1870
fr,dua,"1879, première Tour de Garde en anglais.",La Tour de Garde ( Njongo a Betatedi ) ńaboso o mbu ma 1879
fr,dua,La Tour de Garde aujourd’hui (en grec).,Njongo a Betatedi we̱nge̱
fr,dua,"Pendant des dizaines d’années, nous avons utilisé, imprimé et diffusé plusieurs versions de la Bible. Puis nous avons ressenti le besoin d’éditer une nouvelle traduction pour aider chacun à découvrir la « connaissance exacte de la vérité », comme le veut Dieu ( ). C’est ainsi qu’en 1950 la Traduction du monde nouveau en anglais a commencé à paraître par volumes. Cette Bible a été traduite avec fidélité et exactitude, dans un langage moderne, en plus de 160 langues.","Etum a mimbu Mboṅ a Yehova i bolane̱, i busise̱, i bola pe̱ bato jita la betukwedi ba Bibe̱l. Kana Loba a mapulano̱ ná moto te̱ a be̱ne̱ ‘so̱ṅtane̱ la mbale̱’ di te̱nge̱n, je̱n mweńa mwa tukwa Bibe̱l bupisane̱ jemea lao. ( ) Di botedi busise̱ Bibe̱l Traduction du Monde Nouveau o mbu ma 1950. Ni Bibe̱l e te̱nge̱n, e be̱ pe̱ mbale̱. E tilabe̱ o buka na 160 leme̱."
fr,dua,"Une version facile à comprendre. Les langues évoluant, beaucoup de traductions contiennent des expressions peu connues ou hors d’usage, difficiles à comprendre. Par ailleurs, la découverte de manuscrits plus anciens, et donc plus exacts et plus proches des originaux, a abouti à une meilleure compréhension de l’hébreu, de l’araméen et du grec bibliques.","E ta e pula Bibe̱l ni titi ndutu o so̱ṅtane̱. Leme̱ lo matukwa na ponda. Nikame̱ne̱ pe̱ nde Bibe̱l iwo̱ i be̱nno̱ byala be tombi ponda be pe̱ ndutu o so̱ṅtane̱. O bati pe̱te̱ ná, Bibe̱l ya boso i te̱nge̱n ye pe̱ mbale̱ i so̱be̱, yongwane̱ o kusa so̱ṅtane̱ la bwam la betiledi ba Bibe̱l o bwambo ba Bonahebe̱r, Siria, na Grikia."
fr,dua,"Une traduction fidèle au message de Dieu. Par souci de fidélité, les traducteurs de la Bible devraient s’interdire de prendre des libertés avec les écrits originaux inspirés par Dieu. Pourtant, la plupart des versions de la Bible n’utilisent pas le nom divin, Jéhovah.","E ta e pula betukwedi be matimbise̱le̱ Eyal’a Loba ná te̱ite̱i. O mulopo ma no̱ngo̱ mboṅ a wengisane̱ jo̱nge̱le̱ la Eyal’a Loba, batukwedi ba Bibe̱l bangame̱ne̱ be̱ jemea n’Eyal’a Loba. O jita la betukwedi ba Bibe̱l, dina la Loba, Yehova, di si maso̱be̱ oten."
fr,dua,"Une Bible qui honore son Auteur. ( .) La Traduction du monde nouveau utilise le nom divin aux quelque 7 000 endroits où il apparaît dans les plus anciens manuscrits de la Bible, comme celui de la photo ci-dessous ( ). Résultat d’années de recherches approfondies, cette Bible qui transmet clairement la pensée de Dieu se lit avec plaisir. Que vous ayez ou non cette traduction dans votre langue, nous vous encourageons à prendre l’habitude de lire chaque jour la Parole de Jéhovah ( ).","E ta e pula Bibe̱l ni mabwe̱le̱ Loba. ( ) O Traduction du Monde Nouveau di timbise̱le̱ dina la Yehova be̱be̱ na 7 000 la ngedi kana Bibe̱l ya boso. Ombwa eyembilan a duta le owase wan. ( ) Ni Bibe̱l e do̱li o langa, e mabusise̱ pe̱ ná te̱ite̱i jo̱nge̱le̱ la Loba ońolana di no̱ngi ponda o tukwa mo̱. To̱ o si be̱n nde Traduction du Monde Nouveau o eyem’ango̱, son ko̱lo̱ngo̱ne̱ o langa Eyal’a Yehova buńa te̱.​— ."
fr,dua,Pourquoi fallait-​il une nouvelle traduction de la Bible ?,Ońola nje e tano̱ e pula betukwedi ba Bibe̱l ba peńa e?
fr,dua,Quelle habitude permet de connaître la volonté de Dieu ?,"Ná o bie jemea la Loba, nje wangame̱ne̱no̱ o bola buńa te̱ e?"
fr,dua,Beaucoup ne vont plus aux offices religieux parce qu’ils n’y trouvent ni direction spirituelle ni réconfort. Pourquoi donc assister aux réunions organisées par les Témoins de Jéhovah ? Qu’en retirerez-​vous ?,Jita we̱nge̱ ba si mala pe̱ o mandabo ma bebasi ońolana ba si makusa bediedi to̱ belo̱ko̱medi. Ońola nje so̱ jangame̱ne̱no̱ o jukea o ndongame̱n ya Mboṅ a Yehova e? Nje o matombwane̱no̱ oten e?
fr,dua,"La joie d’être en bonne compagnie. Les chrétiens du I er siècle étaient organisés en assemblées. Ils tenaient des réunions pour adorer Dieu, étudier les Écritures et s’encourager ( ). Dans une atmosphère pleine d’amour où chacun se souciait des autres, ils se rassemblaient avec de vrais amis, leurs frères et sœurs spirituels ( ). Nous suivons leur exemple, ce qui nous procure une joie semblable.","Muńe̱nge̱ ma be̱ne̱ mako̱m ma ndolo ma mombweye̱ wa. Kriste̱n a boso i ta i boka ka myemba, i ko̱to̱me̱ o jowe̱ Loba, jokwa Bibe̱l na o jumwe̱le̱ mō̱ na nune̱. ( ) O mu mulatako ma ndolo ba ta mako̱m ma mbale̱, bonasango na bonańango o mudī. ( ) Mulemlem m’eyembilan pe̱ nde di mabiano̱ we̱nge̱, ońola nika nde biso̱ pe̱ di be̱nno̱ mulemlem ma muńe̱nge̱."
fr,dua,"Une formation pour appliquer les principes bibliques. Comme aux temps bibliques, hommes, femmes et enfants se réunissent ensemble. Des enseignants qualifiés se servent de la Bible pour nous aider à discerner comment appliquer ses principes dans notre vie de tous les jours ( ). Chacun peut exprimer sa foi et son espérance en participant à des discussions et en chantant ( ).","Muse̱ṅ ma jokwa bia ne̱ni weno̱ ná o we̱le̱ betiledi ba Bibe̱l o ebolo. Kana o ponda Mose, we̱nge̱ pe̱ bome, bito na bana, ba mako̱to̱me̱ mwemba. Balēdi ba bwam ba mabolane̱ Bibe̱l o jongwane̱ biso̱ ná di dangwe bupisane̱ bete̱sedi ba Loba. ( ) Biso̱ be̱se̱ di mapuse̱le̱ dipita lasu tongwea na bola malabe̱ na lo̱ngo̱ la myenge m’esese.​— ."
fr,dua,"Le bonheur d’avoir une foi plus forte. L’apôtre Paul a dit aux membres d’une assemblée de son époque : « Je désire vivement vous voir pour [...] que nous nous encouragions les uns les autres par notre foi, la vôtre comme la mienne » ( ). Nous réunir régulièrement avec d’autres Témoins de Jéhovah renforce notre foi et notre détermination à vivre en chrétiens.","Muse̱ṅ ma jouse̱ dube̱ lo̱ngo̱ la Loba. Ńamuloloma Paulo a tiledi mwemba mō̱ ma pond’ao mo̱ na: ‘ne ńo̱ngi o je̱ne̱ bińo̱, ná mba pe̱ ná kuse jembame̱ ke̱ ne oteten ańu ońola jemea lasu, la mō̱ na nune̱, bińo̱ ońola lam, mba pe̱ ońola lańu.’ ( ) O ndongame̱n asu, mulatako masu na bane̱ bonasango mu membe̱ dube̱ lasu ná di tike be̱ kriste̱n ya mbale̱."
fr,dua,Cela vous dirait-​il d’assister à la prochaine réunion de notre assemblée pour profiter de tous ces avantages ? Vous y serez bien accueilli ! Nos réunions sont gratuites ; il n’y a jamais de quête.,"Na we̱ne̱ na miso̱ mo̱ngo̱, ya jukea o ndongame̱n asu ni maye̱. O me̱nde̱ kasabe̱ na ndolo. O si be̱n ná o sawe to̱ lambo."
fr,dua,Quel exemple suivons-​nous pour ce qui est de nos réunions ?,Ndongame̱n asu i se̱medi nde o njik’eyembilan e?
fr,dua,Qu’apportent nos réunions ?,Njika muse̱ṅ weno̱ ná o kusa yete̱ná wukedi o ndongame̱n asu e?
fr,dua,"Pour assister régulièrement à nos réunions, nous sommes prêts à nous frayer un chemin dans la jungle ou à affronter un climat rude. Les difficultés de la vie ou la fatigue d’une journée de travail ne nous empêchent pas de fréquenter d’autres Témoins de Jéhovah. Quelle est la récompense de ces efforts ?","Mbua, to̱ lo̱ndo̱ la bwaba ba si meka biso̱ ná jukeye o ndongame̱n asu. Mboṅ a Yehova i be̱n ndut’a longe̱, i mawo̱lo̱ pe̱ ka bato be̱se̱ ponda i mawano̱ o ebolo. Nde ońola nje ba mapo̱ngo̱no̱ miwe̱n jita o jukea o ndongame̱n na bane̱ bonasango abu e?"
fr,dua,"Un sentiment de bien-être. L’apôtre Paul a invité les membres des assemblées à ‘se soucier les uns des autres’ ( ). Par cette expression, il nous encourage à apprendre à nous connaître. En apprenant à connaître d’autres membres de l’assemblée, nous nous rendons compte qu’ils ont réussi à surmonter des difficultés semblables à celles que nous avons. Ils peuvent donc nous aider à venir à bout des nôtres.","Mwe bwam ońola ja lasu la bwam. Ponda a tano̱ a kwalea ońola ba ba mako̱to̱me̱ o mwemba, ńamuloloma Paulo a kwali ná “jombwane̱ mō̱ na nune̱.” ( ) Na be byala, a puli nde o kwalisane̱ biso̱ ná “di no̱nge ponda o biane̱le̱.” Na di take mwemba na bonasango asu. Di sisedi te̱ mbia te̱ ma bonasango asu be̱be̱, di me̱nde̱ so̱ ná ba mapo̱ngo̱ miwe̱n o buka jita la ndutu ye bowan ka yasu. Be ná bongwane̱ biso̱ o tongwe̱le̱."
fr,dua,"Des amitiés durables. Lors de nos réunions, nous ne retrouvons pas de simples connaissances, mais des amis. En d’autres occasions, nous passons du temps ensemble dans des divertissements convenables. Que procure ce genre de fréquentations ? Nous apprenons à nous apprécier les uns les autres, ce qui renforce nos liens d’amour. Ainsi, lorsque l’un de nous rencontre des problèmes, nous l’aidons volontiers, car de solides liens d’amitié ont été noués ( ). En fréquentant tous les membres de notre assemblée, nous montrons que nous ‘nous soucions les uns des autres’ ( ).","Mu mongwane̱ o longa mako̱m ma bo̱ibo̱i. O ndongame̱n asu di titi buka te̱ beko̱lo̱ngo̱ne̱, je pe̱ nde mako̱m ma batabata. Di madongame̱ne̱ pe̱ dongo la ponda o longe̱le̱ ńolo. Njika tombwane̱ mu mulatako mu mawaneano̱ biso̱ e? Di mokwa biane̱le̱ mō̱ na nune̱. Ndol’asu pe̱ e mabata jembame̱. Nika e mabola ná, ponda bonasango asu ba makusano̱ ndutu, je be̱be̱ o jongwane̱ babo̱, ka mako̱m ma mbale̱. ( ) Tongwea na mu mulatako masu di malee̱le̱ ná je nde belongi be mongwane̱le̱ mō̱ na nune̱.​— ."
fr,dua,Nous vous encourageons à choisir pour amis ceux qui font la volonté de Dieu. Vous trouverez de tels amis parmi les Témoins de Jéhovah. Que rien ne vous retienne de vous joindre à nous !,"Di mome̱le̱ wa ná o po̱se mako̱m mo̱ngo̱ oteten a ba ba mabole̱ jemea la Loba, ka Mboṅ a Yehova. Son, bola me̱se̱ o lata na biso̱."
fr,dua,Pourquoi nous est-​il profitable de nous retrouver lors de nos réunions ?,Ońola nje nika ńeno̱ biso̱ tombwane̱ ná di ko̱to̱me̱ o ndongame̱n e?
fr,dua,Quand aimeriez-​vous faire connaissance avec notre assemblée ?,"O me̱nde̱ so̱ to̱ndo̱ o jukea o ndongame̱n asu, na lata na biso̱ e?"
fr,dua,"Les réunions des chrétiens du I er siècle n’étaient pas des cérémonies. Au programme figuraient principalement des chants, des prières ainsi que la lecture et la discussion de versets des Écritures ( ). C’est également le cas de nos réunions.","Ndongame̱n ya ponda bokwedi ba Yesu i ta nde i be̱ne̱ buka te̱, myenge m’esese, mika, bolanga na bekwali be se̱medi o Bibe̱l. ( ) Ndongame̱n asu pe̱ mulemlem."
fr,dua,"Un enseignement concret fondé sur la Bible. Le week-end, chaque assemblée se réunit pour écouter un discours biblique de 30 minutes montrant l’utilité des Écritures pour notre vie et notre époque. Tous sont encouragés à prendre dans leur bible les versets cités. Après ce discours, l’assemblée est invitée à participer à l’ étude de « La Tour de Garde » . Cette discussion d’une heure sur un article de l’édition d’étude de la revue appelée La Tour de Garde nous aide à appliquer les principes bibliques dans notre vie . Le même article est examiné dans chacune de nos plus de 120 000 assemblées du monde entier.","Belēdi be se̱medi o Bibe̱l na be mongwane̱. O su la woki, mwemba te̱ ma Mboṅ a Yehova, mu mako̱to̱me̱ o senga Ekwal ’ a nte̱le̱le̱ e be̱n 30 ma minuti. E malee̱le̱ ne̱ni betiledi beno̱ ná bongwane̱ biso̱ o bia dangwa o nin ponda nisukan. Moto te̱ a belabe̱ o tele̱ Bibe̱l ao. Ombusa ekwali, di matombise̱ pe̱ háwa po̱ o Jokwa la “Njongo a Betatedi . ” O di jokwa moto te̱ e wonja o bola jalabe̱. Be belēdi be mongwane̱ biso̱ o bupe̱ bete̱sedi ba Bibe̱l, o malonge̱ masu. Ni Tour de Garde e mokwabe̱ pe̱ o buka na 120 000 la myemba ma Mboṅ a Yehova me o wase ńe̱se̱."
fr,dua,"Une formation pour enseigner. Nous nous retrouvons aussi un soir de la semaine pour un programme en trois parties intitulé Vie chrétienne et ministère , et basé sur les matières fournies dans le Cahier pour la réunion Vie chrétienne et ministère . Ce programme débute par les Joyaux de la Parole de Dieu, dont le but est de nous familiariser avec une portion de la Bible que l’assemblée a lue à l’avance. Ensuite, dans la partie Applique-​toi au ministère, nous assistons à des démonstrations sur la façon de parler de la Bible aux autres. Un conseiller fait quelques remarques pour nous aider à améliorer notre façon de lire et de parler ( ). Finalement, la partie Vie chrétienne montre comment appliquer des principes bibliques dans la vie de tous les jours. Elle contient une discussion par questions et réponses visant à approfondir notre compréhension de la Bible.","Jongwane̱ o ńaka o mbad’asu ńa lee̱. Di mako̱to̱me̱ pe̱ oteten a woki ońola ndongame̱n ńabedi mongo malalo ni belabe̱ ná Longe̱ lasu la kriste̱n n’ebol’a dikalo, ni se̱medi o mato̱ti ma mabolabe̱ o kalati ońola ndongame̱n ńa Longe̱ lasu la kriste̱n n’ebol’a dikalo ni mabusisabe̱ mo̱di. Laboso, Bema ba tiki b’Eyala Loba, di mongwane̱ biso̱ o ko̱lo̱ngo̱ne̱ bepasi ba Bibe̱l di se̱le̱no̱ langa o mboa. Di londe̱ maba, Walame̱ne̱ wame̱ne̱ o ebol’a dikalo, di be̱n patan i malee̱ ne̱ni kwalea Bibe̱l na bane̱. Mubole̱ malea a mabola malea ma mongwane̱ biso̱ o ńaka o mbad’asu ńa langa na ńa to̱po̱. ( ) Di sukan, Longe̱ la Kriste̱n, di mombwea nde mbad’a we̱le̱ o ebolo bete̱sedi ba Bibe̱l buńa te̱ o longe̱ lasu. Di be̱n ekwal’a myuedi na malabe̱ yena e mongwane̱ o bata ńaka o so̱ṅtane̱ la Bibe̱l."
fr,dua,La qualité de l’enseignement biblique que nous recevons lors de nos réunions ne manquera pas de vous impressionner ( ).,"Wukedi te̱ o ndongame̱n asu, o me̱nde̱ jubea ońola mbad’a belēdi o me̱nde̱no̱ kusa.​— ."
fr,dua,Comment se déroulent nos réunions ?,Ne̱ni ndongame̱n asu i matombano̱ e?
fr,dua,À laquelle de nos réunions aimeriez-​vous venir en premier ?,Njika ndongame̱n o me̱nde̱no̱ to̱ndo̱ o se̱le̱ jukea e?
fr,dua,Avez-​vous remarqué sur les photos de cette brochure que les Témoins de Jéhovah s’habillent bien pour assister à leurs réunions ? Pourquoi accordons-​nous tant d’importance à notre tenue ?,"Mo̱, we̱n o maduta ma nun muna kalati ne̱ni Mboṅ a Yehova i mabo̱to̱no̱ bwam ke̱ i mala o ndongame̱n e? Ońola nje di mano̱ngo̱no̱ ni ponda e?"
fr,dua,"Par respect pour Dieu. Il est vrai que Dieu ne s’arrête pas aux apparences ( ). Mais, lorsque nous l’adorons en groupe, nous désirons sincèrement avoir du respect pour lui et ceux avec qui nous nous réunissons. Si nous devions passer devant un juge, par respect pour sa position, nous ferions attention à notre tenue. De même, lors des réunions, notre tenue indique notre respect pour « le Juge de toute la terre », Jéhovah Dieu, et pour le lieu où nous l’adorons ( ).","O lee̱le̱ ná di mabola Loba edube. Ye mbale̱ ná, Loba a si mombwa je̱ne̱ne̱ l’eboko. ( ) Nde di mako̱to̱me̱ te̱ o jowe̱ mo̱, ńo̱ng’asu ńe nde ná di bole bonasango asu edube. Di belabe̱ te̱ o mbo’a Sango a ekombo to̱so̱ Kaisa, di si mapo̱so̱ to̱ njika bebo̱tedi ońola edube yangame̱ne̱ mo̱. Ońola nika pe̱ so̱ nde di titino̱ ná di te̱me̱ oboso ba “Mukaised’a wase ńe̱se̱” Yehova Loba, to̱ jingea to̱ ne̱ni nde o ndabo ba mowe̱no̱ mo̱.​— ."
fr,dua,"Par respect pour nos valeurs. La Bible encourage les chrétiens à s’habiller « avec modestie et bon sens » ( ). S’habiller « avec modestie » signifie ne pas attirer l’attention par des vêtements tape-à-l’œil, provocants ou suggestifs. Quant au « bon sens », il nous aide à choisir de beaux vêtements, qui ne sont ni débraillés ni excentriques. Ces principes laissent toutefois la place à une grande variété de choix personnels. Sans ouvrir la bouche, nous pouvons « rehausser en tout la beauté de l’enseignement de notre Sauveur » et « glorifier Dieu » par une tenue de bon goût ( ). Ainsi, en nous habillant bien pour nos réunions, nous donnons une bonne image de notre culte pour Jéhovah.","O lee̱le̱ ná di madangwa nde bupisane̱ bete̱sedi ba Bibe̱l. Bibe̱l e mome̱le̱ biso̱ ná di bo̱te “ka babe̱ne̱ mbo̱mbo̱ a iso̱n” na babie̱ “jaleye̱ ńolo.” ( ) Bo̱to̱ “ka babe̱ne̱ mbo̱mbo̱ a iso̱n” nika ńe nde ná, di mabanga bo̱to̱ mbo̱ti i malee̱le̱ ńol’asu ńe̱se̱ o eboko, to̱so̱ mbo̱ti ye ná i so̱njise̱ moto. O bo̱to̱ pe̱ ka nubi “jaleye̱ ńolo” nika pe̱ ńe nde po̱so̱ mbo̱ti ya bwam yena yangame̱ne̱ moto nu mabwe̱ Loba bo̱ngo̱. Nika e si mapula kwala ná jangame̱ne̱ nde bo̱to̱ mulemlem ma mbo̱ti. Je wonja o bo̱to̱ to̱ njika mbo̱ti etum te̱ e masesano̱ Loba. Tongwea na bebo̱tedi basu je ná di bola ná, “belēdi ba Loba, Musunged’asu, be kuse edube” o mambo me̱se̱, be ‘sese pe̱ Loba.’ ( ) Bebo̱tedi basu ba bwam be ná be lee̱le̱ bane̱ ne̱ni jowe̱ Yehova."
fr,dua,"Mais que vos habits ne vous retiennent pas d’assister à nos réunions ! Des vêtements n’ont pas besoin d’être chers ou chics pour être convenables, propres et présentables.","O si bwa bo̱ngo̱, nje o be̱nno̱ ka mbo̱ti, e si meka wa ná wukeye o ndongame̱n asu. Mbo̱t’asu i titi eto̱m o be̱ die̱, to̱so̱ i peti mpesa, ye te̱ bosangi i be̱ne̱ pe̱ je̱ne̱ne̱ la bwam, nika e dongame̱n."
fr,dua,Pourquoi notre tenue est-​elle importante lorsque nous adorons Dieu ?,Ońola nje yeno̱ mweńa ná di bo̱te bwam ke̱ di mowe̱ Loba e?
fr,dua,Quels principes nous guident dans le choix de notre tenue ?,Njika bete̱sedi ba Bibe̱l be mongwane̱ biso̱ o po̱so̱ mbad’a bebo̱tedi ba bwam e?
fr,dua,"Si vous étudiez la Bible avec un Témoin de Jéhovah, vous vous efforcez certainement de vous préparer avant chaque cours. Il est bien de faire de même avant d’assister à une réunion, pour en profiter au maximum. L’idéal est d’avoir un bon programme.","Ka ne̱ni o maboṅsane̱no̱ jokwa lo̱ngo̱ la Bibe̱l na Mboń a Yehova, ye bwam ná o boṅsane̱ pe̱ kalat’a jokwa oboso ná o mukea o ndongame̱n, ná o tombwane̱. O ko̱lo̱ngo̱ne̱ te̱ bola nika, ponda na ponda, o matongwe̱le̱."
fr,dua,"En choisissant un bon moment et un bon endroit. À quel moment vous concentrez-​vous mieux ? Le matin avant de commencer à travailler, ou le soir une fois les enfants couchés ? Même si vous ne pouvez pas étudier très longtemps, décidez combien de temps vous consacrerez à l’étude et, autant que possible, ne laissez rien perturber votre programme. Cherchez un endroit calme et écartez toute source de distraction en éteignant radio, télévision et téléphone. Priez avant d’étudier, cela aide à mettre de côté les soucis de la journée pour se concentrer sur la Parole de Dieu ( ).","Po̱so̱ ponda na wuma ba do̱lisane̱ wa ońola jokwa. Njika ponda weno̱ ná wokwa esibe̱ mpungu e? Idibadiba oboso ná o mabotea ebolo, nga ebiamu ke̱ bana ba máko̱ iyo̱ e? Nga ngus’a minuti nde o matombise̱no̱ o jokwa o s’ese̱le̱ ná lambo di takise̱ wa ke̱ o mokwa. Wasa wuma mumban mu titino̱. Dimse̱ radio, tele na telefon ná to̱ lambo di si takise̱ wa. Oboso ná o mabotea jokwa, se̱le̱ kane̱ ná musango ma Loba mu kombe̱ mulema mo̱ngo̱ ná o bate so̱ṅtane̱ nje o mokwano̱ o Bibe̱l.​— ."
fr,dua,"En soulignant les idées importantes et en préparant des commentaires. Commencez par vous faire une vue d’ensemble du sujet. Réfléchissez au titre de l’article ou du chapitre, cherchez le rapport entre ce titre et chaque intertitre. Regardez les illustrations. Lisez les questions de révision, qui concernent les points principaux. Ensuite, lisez chaque paragraphe et cherchez la réponse à la question. Lisez les versets donnés en référence et cherchez le lien qu’ils ont avec le sujet traité ( ). Après avoir trouvé la réponse à la question du paragraphe, soulignez ou surlignez quelques mots ou expressions qui vous aideront à vous en souvenir. Si vous le souhaitez, pendant la réunion, vous pourrez lever la main pour donner un bref commentaire dans vos propres termes.","Maka mato̱ti ma mweńa o boṅsane̱ malabe̱. Se̱le̱ bia o mususu mao mwe̱se̱ nje di jokwa di makwaleano̱. Dutea ońola tem’a jokwa te̱. Ombwa ne̱ni to̱ti la jokwa te̱ di masue̱le̱no̱ tem’a di jokwa. Ombwa pe̱ mulatako oteten a maduta na mato̱ti ma mweńa ma di jokwa. Langa pe̱ myuedi ma ndimbisedi mi mombweye̱ mato̱ti ma mweńa. Ombusa nika, langa dongo te̱, o wase pe̱ jalabe̱ la myuedi. Langa bepasi be bolabe̱ o dongo te̱, o wase ne̱ni be masue̱le̱no̱ tem’a di jokwa. ( ) O so̱i te̱ jalabe̱ la myuedi o dongo diwo̱, maka byala to̱so̱ mulo̱ṅ ma byala mwe ná mongwane̱ wa o jo̱nge̱le̱ jalabe̱. O to̱ndi te̱, ponda ndongame̱n, we ná o le̱ke̱ dia ná o bole jalabe̱ di mawe̱ wa o mulema."
fr,dua,"En analysant les différents sujets étudiés chaque semaine aux réunions, vous ajouterez de nouvelles perles à votre trésor de connaissance biblique ( ).","O no̱ngi te̱ ponda o jokwa nje ye̱se̱ e makwalabe̱ o ndongame̱n te̱, so̱ṅtane̱ lo̱ngo̱ la betiledi di me̱nde̱ bata ńaka.​— ."
fr,dua,Quel programme pourriez-​vous établir pour préparer les réunions ?,Njika ko̱lo̱ngo̱ne̱ le ná longwane̱ wa o boṅsane̱ ndongame̱n e?
fr,dua,Comment pouvez-​vous préparer un commentaire pour une réunion ?,Ne̱ni weno̱ ná o boṅsane̱ o bola jalabe̱ o ndongame̱n e?
fr,dua,"Depuis des milliers d’années, Jéhovah souhaite que les membres de chaque famille passent du temps ensemble à renforcer leurs liens avec Jéhovah et entre eux ( ). C’est pour ça que les Témoins de Jéhovah se réservent un moment dans la semaine pour l’adorer en famille : Ils discutent dans un cadre détendu de questions spirituelles spécifiques à leurs besoins. Même si vous vivez seul, vous pouvez consacrer du temps à Dieu en étudiant un sujet biblique de votre choix.","O ponda Israel Yehova ome̱le̱ ná mbia te̱ mu ko̱to̱me̱ o jokwa Bibe̱l. Nika e mongwane̱ o jouse̱ dube̱ labu la Loba, na ná mbia pe̱ mu bate jembame̱. ( ) Nika nde Mboṅ a Yehova pe̱ i mabolano̱ ná buńa bō̱ ba woki te̱, mbia te̱ mu mako̱to̱me̱ o jokwa. Ba maja nde ka mako̱m o kwalea ońola betiledi bangame̱ne̱ ońola mbia mabu. To̱ e be̱ nde ná we mulamba o mboa ango̱, wená o no̱ngo̱ ponda o jokwa tem’a Bibe̱l po̱ o po̱sino̱."
fr,dua,"Un moment pour se rapprocher de Jéhovah. « Approchez-​vous de Dieu, et il s’approchera de vous » ( ). On apprend à mieux connaître Jéhovah lorsqu’on découvre sa personnalité et ses actions dans les pages de sa Parole écrite. Un moyen simple de mettre en place un culte familial est de lire ensemble la Bible à voix haute, peut-être en suivant le programme de la réunion Vie chrétienne et ministère pour la semaine. Chaque membre de la famille peut en lire une partie. Après, tous peuvent dire ce qu’ils ont appris.","“Buńa ba jowe̱ la mbia” bwe nde ponda o sisea be̱be̱ na Loba. “Sisea be̱be̱ na Loba, nde mo̱ pe̱ a masisea be̱be̱ na bińo̱.” ( ) Di mabia nja ńe Yehova ye te̱ ná, o jokwa lasu la Bibe̱l di maso̱ bede̱mo bao. “Buńa ba jowe̱ la mbia,” je ná di langa Bibe̱l mbadi bato be̱se̱ beno̱ ná ba senga tongwea na bupe̱ mudango ma bolanga ba woki te̱ o ndongame̱n ńa Longe̱ la kriste̱n n’ebol’a dikalo. Elong’a mbia te̱ ye ná e langa ngus’a bepasi. Ombusa nika moto te̱ e ná a to̱pea ońola nje a so̱ṅtane̱no̱."
fr,dua,"Un moment pour se rapprocher de sa famille. Lorsque mari et femme, et parents et enfants, étudient la Bible ensemble, leurs liens se renforcent. Ce devrait être un moment joyeux et paisible, que tous attendent avec impatience. Des parents choisissent des sujets de discussion utiles à leurs enfants en fonction de leur âge, comme une difficulté rencontrée à l’école et la façon de la résoudre. Ils se servent par exemple de rubriques de La Tour de Garde ou de Réveillez-vous ! , ou encore de notre site Web, jw.org. Ou alors, ils regardent un programme sur JW Télédiffusion (tv.jw.org), et ensuite ils en discutent ensemble. Certains aiment s’entraîner à chanter les cantiques pour les réunions, et trouvent agréable de boire ou de manger quelque chose après le culte familial.","“Buńa ba jowe̱ la mbia” bwe nde ponda o lata belongi ba mbia. Mome na munj’ao, to̱so̱ bayedi na bana ba mako̱to̱me̱ te̱ o jokwa Bibe̱l, mulatako mabu mu mabata jembame̱. Ni ponda e mabe̱ nde ponda muńe̱nge̱ na musango ńena be̱se̱ ba menge̱le̱no̱ na ńo̱ngi. Bupisane̱ mbu ma bana babu, bayedi be ná ba po̱so̱ mato̱ti ma mokwa mena mongwane̱ elong’a mbia te̱. Be ná ba bolane̱ tema i busi o La Tour de Garde na Réveillez-vous! to̱so̱ yi ye o jw.org ńe o inte̱rne̱t. Be pe̱ ná ba kwalea ońola mikekisan bana ba makusano̱ o esukulu na ne̱ni beno̱ ná ba buka mo̱. Be pe̱ ná bombwa belēdi o JW television (tv.jw.org), ombusa ponda ba kwaleya pe̱ ońol’ao. Be pe̱ ná ba lo̱ngo̱ myenge m’esese di mabolane̱no̱ o ndongame̱n. Mbia mō̱ pe̱ mi to̱ndi boṅsane̱ son a lambo la da to̱so̱ la ńo̱, ombusa jokwa."
fr,dua,Ce bon moment passé chaque semaine à adorer Jéhovah aidera toute la famille à prendre plaisir à étudier la Bible. Dieu ne manquera pas de bénir vos efforts en ce sens ( ).,"Ni pond’a muńe̱nge̱ ńa tobotobo mbia mu matombise̱no̱ o jowe̱ Yehova, e mongwane̱ mbia mwe̱se̱ o to̱ndo̱ Eyal’a Loba. Loba pe̱ a si masuba namse̱ mi miwe̱n.​— ."
fr,dua,Pourquoi réserver du temps pour le culte familial ?,Ońola nje jangame̱ne̱no̱ te̱se̱ ponda ońola buńa ba jowe̱ la mbia e?
fr,dua,Comment les parents peuvent-​ils rendre ce moment agréable pour toute la famille ?,Ne̱ni bayedi beno̱ ná ba bola ná bo buńa bo be̱ muńe̱nge̱ ońola mbia mwe̱se̱ e?
fr,dua,Corée du Sud,Korea ńa Mikondo
fr,dua,"Pourquoi ces gens sont-​ils si joyeux ? Parce qu’ils sont à l’un de nos grands rassemblements. Comme les serviteurs de Dieu du passé, à qui il était demandé de se regrouper trois fois par an, nous attendons avec impatience nos grands rassemblements ( ). Nous en avons aussi trois par an : deux assemblées de circonscription d’un jour et une assemblée régionale de trois jours. Que nous apportent-​ils ?","Ońola nje bato be o maduta wan beno̱ muńe̱nge̱ e? Be nde o jako̱to̱ne̱ diwo̱ dinde̱ne̱ lasu. Kana baboledi ba Loba ba ponda Mose, bena Yehova a baise̱no̱ ná ba ko̱to̱me̱ mbu te̱ ngedi ilalo, biso̱ pe̱ di menge̱le̱ na muńe̱nge̱ mako̱to̱ne̱ masu mande̱ne̱. ( ) Mbu te̱ biso̱ pe̱ di be̱n mako̱to̱ne̱ mande̱ne̱ malalo. Mabā me nde mako̱to̱ne̱ ma ebondo ma matombe̱ buńa bō̱ jako̱to̱ne̱ te̱, na jako̱to̱ne̱ dinde̱ne̱ la mińa milalo. Nje ma mawaneano̱ biso̱ e?"
fr,dua,"Ils resserrent nos liens fraternels. Tout comme les Israélites se réjouissaient de glorifier Jéhovah ‘dans un grand rassemblement’, c’est avec joie que nous l’adorons ensemble lors de nos assemblées de circonscription ou régionales ( ). Celles-ci nous donnent l’occasion de rencontrer ou de retrouver des Témoins d’autres assemblées locales, ou même d’autres pays. Nous restons ensemble pour la pause du midi, ce qui ajoute à l’ambiance amicale ( ). Lors de ces évènements spirituels, nous ressentons personnellement l’amour qui unit « toute la communauté des frères » dans le monde ( ).","Ma mouse̱ mulatako masu na bonasango. Kana bana ba Israel ba tano̱ ba ko̱to̱me̱ o sesa Yehova, o “jako̱to̱ne̱,” nikame̱ne̱ pe̱ nde jeno̱ muńe̱nge̱ o jowe̱ mo̱ o mako̱to̱ne̱ masu. ( ) Ma mako̱to̱ne̱ ma mabola biso̱ epolo ná di dongame̱ne̱ na Mboṅ a Yehova ya mine̱ myemba na ya bene̱ bekombo bepe̱pe̱. Ko̱si o pause, muńe̱nge̱ di be̱nno̱ o jabane̱ son a lambo la da mu mabata o jouse̱ ndol’asu. ( ) Oteten a ma mako̱to̱ne̱ moto te̱ a me̱ne̱ na mo̱me̱ne̱ ndolo ni malate̱ bonasango ba wase ńe̱se̱.​— ."
fr,dua,"Ils nous font progresser spirituellement. Les Israélites se réjouissaient aussi d’avoir « compris les paroles » des Écritures qui leur avaient été expliquées ( ). Comme eux, nous aimons l’enseignement biblique que nous recevons à nos grands rassemblements. Chacun d’eux a un thème tiré de la Bible. Par des discours et des mises en scène, nous apprenons comment faire la volonté de Dieu dans notre vie. De plus, les témoignages de ceux qui arrivent à mener une vie chrétienne en ces temps difficiles nous encouragent. Lors des assemblées régionales, des films font revivre des récits bibliques et nous enseignent des leçons. À chaque grand rassemblement, des baptêmes sont organisés pour ceux qui veulent montrer publiquement qu’ils ont offert leur vie à Dieu.","Ma mongwane̱ biso̱ o ńaka o mambo ma mudī. Bana ba Israel ba ta pe̱ ba bwa muńe̱nge̱ o “so̱ṅtane̱ byala” ba betiledi ba tano̱ ba tele̱ye̱ babo̱. ( ) Mulemlem ka babo̱, biso̱ pe̱ di to̱ndi belēdi di makusano̱ o mako̱to̱ne̱ masu. Tem’a jako̱to̱ne̱ te̱ e suabe̱le̱ nde na Bibe̱l. Tongwea na bekwali na jita la mambo mape̱pe̱, di mokwa ne̱ni bola jemea la Loba o longe̱ lasu. Ponda bonasango asu ba mato̱po̱no̱ ońola mbadi ba bukino̱ mikekisan, nika e mouse̱ dube̱ lasu. O mako̱to̱ne̱ masu mande̱ne̱ di yo̱ki pe̱ boṅsane̱ ngus’a sinima ya myango ma Bibe̱l yena i mokwe̱le̱ biso̱ ne̱ni sengane̱ Yehova. O jako̱to̱ne̱ te̱, ba bena ba mapule̱ o lee̱le̱ o nte̱le̱le̱ ná ba bake̱ Yehova malonge̱ mabu ba madubisabe̱."
fr,dua,Pourquoi sommes-​nous heureux d’assister à nos grands rassemblements ?,Ońola nje jeno̱ muńe̱nge̱ o mako̱to̱ne̱ masu e?
fr,dua,Que vous apporterait un grand rassemblement ?,Nje weno̱ ná o tombwane̱ yete̱ná wukedi o jako̱to̱ne̱ e?
fr,dua,"Peu avant sa mort, Jésus a annoncé : « Cette bonne nouvelle du Royaume sera prêchée dans toute la terre, en témoignage pour toutes les nations, et alors viendra la fin » ( ). Mais comment cette prédication mondiale serait-​elle accomplie ? En suivant le modèle laissé par Jésus ( ).","Ngus’a mińa oboso ba kwed’ao, Yesu a bīse̱ ná: “Min myango ma bwam ma Janea mi me̱nde̱ langwabe̱ o wase ńe̱se̱ o be̱ mboṅ ońola matumba me̱se̱; denge̱ su di mapo̱.” ( ) Nde ne̱ni di dikalo o wase ńe̱se̱ di wusano̱ te̱be̱ e? Tongwea na jembilane̱ patan Yesu a bolino̱ ponda á tano̱ o wase.​— ."
fr,dua,"Le porte-à-porte. Jésus a appris à ses disciples à prêcher la bonne nouvelle de maison en maison ( ). Les premiers chrétiens avaient un territoire précis dans lequel ils devaient évangéliser ( ). De même aujourd’hui, notre prédication est bien organisée : chaque assemblée a une zone précise à parcourir. Nous pouvons ainsi remplir la mission que Jésus nous a confiée : prêcher et donner un témoignage complet ( ).","Jo̱mbe̱ na jo̱mbe̱. Yesu okwe̱le̱ bokwedi bao o te̱ dikalo la myango ma bwam o jo̱mbe̱ na jo̱mbe̱. ( ) A lee̱ pe̱ babo̱ epolo bangame̱ne̱no̱ o te̱ dikalo. ( ) Mulemlem pe̱ nde yeno̱ we̱nge̱. Ebol’asu ya dikalo e bokisabe̱ bwam, mwemba te̱ mu be̱n yao epol’a te̱ dikalo. Nika e matute̱le̱ biso̱ o bupe̱ o̱d’a Yesu ńa ‘te̱ye̱ bato be̱se̱ dikalo na bola pe̱ mboṅ.’​— ."
fr,dua,"D’autres formes de témoignage. Jésus prêchait dans les lieux publics partout où il trouvait du monde, que ce soit sur une plage ou près d’un puits ( Jean 4:5-15 ). Nous suivons son exemple en engageant des conversations sur la Bible partout où nous le pouvons : dans la rue, sur le lieu de travail des gens, dans les parcs, etc. Nous utilisons aussi le téléphone. Et quand l’occasion s’y prête, nous donnons un témoignage à nos voisins, à nos collègues, à nos camarades et aux membres de notre famille. Grâce à tous ces efforts, des millions de personnes par toute la terre ont entendu « la bonne nouvelle du salut » ( ).","Mbadi ipe̱pe̱ ya te̱ dikalo. Yesu a te̱ dikalo bepolo be̱se̱, o dibo̱, o ko̱n’a ngea, o wuma bato ba matoano̱ madiba, ná nika e die̱le̱ biso̱ eyembilan. ( Yohane 4:5-15 ) Ka Yesu biso̱ pe̱ di mate̱ dikalo o to̱ njik’epolo di mabomane̱no̱ bato. O don, o nge’a eyidi, o bepolo ba ndio, o esukulu, o wum’ebolo, tongwea na telefon. Ye̱ne̱ne̱ te̱, di mate̱ye̱ belongi basu ba mbia dikalo. Min miwe̱n masu mi mongwane̱ jita la bato o wase ńe̱se̱ o senga myango ma bwam ma jongise̱.​— ."
fr,dua,"À qui aimeriez-​vous annoncer la bonne nouvelle du royaume de Dieu et ce qu’elle signifie pour l’avenir ? Ne gardez pas ce message d’espoir pour vous, parlez-​en dès que possible !","Mo̱, o bi moto ńena o me̱nde̱no̱ to̱ndo̱ o langwea myango ma bwam ma Janea la Loba na nje ye̱se̱ nika e me̱nde̱no̱ o wanea mo̱ e? O si kombe̱ so̱ mi myango ma dipita ońola wame̱ne̱. Ye̱ne̱ne̱ te̱, langwea mo̱ bape̱pe̱!"
fr,dua,Quelle « bonne nouvelle » doit être annoncée ?,Njika “myango ma bwam” mangame̱ne̱ langwabe̱ e?
fr,dua,Quelles méthodes de Jésus suivons-​nous ?,Ne̱ni Mboṅ a Yehova i membilane̱no̱ Yesu o mbad’ao ya te̱ dikalo e?
fr,dua,"Le mot « pionnier » s’emploie en général pour désigner quelqu’un qui explore un nouveau domaine et qui ouvre la voie à d’autres. On peut dire que Jésus a été un pionnier, puisqu’il a été envoyé sur terre pour commencer à prêcher un message de vie et ouvrir aux humains la possibilité d’être sauvés ( ). De nos jours, ses disciples l’imitent en consacrant autant de temps que possible à faire d’autres disciples ( ). Certains ont pu entreprendre ce que nous appelons le service de pionnier.","Ebeledi ná “pionie” o jita la ngedi e makwalea nde ońola moto nu maboteye̱ ebol’a peńa ńai ni matele̱ye̱ bato bape̱pe̱ ngea. Yesu a ta nde pionie ońolana a ta á lomabe̱ o wase o botea dikalo la mwe̱ndi ma longe̱ na tele̱ye̱ bato ngea ońola jongise̱. ( ) O min mińa, bokwedi ba Yesu ba membilane̱ mo̱ tongwea na tombise̱ ponda eyeka o te̱ dikalo o bwam ná bape̱pe̱ ba timbe ‘bokwedi’ bao. ( ) Bō̱ oteten abu, ba no̱ngi m’bē̱ di mabele̱no̱ ná ebol’a pionie."
fr,dua,"Quelqu’un qui prêche à plein temps. Tous les Témoins de Jéhovah proclament la bonne nouvelle. Mais certains se sont organisés pour être pionniers permanents , c’est-à-dire prêcher 70 heures par mois. Pour y parvenir, ils se contentent souvent d’un travail à temps partiel. D’autres, envoyés comme pionniers spéciaux dans des endroits manquant de prédicateurs, prêchent au moins 130 heures par mois. Les pionniers se satisfont d’un mode de vie simple, confiants que Jéhovah leur donnera ce dont ils ont besoin ( ). Ceux qui ne sont pas en mesure de prêcher à plein temps ont la possibilité d’être pionniers auxiliaires , en prêchant 30 ou 50 heures au cours d’un mois.","Mute̱ dikalo ńa ponda mususu. Mboṅ a Yehova ye̱se̱ i mate̱ dikalo la myango ma bwam. Nde bō̱ ba po̱ngulane̱ pond’abu o be̱ pionie ńa pond ’ a mususu , ńai ba matombise̱no̱ 70 ma háwa mo̱di te̱ o dikalo. Ná nika e be̱, ba mabola ebol’abu a muwaso ma tambu, epas’a ponda. Bane̱ pe̱ ba lomabe̱ ka pionie ya tobotobo o bepolo bena bate̱ dikalo ba titino̱. Mo̱di te̱, ba matombise̱ o bosadi bwe̱se̱ 130 ma háwa o dikalo. Pionie i mabwane̱ nje yena ba be̱nno̱ muńe̱nge̱, na mbaki na Yehova a malondise̱ ńo̱ng’abu. ( ) Ba bena ba titi ná ba be̱ pionie ńa pond’a mususu bena ba be̱ pionie ńa son a ponda. Mu mo̱di, bena ba tombise̱ 30 to̱so̱ 50 ma háwa o dikalo."
fr,dua,"Quelqu’un qui est motivé par l’amour pour Dieu et les gens. Comme Jésus, nous constatons que beaucoup de personnes auraient vraiment besoin de connaître Dieu ( ). Or, ce que nous savons peut les aider dès maintenant et leur donner une espérance solide. Par amour pour les gens, un pionnier donne généreusement de son temps et de son énergie pour leur faire connaître la bonne nouvelle ( ). En retour, sa foi se fortifie, il se rapproche de Dieu et a beaucoup de joie ( ).","Mute̱ dikalo nu tutabe̱le̱ na ndol’a Loba na bato. Ka Yesu, di me̱ne̱ ná jita la bato we̱nge̱ ba be̱n ńo̱ngi o jokwa jombwea Loba. ( ) So̱ṅtane̱ di be̱nno̱ lená longwane̱, na bola babo̱ dipita di bam ońola kie̱le̱ ni maye̱. Pionie e mabolane̱ pond’ao na ngiń’ao o bwam ná bato ba senge myango ma bwam. ( ) Nika e mabola ná pionie e be̱ne̱ dube̱ di bam. E bate pe̱ sisea be̱be̱ na Loba e be̱ pe̱ bonam.​— ."
fr,dua,Comment définir ce qu’est un pionnier ?,Ne̱ni weno̱ ná o tele̱ye̱ nje ye pionie e?
fr,dua,Qu’est-​ce qui motive les pionniers ?,Nje e matute̱le̱ bō̱ o be̱ pionie ya ponda mususu e?
fr,dua,La formation théocratique est depuis longtemps une particularité des Témoins de Jéhovah. Ceux qui se consacrent à plein temps à la prédication peuvent bénéficier de cours spéciaux pour pouvoir ‘accomplir pleinement leur ministère’ ( ).,"Mboṅ a Yehova i be̱n jita la besukulu o jokwa Bibe̱l. Ba bena ba matombise̱ pond’a mususu o dikalo be na ba kusa jongwane̱ la tobotobo tongwea na besukulu, ná ba ‘londise̱ ebol’abu mbom.’​— ."
fr,dua,"L’École des pionniers. À la fin de sa première année de service à plein temps, le pionnier permanent suit un cours de six jours qui se tient en général dans une Salle du Royaume proche de chez lui. Ce cours a pour but d’aider le pionnier à se rapprocher encore plus de Jéhovah, à gagner en efficacité dans tous les aspects de la prédication et à poursuivre fidèlement son service.","Esukul’a Ebol’a Pionie. O su la mbu maboso m’ebol’a pionie, mute̱ dikalo ena ukea o esukul’a pionie. Y’esukulu ye nde ya mińa mutoba. O jita la ngedi e matomba nde o Ndabo a Janea. E be̱n manda ná yongwane̱ pionie ná e bate sisea be̱be̱ na Yehova, e be̱ pe̱ iwiye̱ o mbad’a dikalo ye̱se̱ na bam, na londise̱ pe̱ ebol’ao."
fr,dua,"L’École pour évangélisateurs du Royaume. Ce cours de deux mois est conçu pour former des pionniers expérimentés prêts à quitter leur région pour servir dans tout endroit où ils seraient utiles. En quelque sorte, ils disent : « Me voici ! Envoie-​moi ! », à l’exemple du plus excellent Évangélisateur que la terre ait porté, Jésus Christ ( ). Partir loin de chez soi nécessite parfois de simplifier son mode de vie. La culture, le climat et la nourriture peuvent être complètement différents de ce dont on avait l’habitude. Il faut peut-être même apprendre une nouvelle langue. Cette école aide des frères et sœurs célibataires ou mariés, ayant entre 23 et 65 ans, à cultiver les qualités spirituelles dont ils auront besoin dans leur affectation et les aptitudes qui leur permettront d’être utilisés plus pleinement par Jéhovah et son organisation.","Esukul’a Bate̱ Dikalo la Janea. Y’esukulu ye nde ońola myo̱di miba. E mongwane̱ pionie o be̱ be̱be̱ o wala o to̱ njika epolo ba lomabe̱no̱ ońola dikalo. Ka Mute̱ Dikalo ńa iwiye̱ nu belabe̱ ná Yesu Kristo, pionie pe̱ i makwala ná : “Mba nun, loma mba!” ( ) Jasumwe̱ o mboa ango̱ wala etum o te̱ dikalo, nika e mabaise̱ ná moto a bie bola mo̱me̱ne̱ ka jabea. Ngō̱, bede̱mo, na da, be ná ba be̱ diwengisan na nje moto a ko̱lo̱ngo̱ne̱no̱ o mbo’ao. Yen ebe angame̱ne̱ na mo̱me̱ne̱ o jokwa eyem’a bwambo ya peńa. Y’esukulu e mongwane̱ bonasango na bonańango be mulamba, ba bai, to̱so̱ ba babe̱, ba be̱n oteten a 23 na 65 ma mbu, o be̱ne̱ bede̱mo be mongwane̱ babo̱ o be̱ ńai Yehova na bebokedi bao ba mabolane̱no̱ babo̱ o mususu mwe̱se̱."
fr,dua,"L’École biblique de Galaad. En hébreu, « Galaad » signifie « tas [servant de] Témoin ». Depuis son ouverture en 1943, cette école a envoyé plus de 8 000 missionnaires pour qu’ils témoignent efficacement « jusqu’aux extrémités de la terre » ( ). Quand des Galaadites sont arrivés au Pérou, il n’y avait aucune assemblée dans ce pays. Aujourd’hui, il y en a plus de 1 000. Le Japon comptait moins de dix Témoins quand nos missionnaires ont commencé à y prêcher. Il en compte aujourd’hui plus de 200 000. Le cours de 5 mois comprend une étude approfondie de la Parole de Dieu. Cette école invite des pionniers spéciaux, des missionnaires, des béthélites et des responsables de circonscription et leurs femmes à recevoir une formation intensive dont le but est de contribuer à affermir et à fortifier l’œuvre mondiale.","Esukul’a Gilead e bokabe̱ na Watchtower. Na bwambo ba Bonahebe̱r, eyal’a “Gilead” e mapula nde kwala ná “Mwindi ma Mboṅ” (nika ná mboṅ jita). Botea o mbu ma 1943 y’esukulu e botedino̱, 8 000 la bonasango na bonańango, bokwabe̱le̱ oten. O su l’esukulu, ba malomabe̱ o te̱ dikalo “nate̱na o masu ma wase.” ( ) Oboso ná bawe̱ Gilead ba mapo̱ o ekombo e belabe̱ na Peru, mwemba to̱ mō̱ ma Mboṅ a Yehova mu si ta oten. We̱nge̱ myemba me oten buka na 1 000. Oboso ná bawe̱ Gilead ba mapo̱ o Yapan, Mboṅ a Yehova i si ta i buka dom, nde we̱nge̱ muso̱ngi mabu mu buki 200 000. Y’esukulu ya myo̱di mitanu e mongwane̱ babo̱ o langa na bata pe̱te̱ so̱ṅtane̱ Bibe̱l bwambwam. Nja ńe ná ńukea oten e? Pionie ya tobotobo, bamuloloma ba wu o bekombo bepe̱pe̱, babole̱ ebolo o Bete̱l, baboledi ba bebondo."
fr,dua,Quel est l’objectif de l’École des pionniers ?,Esukul’a Ebol’a Pionie ye nde ońola nje e?
fr,dua,Qui peut bénéficier de l’École pour évangélisateurs du Royaume ?,Nja ńe ná ńukea o Esukulu ya Bate̱ Dikalo la Janea e?
fr,dua,"École de Galaad, Patterson (New York).","Esukul’a Gilead, o Paterson, ńe o New York"
fr,dua,"Nos anciens ne forment pas un clergé. Ils ne sont pas payés pour ce qu’ils font dans l’assemblée. Comme au I er siècle, ce sont des hommes très proches de Jéhovah, désignés pour être des bergers pour l’assemblée ( ). Ils remplissent les conditions requises pour présider et prendre soin de l’assemblée, « non par contrainte, mais de bon cœur devant Dieu ; non par amour d’un gain malhonnête, mais avec empressement » ( ). Que font-​ils pour nous ?","Mboṅ a Yehova i si masawea batudu babu mo̱ni. Kana o ponda bamuloloma, batudu be nde bato be be̱be̱ na Yehova, bená Mudī-musangi mu te̱se̱no̱ o jombwea “mwemba ma Loba.” ( ) Batudu be nde bato ba be̱n dube̱ la Yehova di bam, babo̱ nde ba madie̱le̱ ebol’a mwemba. Ba mabola, “seto̱ ońola muse̱ṅ ma bobe nde na mulema mwe̱se̱.” ( ) Njik’ebolo batudu ba mabolano̱ ońol’asu e?"
fr,dua,"Ils prennent soin de nous et nous protègent. Les anciens guident, protègent et aident l’assemblée à rester proche de Jéhovah. Comprenant que c’est Dieu qui leur a confié ce rôle important, ils ne dominent pas sur nous ; ils contribuent plutôt à notre bien-être et à notre joie ( ). Tout comme un berger prend bien soin de chacune de ses brebis, ils s’efforcent de connaître chaque membre de l’assemblée ( ).","Ba mombwea na tata pe̱ biso̱. Batudu ba mabolane̱ Bibe̱l o die̱le̱, tata, na jongwane̱ mwemba o be̱ be̱be̱ na Yehova. Nika ba bino̱ ná Loba nde a boli babo̱ mu m’bē̱, ba si manea jemea lasu, ba mongwane̱ nde o muńe̱nge̱ masu. ( ) Kana mutate̱ mido̱ngi a mombweano̱ dibemba lao, nikame̱ne̱ pe̱ nde batudu ba mombweano̱ mō̱ na mō̱ ńasu te̱ o mwemba.​— ."
fr,dua,"Ils nous enseignent à faire la volonté de Dieu. Chaque semaine, les anciens président les réunions de l’assemblée afin de fortifier notre foi ( ). Ces hommes dévoués sont aussi des prédicateurs exemplaires, qui nous accompagnent et nous forment dans toutes les facettes de la prédication.","Ba mokwe̱le̱ biso̱ ne̱ni bola jemea la Loba. Woki te̱, batudu nde ba madie̱le̱ ndongame̱n ya mwemba o bwam ná dube̱ lasu di bate joua. ( ) Babo̱ nde ba madie̱le̱ ebol’a dikalo, bongwane̱ pe̱ biso̱ o mbad’a te̱ la dikalo ye̱se̱ ná bam."
fr,dua,"Ils nous encouragent. Pour aider chacun de nous à avoir de meilleures relations avec Jéhovah, les anciens discutent avec nous à la Salle du Royaume ou nous rendent visite chez nous. Leur but est de nous aider et de nous réconforter avec la Bible ( ).","Ba membe̱ mō̱ na mō̱ ńasu te̱. Ná mō̱ na mō̱ ńasu te̱ a be̱ne̱ mulatako ma bwam na Yehova, batudu ba mabola biso̱ malea o Ndabo a Janea, ba mape̱pe̱le̱ pe̱ biso̱ o mamboa masu.​— ."
fr,dua,"En plus de leur activité dans l’assemblée, la plupart des anciens ont un emploi et des responsabilités familiales qui leur demandent temps et attention. Ces frères « qui travaillent dur » méritent notre respect ( ).","O sumo te̱ ebol’abu ya batudu o mwemba, jita la batudu ba be̱n m’bē̱ ma jombwea mbia mabu na wasea babo̱ da la buńa, nika e mabaise̱ babo̱ ponda. Jangame̱ne̱ bola ba bonasango edube, ońola ebol’a ngińa ba mabolano̱ oteten a mwemba.​— , 13."
fr,dua,Quel est le rôle des anciens ?,Njik’ebolo batudu ba be̱nno̱ o mwemba e?
fr,dua,Quelle aide individualisée nous apportent-​ils ?,Ne̱ni batudu ba malee̱le̱no̱ ná ba to̱ndi biso̱ e?
fr,dua,"La Bible parle de deux groupes de chrétiens qui assument des responsabilités dans l’assemblée : les « responsables » et les « assistants » ( ). En principe, chaque assemblée en compte plusieurs. Que font les assistants pour nous ?","Bibe̱l e mato̱po̱ ońola mabe̱le̱ ma bato maba, be ná ba be̱n m’bē̱ ma sue̱le̱ mwemba. E mabele̱ babo̱ ná​—“bombwedi na baboledi.” ( ) We ná o be̱ne̱ babo̱ jita o myemba mō̱. Nje baboledi ba be̱nno̱ k’ebolo ońola bwam basu e?"
fr,dua,"Ils aident les anciens. Qu’ils soient jeunes ou âgés, les assistants sont proches de Jéhovah, dignes de confiance et appliqués. Dans l’assemblée, ils s’occupent d’affaires courantes, mais importantes, concernant des questions matérielles et d’organisation. Cela permet aux anciens de se concentrer sur leurs responsabilités d’enseignants et de bergers.","Ba mongwane̱ batudu. To̱ ba be̱ beso̱mbe̱ to̱ ba kokwa mimbu, baboledi be nde bato bena be be̱be̱ na Yehova, bou pe̱ o mudī. Be nde bato ba be̱ne̱ne̱no̱ lakisane̱. Oteten a mwemba ba mabola ngusungus’a bebolo bena be mombweye̱ mwemba mwe̱se̱. Nika e mabola ná batudu ba bate jombwea tobotobo ebol’a belēdi na ya bombwedi."
fr,dua,"Ils se rendent utiles. Des assistants sont chargés de l’accueil lors des réunions. D’autres s’occupent de la sonorisation, tiennent la comptabilité ou remettent des publications et des territoires de prédication aux membres de l’assemblée. Ils participent à l’entretien de la Salle du Royaume. Les anciens leur demandent parfois d’aider des chrétiens âgés. Quelles que soient leurs responsabilités, les assistants les assument volontiers, ce qui leur vaut le respect de tous ( ).","Ba mabola ngusungus’a bebolo. Bō̱ ba be̱n nde ebol’a kasa bato be̱se̱ ba mukeye̱ o ndongame̱n. Bape̱pe̱ ba mombwea belongisan ońola besengedi, jabane̱ la kalati, ba maso̱nge̱le̱ mo̱ni mu bolabe̱ o elimb’a mabea ma wonja, na lee̱ pe̱ bepolo ońola dikalo. Ba mombwea pe̱ bosangi ba Ndabo a Janea. Batudu ba yo̱ki baise̱ babo̱ ná bongwane̱ bonasango ba mádune̱. To̱ e be̱ nde njik’ebolo e bolabe̱ babo̱, ba baboledi ba mabola mo̱ na muńe̱nge̱ esibe̱ mińakisan. Nika e mabola babo̱ edube.​— ."
fr,dua,"Ils donnent un bon exemple. Les assistants sont choisis pour leurs qualités chrétiennes. Aux réunions, leurs exposés fortifient notre foi. En prédication, leur zèle stimule le nôtre. Leur coopération avec les anciens favorise la joie et l’unité ( ). Avec le temps, ils peuvent remplir les critères pour être anciens.","Ba mabola eyembilan a bwam. Baboledi ba po̱so̱be̱ nde ońola bede̱mo babu ba mudī ba bwam. Ba mabola te̱ bekwali o ndongame̱n, nika e membe̱ dube̱ lasu. Ko̱d’abu o dikalo, e matute̱le̱ biso̱ o bupe̱ eyembilan abu. Ebol’abu ya bwam mulatako na batudu, e mabola ná di be̱ muńe̱nge̱, di late pe̱ o mudī. ( ) Na ponda, be ná ba po̱so̱be̱ ka batudu."
fr,dua,Quelles qualités doivent avoir les assistants ?,Njik’ebolo baboledi ba mabolano̱ e?
fr,dua,Que font-​ils pour que l’assemblée fonctionne bien ?,Nje ba mabolano̱ ońola bwam ba mwemba e?
fr,dua,Réunion pour la prédication.,Ndongame̱n a dikalo
fr,dua,Entretien de la Salle du Royaume.,We̱le̱ bosangi o Ndabo a Janea
fr,dua,"Les Écritures grecques chrétiennes mentionnent souvent Barnabé et l’apôtre Paul, des responsables itinérants qui rendaient visite aux assemblées du I er siècle. Pourquoi le faisaient-​ils ? Ils se souciaient sincèrement du bien-être des autres chrétiens. Paul a déclaré : « Retournons à présent voir les frères [...] pour voir comment ils vont » ( ). Il était disposé à parcourir des centaines de kilomètres pour aller les fortifier. Les responsables itinérants de notre époque ont le même objectif.","Betiledi ba Grikia be mato̱po̱ ońola Barnabas na ńamuloloma Paulo ka baboledi ba ebondo be ná, ba ta bape̱pe̱le̱ myemba o pond’abu. Ońola nje ba tano̱ ba bola nika e? Ońola ńo̱ng’abu ńa jongwane̱ kriste̱n ipe̱pe̱ na ńa bia ja labu la bwam. Paulo a kwali ná: “ese̱le̱ biso̱ jale pe̱te̱ o mindi me̱se̱” ná jombwe ne̱ni bonasango ba jaino̱. A ta be̱be̱ o dangwa bebwea ba kilometa o wala jembe̱ babo̱. ( ) Baboledi ba ebondo ba we̱nge̱ pe̱ ba mabola ebol’abu na mu mulemlem ma ńo̱ngi."
fr,dua,Ils viennent nous encourager. Les responsables de circonscription s’occupent chacun d’une vingtaine d’assemblées locales ; ils passent une semaine avec chacune d’elles deux fois l’an. Leur expérience et celle de leurs femmes (s’ils sont mariés) nous sont très utiles. Ils aiment apprendre à connaître jeunes et moins jeunes et nous accompagner dans la prédication et les cours bibliques. Ils apportent une aide individualisée à des membres de l’assemblée en leur rendant visite avec des anciens. Ils donnent des discours encourageants aux réunions et aux assemblées de circonscription ou régionales ( ).,"Ba mapo̱ o jembe̱ biso̱. Muboled’a ebondo te̱ a mape̱pe̱le̱ be̱be̱ na 20 ma myemba. A matombise̱ woki po̱ na mwemba te̱ ngedi ibā ońola mbu. Je ná di tombwane̱ malea mabu na má bito babu yete̱na ba bai. Ba mawasa bia beso̱mbe̱ na badun o mwemba te̱, be pe̱ muńe̱nge̱ o die̱le̱ babo̱ o dikalo na o mokwa mabu ma Bibe̱l. Ba baboledi ba mape̱pe̱le̱ pe̱ bane̱ bonasango o jembe̱ babo̱, mwemba na batudu. Ba mabola pe̱ bekwali o ndongame̱n na mako̱to̱ne̱ ońola bwam basu.​—"
fr,dua,"Ils s’intéressent à tous. Les responsables de circonscription aident les membres des assemblées à avoir de meilleures relations avec Jéhovah. Ils se réunissent avec les anciens et les assistants pour faire le point sur les progrès réalisés et leur donner des conseils sur la façon d’assumer leurs responsabilités. Ils aident les pionniers à obtenir de bons résultats dans la prédication. Ils ont plaisir à faire la connaissance des nouveaux et se tiennent au courant de leurs progrès. Chacun d’eux donne volontiers de lui-​même, se considérant comme ‘un collaborateur pour nos intérêts’ ( ). Leur foi et leur attachement à Dieu sont pour nous de bons exemples à imiter ( ).","Ba mombwea bato be̱se̱ . Baboledi ba ebondo ba mongwane̱ myemba o be̱ne̱ mulatako ma bwam na Loba. Ba mako̱to̱me̱ na batudu nikame̱ne̱ pe̱ na baboledi o kwalea ońola bońaki ba mwemba, na bola pe̱ babo̱ ngus’a malea o bia bambe̱ mbe̱ mabu o mwemba. Ba mongwane̱ pionie o tongwe̱le̱ dikalo labu. Be pe̱ muńe̱nge̱ o bia ba peńa oteten a mwemba na ne̱ni ba moano̱ o mudī. Ba bonasango ba mabola babo̱me̱ne̱ ka jabea ońola bwam ba bonasango abu. ( ) Di bupe̱ eyembilan a dube̱ na jemea l’abu.​— ."
fr,dua,Pourquoi les responsables de circonscription vont-​ils dans les assemblées ?,Ońola nje baboledi ba ebondo ba mape̱pe̱le̱no̱ myemba e?
fr,dua,Comment pouvez-​vous profiter de leurs visites ?,Ne̱ni weno̱ ná o tombwane̱ mape̱pe̱le̱ mabu e?
fr,dua,Réunion pour la prédication.,Ndongame̱n a dikalo
fr,dua,"En cas de catastrophe, nous nous organisons immédiatement pour secourir les Témoins de Jéhovah en détresse. Ces efforts sont l’expression de notre sincère amour fraternel ( ). Comment apportons-​nous notre aide ?","Ndenge̱ e kwedi te̱ ka: mudika, soa la mińangadu, mpupe, to̱so̱ pungwea la mudongo ma wea, Mboṅ a Yehova i mako̱to̱me̱ o pomane̱ wanea bonasango abu jongwane̱. Mi miwe̱n mi malee̱le̱ ndol’a ńo̱ngo̱ńo̱ngo̱ di be̱ne̱ne̱no̱ mō̱ na nune̱. ( ) Ne̱ni di mawanano̱ di jongwane̱ e?"
fr,dua,"Nous donnons de l’argent. Au I er siècle, les chrétiens d’Antioche ont envoyé de l’argent à ceux de Judée, touchés par une grande famine ( ). Aujourd’hui, nous apprenons parfois que quelque part des Témoins sont dans le besoin. Nous faisons alors, par l’intermédiaire de notre assemblée, des dons pour les aider matériellement ( ).","Di mabola mo̱ni. Ponda njai ninde̱ne̱ e tano̱ o Yudea, Kriste̱n ya boso i lomedi bonasango abu bō̱ o mudī mo̱ni o jongwane̱ babo̱. ( ) Mulemlem pe̱ we̱nge̱, di sengi te̱ ná bonasango asu ba kusi ndutu o epas’a wase ewo̱ di malomea babo̱ jongwane̱ tongwea na mwemba mabu.​— ."
fr,dua,"Nous organisons des secours. Les anciens se trouvant sur le lieu d’une catastrophe recherchent chaque membre de leur assemblée pour savoir si tous sont sains et saufs. Un comité de secours coordonne l’aide médicale et l’approvisionnement en nourriture, en eau potable, en vêtements et en abris. De nombreux Témoins ayant des compétences particulières se déplacent volontairement à leurs propres frais pour participer aux opérations de secours ou réparer les maisons et Salles du Royaume endommagées. Étant unis et habitués à travailler ensemble, nous nous mobilisons vite quand c’est nécessaire. Nous secourons « ceux qui sont nos frères et sœurs dans la foi », mais également, si possible, d’autres personnes, quelle que soit leur religion ( ).","Di malomea babo̱ bema be malondise̱ ńo̱ng’abu. Batudu ba mwemba ba mano̱ngo̱ ndutu o bia nga elong’a mwemba ewo̱ te̱ ye o ndutu to̱ ke̱m. Bonasango bá be̱n mboṅ a jombwea nika bá maloma mbo̱ti, da, madiba ma ńo̱ ma bwam, nikame̱ne̱ pe̱ na ngus’a myanga o jongwane̱. Bonasango asu jita bá bi ebol’a mā, ba mala jongwane̱ o po̱ngulane̱ milongi na Mandabo ma Janea ma buledi. Mulatako masu nikame̱ne̱ pe̱ na ko̱lo̱ngo̱ne̱ la bola ebolo mwemba, ba mongwane̱ biso̱ o pomane̱ sue̱le̱ bonasango asu ke̱ ni pond’epo̱i. Ye mbale̱ ná di mongwane̱ bonasango asu o mudī, nde di mongwane̱ pe̱ na bá be̱se̱ ba titi o dube̱ diwo̱ na biso̱.​— ."
fr,dua,"Nous consolons avec la Bible et apportons une aide affective. Les victimes de catastrophes ont particulièrement besoin d’être consolées. Dans ces moments-​là, nous puisons de la force auprès de Jéhovah, « le Dieu de toute consolation » ( ). En parlant aux personnes en détresse des promesses bibliques, nous les assurons que le royaume de Dieu mettra bientôt fin aux drames, aux douleurs et aux souffrances ( ).","Di mawanea babo̱ jongwane̱ o mambo ma mudī, jembe̱ pe̱ milema mabu. Bato bena ndutu e kweledino̱ ba be̱n ńo̱ng’a belo̱ko̱medi. O ni ponda, di makusa ngińa ni mawe̱ na Yehova, “Loba la lo̱ko̱mea le̱se̱.” ( ) Je muńe̱nge̱ o langwea babo̱ makakan ma betiledi na bola babo̱ mbaki ná Janea la Loba, di mabo̱le̱ son a ponda ndenge̱ ye̱se̱ i mawane̱ ndutu na take.​— ."
fr,dua,Pourquoi arrivons-​nous à vite nous mobiliser en cas de catastrophe ?,Ońola nje Mboṅ a Yehova i mapomane̱no̱ jongwane̱ o ponda ndenge̱ e?
fr,dua,Comment consolons-​nous les victimes de catastrophes ?,Ne̱ni Mboṅ a Yehova i mabolane̱no̱ Bibe̱l o jongwane̱ bato be o ndenge̱ e?
fr,dua,"Peu avant sa mort, Jésus a eu une conversation avec quatre de ses disciples — Pierre, Jacques, Jean et André. Il leur a parlé du ‘signe de sa présence’, qui se produirait dans les derniers jours, et a posé une question importante : « Quel est donc l’esclave fidèle et avisé que son maître a établi sur ses domestiques, pour leur donner leur nourriture au bon moment ? » ( ). Par « nourriture », il faut comprendre ici une nourriture spirituelle, la connaissance à propos de Dieu. Jésus, le « maître », promettait à ses disciples de désigner ceux qui leur donneraient cette connaissance en abondance au temps de la fin. Qui serait cet « esclave » ?","Obiana a mawo̱, Yesu a bele̱ o mbasan bokwedi bao bane̱i ba belabe̱ ná Petro, Yakobo, Yohane na Andrea a kwalisane̱ babo̱. Ni ponda a tano̱ a kwalisane̱ babo̱ jombwea eyemban ya byukedi bao, a baise̱ babo̱ min myuedi ma mweńa ná: “Nja so̱ ńe mūt’a jemea na jangwa, ńena sango a te̱se̱no̱ omo̱ń a bona bao ba ndabo, o bola babo̱ da o ponda ńangame̱ne̱ e?” ( ) Yesu a boli babo̱ mbaki ná, mo̱ ka “Sango” abu, a me̱nde̱ te̱se̱ bato bena ba me̱nde̱ bole̱ da la mudī ponda ye̱se̱. Nja so̱ ńe nu mūtu e?"
fr,dua,C’est un petit groupe de chrétiens oints. « Oints » veut dire choisis par l’esprit de Dieu. Cet « esclave » est le Collège central des Témoins de Jéhovah. Il donne la nourriture spirituelle aux autres adorateurs de Jéhovah. Nous dépendons de lui pour recevoir notre « part de nourriture au bon moment » ( ).,E nde dibo̱to̱ disadi la bokwedi ba Yesu bo̱kisabe̱ na mudī. Nu “mūtu” pe̱ nde e Dibe̱le̱ di Madie̱le̱ la Mboṅ a Yehova o wase ńe̱se̱. Ba mabola da la mudī o ponda ni te̱nge̱n. Di mengane̱ mo̱ “dime̱ne̱” lasu “la mbasi o ponda ńangame̱ne̱.”​— .
fr,dua,"Il gère la « maison de Dieu » ( ). Jésus a confié à cet « esclave » la grande responsabilité de gérer les ressources de la partie terrestre de l’organisation de Jéhovah ainsi que ses activités : la prédication et l’enseignement dans nos assemblées. Pour nous donner ce dont nous avons besoin, au moment où nous en avons besoin, « l’esclave fidèle et avisé » diffuse la nourriture spirituelle au moyen des publications que nous utilisons pour prêcher et au moyen de l’enseignement présenté à nos réunions et à nos grands rassemblements.","Mo̱ nde a mombweye̱ ndabo a Loba. ( ) Yesu a boli nu mūtu m’bē̱ me bodilo o jombwea dongo la bebokedi ba Yehova lena le o wase. A mombwea ebol’a dikalo na belongisan be̱se̱ be mabolane̱ ońola y’ebolo, a mokwe̱le̱ pe̱ biso̱ tongwea na myemba masu. Ná di kuse nje di be̱nno̱ ńo̱ngi o ponda ni te̱nge̱n, “mūt’a jemea na jangwa” a mabola biso̱ da la mudī tongwea na kalati di mabolane̱no̱ o dikalo na nje ye̱se̱ di mabolane̱no̱ o ndongame̱n asu na mako̱to̱ne̱ masu."
fr,dua,"Cet « esclave » est « fidèle » aux vérités bibliques et à sa mission de prêcher la bonne nouvelle, et il est « avisé » pour ce qui est de bien gérer les intérêts de Christ sur la terre ( ). Jéhovah le bénit en lui accordant accroissement et abondance de nourriture spirituelle ( ).","Nu mūtu e jemea ońolana a si mawengisane̱ belēdi ba Bibe̱l, e pe̱ iwiye̱ ońola m’bē̱ mao ma te̱ dikalo la myango ma bwam. E pe̱ jangwa ońola mbad’a bwam a mombweano̱ na dibie̱, myam ma kristo me o wase. ( ) Bońaki na tut’a da la mudī di be̱nno̱ ba malee̱le̱ ná Yehova a manamse̱ ebol’a nu mūtu.​— ."
fr,dua,Qui Jésus a-​t-​il désigné pour nourrir spirituellement ses disciples ?,Nja Yesu a po̱sino̱ o bola bokwedi bao da la mudī e?
fr,dua,Pourquoi peut-​on dire que « l’esclave » est « fidèle » et « avisé » ?,Ne̱ni nu mūtu eno̱ jemea na jangwa e?
fr,dua,Nous recevons tous une bonne nourriture spirituelle.,Biso̱ be̱se̱ di ma tombwane̱ da la mudī
fr,dua,"Au I er siècle, à Jérusalem, « les apôtres et les anciens » formaient un collège (ou petit groupe) central, en ce sens qu’ils prenaient des décisions importantes pour tous les chrétiens oints de l’époque ( ). Ils arrivaient à se mettre tous d’accord pour prendre des décisions. Pour cela, ils examinaient les Écritures et se laissaient guider par l’esprit de Dieu ( ). Il en va de même pour le Collège central aujourd’hui.",O ńo̱ṅo̱n a boso dibo̱to̱ disadi la “bamuloloma na batudu” o Yerusalem nde ba ta dibe̱le̱ di madie̱le̱ o ni ponda. Babo̱ nde ba ta ba no̱ngo̱ bedomsedi ba mweńa jombwea myemba me̱se̱ ma Kriste̱n yo̱kisabe̱. ( ) Ba ta bombwea nje betiledi be makwalano̱ na jese̱le̱ ná mudī ma Loba mu die̱le̱ babo̱ o bedomsedi bá mano̱ngo̱no̱. ( ) Mulemlem m’eyembilan pe̱ nde di be̱nno̱ we̱nge̱.
fr,dua,"Un groupe de chrétiens que Dieu utilise pour faire sa volonté. Les chrétiens oints formant le Collège central se passionnent pour la Parole de Dieu. Ils sont très expérimentés dans la gestion de questions pratiques et religieuses. Le Collège central se réunit chaque semaine pour examiner les besoins des Témoins du monde entier. Comme au I er siècle, il donne des instructions basées sur la Bible, notamment par des lettres et au moyen des responsables itinérants. Cela favorise une belle unité de pensée et d’action dans le peuple de Dieu ( ). Le Collège central encourage à la prédication et s’occupe de la préparation de la nourriture spirituelle ainsi que de la nomination de frères pour qu’ils assument des responsabilités.","Loba a mabolane̱ babo̱ o bola Jemea lao. Dibe̱le̱ di Madie̱le̱ di mombwea na ńo̱ngi ninde̱ne̱ ne̱ni ebolo e madangwano̱, na no̱ngo̱ pe̱ bedomsedi jombwea mambo ma mudī. Woki te̱ ngedi po̱, ba mako̱to̱me̱ o jombwea mambo ma mapule̱ ońola bonasango o wase ńe̱se̱. Kana o ńo̱ṅo̱n a boso, bedomsedi ba mano̱ngo̱no̱ tongwea na belēdi ba Bibe̱l, ba maloma mo̱ o myemba tongwea na maleta to̱so̱ na baboledi ba ebondo. Nika e mongwane̱ ná di be̱ moto mō̱ o mo̱nge̱le̱ na o mabola. ( ) Dibe̱le̱ di Madie̱le̱ nde di mombweye̱ mboṅsan má da la mudī, jome̱le̱ ońola ebol’a dikalo, na po̱so̱ bonasango ba madie̱le̱ mwemba."
fr,dua,"Un groupe de chrétiens qui se laisse guider par l’esprit de Dieu. Le Collège central cherche la direction de Jéhovah, le Souverain de l’univers, et de Jésus, le Chef de l’assemblée ( ). Ses membres ne se considèrent pas comme les chefs du peuple de Dieu. Avec tous les autres chrétiens oints, ils « continuent à suivre l’Agneau [Jésus] où qu’il aille » ( ). Le Collège central nous est reconnaissant pour nos prières en sa faveur.","Ba mese̱le̱ ná mudī ma Loba mu die̱le̱ babo̱. Dibe̱le̱ di Madie̱le̱ le nde owas’a bediedi ba Mwanedi Ńasam, Yehova, na Yesu ńe mulopo ma mwemba. ( ) Ba si malanga babo̱me̱ne̱ ka mulopo ma tumba la Loba. Mulatako na yine̱ kriste̱n yo̱kisabe̱, “ba mabupe̱ mun’a mudo̱ngi to̱ we̱ni a malano̱.” ( ) Ba bonasango ba mabwa muńe̱nge̱ ke̱ di makane̱ ońol’abu."
fr,dua,"Au I er siècle, qui composait le collège central ?",Nja nu ta dibe̱le̱ di madie̱le̱ o ńo̱ṅo̱n a boso e?
fr,dua,Comment le Collège central moderne cherche-​t-​il la direction de Dieu ?,Ne̱ni Dibe̱le̱ di Madie̱le̱ di mawasano̱ bediedi ba Loba e?
fr,dua,Le collège central du I er siècle.,Dibe̱le̱ di madie̱le̱ la ńo̱ṅo̱n a boso
fr,dua,Lecture d’une lettre du collège central.,Bolanga ba leta la dibe̱le̱ di madie̱le̱
fr,dua,"En hébreu, Béthel signifie « maison de Dieu » ( , note). C’est un nom approprié pour désigner les locaux depuis lesquels, un peu partout dans le monde, la prédication des Témoins de Jéhovah est organisée et soutenue. Depuis le siège mondial situé aux États-Unis (État de New York), le Collège central supervise l’activité des sièges nationaux, ou filiales, établis dans de nombreux pays. Ceux qui s’activent dans ces filiales forment la « famille du Béthel ». Comme une famille, les béthélites vivent et mangent ensemble, collaborent et étudient la Bible dans l’unité ( ).","Eyal’a Bete̱l na Bonahebe̱r e be̱n nde beteledi ná “Ndabo a Loba.” ( ) E te̱nge̱ne̱ ná milongi me̱se̱ Mboṅ a Yehova i longino̱ o wase ńe̱se̱ o sue̱le̱ na die̱le̱ ebol’a dikalo, mi belabe̱ na di dina. Dibe̱le̱ di Madie̱le̱ di maja nde o mulopo m’ebolo o New York, o Bekombo be lati ba Amerika. Owo nde ba mombweano̱ ebolo e mabolabe̱ o mikanjo m’ebolo ma wase ńe̱se̱. Be̱se̱ bá mabole̱ ebolo o Bete̱l, bá mabelabe̱ ná mbia ma Bete̱l. Mulemlem ka belongi ba ndabo a mbia, ba maja, ba da, ba bola ebolo, bokwa pe̱ Bibe̱l ka bonasango ba lati wuma iwo̱.​— ."
fr,dua,"Un endroit tout particulier pour donner de soi dans une grande « famille ». Dans chaque Béthel, des Témoins, hommes et femmes, se consacrent à plein temps à faire la volonté de Dieu et à favoriser les intérêts du Royaume ( ). Aucun d’eux n’est payé, mais tous sont logés et nourris et reçoivent une aide pour leurs dépenses personnelles. Chacun a une tâche à accomplir, que ce soit dans un bureau, à la cuisine, à la salle à manger, à l’imprimerie, sur une chaîne de reliure, au ménage, à la buanderie, à la maintenance, etc.","Mpo̱m ma wuma yená belongi ba mbia be mongwane̱le̱no̱ mō̱ na nune̱. O Bete̱l ye̱se̱ bonasango na bonańango ba boli babo̱me̱ne̱ mususu o bola Jemea la Loba, na jombwea pe̱ myam ma Janea. ( ) To̱ mō̱ ńabu a si makusa musawedi. Nde babo̱ be̱se̱ ba be̱n bwam na tuṅ ońola wum’a benangedi na son a mo̱ni, yena i mongwane̱ babo̱ ońola ngus’a mambo i mapule̱ babo̱. Mō̱ na mō̱ te̱ o Bete̱l a be̱n ebolo e bolabe̱ mo̱. Bō̱ ba mabola ebolo o o̱fis, bane̱ o mwe̱be̱ ma jipe̱, bape̱pe̱ pe̱ o wum’a da. Bō̱ pe̱ ba mabola ebolo o ndabo a druk,nika ńe nde wum’a busise̱ la kalati, o joa na sia la mbo̱ti, po̱ngulane̱ la nje ye̱se̱ ye o bolongi, we̱le̱ bosangi na bene̱ bema bepe̱pe̱."
fr,dua,"Un endroit où l’on s’active à soutenir la prédication. L’objectif principal de chaque Béthel est de rendre les vérités bibliques accessibles à autant de personnes que possible. Cette brochure en est un exemple. Elle a été rédigée sous la direction du Collège central, transmise électroniquement à des centaines d’équipes de traduction des quatre coins du monde, imprimée sur des rotatives à grande vitesse dans différents Béthels et expédiée à plus de 120 000 assemblées. À chacune de ces étapes, la « famille du Béthel » apporte un soutien essentiel à la plus importante de toutes les activités : la prédication de la bonne nouvelle ( ).","Wuma yená bato ba walame̱ne̱no̱ o sue̱le̱ ebol’a dikalo la Janea. Ebol’a boso ya Bete̱l te̱ ye nde o jongwane̱ ná bato jita ba kuse so̱ṅtane̱ la belēdi ba Bibe̱l. Nun muna kalati weno̱ o langa e nde eyembilan ewo̱ ya nika. A tilabe̱ nde owas’a betatedi ba Dibe̱le̱ di Madie̱le̱. Ombusa tilabe̱ lao, bá malomea mo̱ ebwea mabe̱le̱ má betukwedi tongwea na inte̱rne̱t. Nde o Bete̱l belongisan be mapomane̱ busise̱ kalati be busise̱ te̱ mo̱, to̱ biana tongwea na medi ma munja, i malomabe̱ o buka na 120 000 la myemba. Mbia ma Bete̱l mu masue̱le̱ ebol’a musunga e buki ye̱se̱, ye nde ebol’a dikalo. Botea ponda kalati e matilabe̱no̱ nate̱na ponda e malomabe̱no̱.​— ."
fr,dua,"Qui sont les béthélites, et sont-​ils payés ?",Ba nja ba mabole̱ ebolo o Bete̱l e? Nje pe̱ e boṅsane̱be̱ ońol’abu e?
fr,dua,Quelle activité importante chaque Béthel soutient-​il ?,Njik’ebol’a musunga Bete̱l te̱ e masue̱le̱no̱ e?
fr,dua,États-Unis (service artistique),"O̱fis ńa ebol’a maduta, o Amerika"
fr,dua,"Les différents services d’un siège national, aussi appelé Béthel ou filiale, s’occupent de la prédication dans un ou plusieurs pays : traduction, impression, reliure, expédition des publications, production de supports audio-vidéo, etc.","Babole̱ ebolo o Mukanjo m’Ebolo, be nde belongi ba mbia ma Bete̱l. Ba masue̱le̱ ebol’a dikalo o ekombo ewo̱, to̱so̱ jita. E bolabe̱ bō̱ ná ba be̱ o, mabe̱le̱ ma betukwedi, busise̱ la kalati ya mo̱di, kaka mo̱ mabomba, busise̱ la belēdi tongwea na bedinge̱dinge̱ na be bena ba masengano̱, to̱so̱ bema bepe̱pe̱ be mombweye̱ bekombo ba masue̱le̱no̱."
fr,dua,"Il organise nos activités par l’intermédiaire d’un comité de filiale. Le Collège central confie la gestion de chaque siège national à un comité de filiale, composé d’au moins trois anciens très expérimentés. Ce comité informe le Collège central des progrès de l’activité dans chaque pays dont il s’occupe et de toute éventuelle difficulté. Ses rapports permettent au Collège central de déterminer les thèmes à aborder dans les prochaines publications, réunions et assemblées de circonscription ou régionales. Des représentants du Collège central visitent régulièrement les sièges nationaux pour aider les comités de filiale à assumer leurs responsabilités ( ). Lors d’une réunion spéciale, le représentant du siège mondial donne un discours d’encouragement pour les Témoins du pays.","Mu mombwea ebolo o bekombo ba be̱nno̱ ka m’bē̱. Dibe̱le̱ di Madie̱le̱ di te̱se̱ ná, Bete̱l te̱ e diabe̱le̱ na Dibe̱le̱ di mombweye̱ mukanjo m’ebolo, lena di longedi, o bosadi bwe̱se̱, na batudu balalo bou eyeka. Dibe̱le̱ di mombweye̱ mukanjo m’ebolo so̱ nde di mabīse̱ babo̱ bońaki b’ebolo o ekombo te̱ yena ba mombweano̱, na nje ye̱se̱ ba mabomane̱no̱ ka mako̱bi. Bupisane̱ Milangi mabu nde Dibe̱le̱ di Madie̱le̱ di mapo̱so̱no̱ tema di makwaleano̱ o kalati i maye̱, o ndongame̱n na mako̱to̱ne̱. Dibe̱le̱ di Madie̱le̱ di yo̱ki pe̱ loma ponda iwo̱ bonasango bou bape̱pe̱ o pe̱pe̱le̱ Bete̱l, na wanea mikanjo m’ebolo jongwane̱, o bia bambe̱ m’bē̱ mabu. ( ) O bwam ba jembe̱ Mboṅ a Yehova yena mu mukanjo mu mombweano̱, nu munasango a mabola ekwal’a nte̱le̱le̱ o jako̱to̱ne̱ la tobotobo."
fr,dua,"Il soutient les assemblées locales. Au siège national, des frères sont chargés de valider la formation d’assemblées locales, de gérer l’activité des pionniers, des missionnaires et des responsables de circonscription, d’organiser de grands rassemblements, de coordonner la construction de Salles du Royaume et de veiller à ce que les publications soient expédiées aux assemblées pour combler leurs besoins. Tout ce qui est accompli dans un siège national contribue à ce que la prédication se fasse avec ordre ( ).","Mu masue̱le̱ myemba me̱se̱ me owas ’ a m’bē̱ mao. O Bete̱l bonasango bō̱ ba be̱n m’bē̱ ma jemea te̱se̱be̱ la myemba ma peńa. Babo̱ pe̱ nde ba madie̱le̱ ebol’a pionie, ya bamuloloma ba mawe̱ o bekombo bepe̱pe̱, na baboledi ba ebondo. Ba mabokise̱ pe̱ mako̱to̱ne̱, ba die̱le̱ pe̱ longa la mandabo ma Janea ma peńa. Ba makasa pe̱ kalati i lomabe̱, nde ba no̱ngo̱ pe̱ bedomsedi ná myemba me̱se̱ mi kuse yi kalati. Nje ye̱se̱ e mabolane̱ o mukanjo m’ebolo ye nde ońola bwam ba ebol’a dikalo o ńai ńangame̱n.​— ."
fr,dua,Comment les comités de filiale aident-​ils le Collège central ?,Ne̱ni Dibe̱le̱ di mombweye̱ Mukanjo m’Ebolo di masue̱le̱no̱ Dibe̱le̱ di Madie̱le̱ e?
fr,dua,De quoi s’occupe un siège national ?,Njika mbe̱ mukanjo m’ebolo mu be̱nno̱ e?
fr,dua,Afrique du Sud,Afrika ńa Mikondo
fr,dua,"Dans un souci d’annoncer la « bonne nouvelle » à « toute nation, et tribu, et langue, et peuple », nous produisons des publications en plus de 900 langues ( ). Comment réalisons-​nous cet exploit ? Grâce à une équipe internationale de rédacteurs et à un groupe de traducteurs dévoués, tous Témoins de Jéhovah.","Di mabusise̱ kalati o buka na 900 ba leme̱, ońolana di mapula langwa “myango ma bwam” ońola “ba ba jai o wase, bekombo be̱se̱, na mbia, na leme̱, na matumba.” ( ) Ne̱ni di malondise̱no̱ yen ebolo ye̱se̱ e? Tongwea na bonasango ba matile̱, na dibe̱le̱ la batukwedi be jemea, babo̱ be̱se̱ be nde Mboṅ a Yehova."
fr,dua,"Le texte original est préparé en anglais. Au siège mondial, le Collège central chapeaute l’activité du service de la rédaction. Ce service coordonne les tâches des rédacteurs se trouvant au siège mondial et dans certaines filiales. Le fait d’avoir une équipe internationale permet d’aborder des thèmes multiculturels qui intéressent des gens de tous pays.","Betiledi baboso be boṅsane̱be̱ nde na Inglisi. Dibe̱le̱ di Madie̱le̱ nde di madie̱le̱ ebolo e mabolabe̱ o o̱fis ńa betiledi. Ni o̱fis e mombwea ebol’a mabe̱le̱ ma batiledi be o wuma bedomsedi be mano̱ngo̱be̱no̱, na o mikanjo m’ebolo mō̱. Be̱ne̱ la batiledi ba wu o bekombo jita di mabola ná kalat’asu i be̱ne̱ tema i makwaleye̱ ońola mambambe̱ jita, yena i matape̱ pe̱ milema ma balangedi jita."
fr,dua,"Le texte est envoyé aux traducteurs. Après avoir été retouché et approuvé, le texte est envoyé électroniquement à nos traducteurs du monde entier, qui, en équipe, traduisent, puis révisent et corrigent leurs traductions. Ils s’efforcent de choisir des « paroles de vérité qui soient exactes », autrement dit qui expriment dans leur langue le sens exact de l’anglais ( ).","Betiledi ba Inglisi be malomabe̱ batukwedi. Dibe̱le̱ di Madie̱le̱ l’emedi te̱ nje e tilabe̱ na Inglisi, e malomabe̱ nde na inte̱rne̱t o bwam ná mabe̱le̱ ma batukwedi o wase ńe̱se̱, matukwe mo̱. Batukwedi ba mano̱ngo̱ ndutu o so̱ byala be te̱nge̱n ba mbale̱, o busise̱ jo̱nge̱le̱ la nje e tilabe̱ na Inglisi o eyem’abu a bwambo.​— ."
fr,dua,"Les ordinateurs font gagner du temps. Un ordinateur ne peut pas remplacer un rédacteur ou un traducteur. Par contre, des dictionnaires électroniques ainsi que des logiciels de recherche et d’aide à la traduction font gagner du temps. De plus, les Témoins ont mis au point un système électronique d’édition multilingue (MEPS) qui permet de traiter des textes dans des centaines de langues, de les associer à des illustrations et de les composer pour impression.","O̱rdinate̱r i mongwane̱ ná ebolo e pomane̱. O̱rdinate̱r i titi ná i no̱ngo̱ epol’a mutiledi to̱so̱ mutukwedi. Nde, e be̱n bema jita be mongwane̱ ná ebolo e pomane̱. Mboṅ a Yehova i we̱le̱ oteten a o̱rdinate̱r elongisan a leme̱ jita e belabe̱ ná MEPS. E be̱n litera ya bebwea ba leme̱, yena i mongwane̱ o po̱ngulane̱ na busise̱ kalati."
fr,dua,"Pourquoi tous ces efforts, même pour des langues parlées par quelques milliers de personnes seulement ? Parce que la volonté de Jéhovah est « que toutes sortes de gens soient sauvés et parviennent à une connaissance exacte de la vérité » ( ).",Ońola nje mi miwe̱n me̱se̱ o leme̱ lena buka te̱ ngus’a bato nde ba mato̱pe̱ mo̱ e? Ońola ná jemea la Loba le nde “ná bato be̱se̱ bongisabe̱” ba we̱le̱ pe̱ kusa so̱ṅtane̱ la mbale̱ di te̱nge̱n.​— .
fr,dua,Comment nos publications sont-​elles rédigées ?,Ne̱ni kalat’asu i matilabe̱no̱ e?
fr,dua,Pourquoi traduisons-​nous en autant de langues ?,Ońola nje di matukwano̱ kalat’asu o leme̱ jita e?
fr,dua,États-Unis (service de la rédaction),"O̱fis ńa betiledi, o Amerika"
fr,dua,Corée du Sud,Korea ńa Mikondo
fr,dua,"Nous publions et distribuons gratuitement des centaines de millions de bibles et d’autres publications chaque année. Nous construisons et entretenons des Salles du Royaume et des Béthels. Nous prenons en charge des milliers de béthélites et de missionnaires, et apportons de l’aide humanitaire. Vous vous demandez donc peut-être : « Comment tout cela est-​il financé ? »","Mbu te̱, bebokedi basu be mabusise̱ bebwea ba lodun la Bibe̱l, na yine̱ kalati yena ba mabolano̱ bato tete. Di malonga, di po̱ngulane̱ pe̱ Mandabo ma Janea na Bete̱l. Di masue̱le̱ pe̱ lokoli la babole̱ ebolo o Bete̱l, bamuloloma ba mawe̱ o bekombo bepe̱pe̱, na ba bena ndenge̱ i kweledino̱. Nde we̱ni mu mo̱ni mo̱ mu mawano̱ e?"
fr,dua,"Nous ne demandons ni dîme ni cotisation et ne faisons pas de quête. Bien que notre activité mondiale ait un coût élevé, nous ne réclamons pas d’argent. Il y a plus d’un siècle, le deuxième numéro de La Tour de Garde affirmait que, croyant que Jéhovah est notre soutien, nous ne demanderions ni ne solliciterions jamais l’appui des hommes. Et nous avons tenu parole ! ( ).","Di si mabaise̱ dongo diwo̱ la dom, to̱ ńakisane̱ moto, to̱ njangi. To̱ nika sue̱le̱ l’ebol’asu ya dikalo di mabaise̱no̱ mo̱ni jita, di si mańakisane̱ bato o bola biso̱ mo̱ni. Ye we̱nge̱ buka ebwea mbu kalat’asu ńa mo̱di ni belabe̱ na Njongo a Betatedi , e tele̱ye̱ ná, je mbaki ná Yehova mo̱me̱ne̱ nde a masue̱le̱ ebol’asu, di si maso̱so̱me̱ye̱ ońola jongwane̱ la mo̱ni. Di si me̱nde̱ pe̱ to̱ so̱so̱me̱ye̱ to̱ buńa.​— ."
fr,dua,"Nos activités sont soutenues par des offrandes volontaires. Beaucoup apprécient notre œuvre d’enseignement biblique et font des offrandes en sa faveur. Les Témoins eux-​mêmes sont heureux de donner temps, forces, argent et autres ressources pour que la volonté de Dieu soit faite par toute la terre ( ). À la Salle du Royaume ainsi que là où nous nous réunissons pour nos grands rassemblements, ceux qui le désirent peuvent déposer quelque chose dans des boîtes à offrandes. La plus grande partie de l’argent reçu vient de donateurs aux moyens modestes, un peu comme la veuve pauvre dont Jésus a parlé en bien parce qu’elle avait offert deux petites pièces pour le trésor du Temple ( ). Ainsi, chacun peut régulièrement ‘mettre quelque chose de côté’ pour donner « comme il l’a décidé dans son cœur » ( ).","Bebolo basu be suabe̱le̱ nde na mabea ma wonja. Jita ba mabwane̱ ebol’asu ya belēdi o wase ńe̱se̱ muńe̱nge̱, ba masue̱le̱ pe̱ mo̱ esibe̱ mińakisan. Biso̱ mo̱me̱ne̱ pe̱ je muńe̱nge̱ o bola pond’asu, ngiń’asu, mo̱ni masu, na mambo mape̱pe̱ o bwam ná Jemea la Loba di bolane̱ o wase ńe̱se̱ na bam. ( ) O Ndabo a Janea nikame̱ne̱ pe̱ na bepolo ba mako̱to̱ne̱, nu to̱ndi te̱ e ná a we̱le̱ nje a mapulano̱ o belimbi ba mabea ma wonja. Mabea ma wonja me ná pe̱ ma bolabe̱ tongweana mulomba masu, jw.org. Dongo dinde̱ne̱ la ma mabea ma wonja di mawa nde o mā má ba ba si be̱n bekusedi jita ka mu mukusa ma muto Yesu a kwalino̱, nu we̱le̱ bepasi ba kapa beba ka lao jabea la wonja. ( ) Mō̱ na mō̱ ńasu te̱ e so̱ ná, a “ne̱nge̱ o mbo’ao nje a we̱lino̱” ná “a bole nde kaponda jo̱nge̱le̱ la mulema mao.”​— ."
fr,dua,"Nous sommes convaincus que Jéhovah continuera d’inciter ceux qui le souhaitent à l’honorer ‘avec ce qu’ils ont de meilleur’, à soutenir l’œuvre du Royaume, pour que sa volonté soit faite ( ).","Je mbaki ná Yehova a mabenga tute̱le̱ milema ma ba bato̱ndi bole̱ mo̱ edube na mambo mabu ma tiki, o sue̱le̱ ebol’a Janea, o bwam ná Jemea lao pe̱ di bolane̱.​— ."
fr,dua,Qu’est-​ce qui nous rend différents des autres religions ?,Njika diwengisan le oteten a bebokedi basu na bene̱ bebasi e?
fr,dua,À quoi servent les offrandes volontaires ?,Ne̱ni di mabolane̱no̱ mabea ma wonja e?
fr,dua,"Comme leur nom l’indique, les Salles du Royaume sont des lieux où l’on donne un enseignement biblique centré sur le royaume de Dieu : le thème de la prédication de Jésus ( ).","Ka ne̱ni dina lao di malangwano̱, Ndabo a Janea ńe nde epolo yena di makusano̱ belēdi be se̱medi o Bibe̱l jombwea Janea la Loba. Nika pe̱ nde tem’a dikalo la Yesu e tano̱.​— ."
fr,dua,"Ce sont des centres du vrai culte. La prédication de la bonne nouvelle est organisée localement à partir de ces centres de proximité ( ). Les Salles du Royaume n’ont pas toutes la même taille ni le même style, mais toutes sont simples. Elles accueillent souvent plus d’une assemblée. Ces dernières années, afin de répondre à l’accroissement des assemblées, nous en avons construit des dizaines de milliers (en moyenne cinq par jour). Comment est-​ce possible ? ( ).","Me nde wum’a jowe̱ la mbale̱. Oten nde di makusano̱ belēdi ońola dikalo la myango ma bwam. ( ) To̱na ne̱ni Mandabo masu ma Janea ma si be̱nno̱ mulemlem ma dime̱ne̱, to̱ po̱ e si longabe̱ ńai ni malee̱le̱ ńolo. Mwemba mō̱ to̱ jita me ná mi bolane̱ Ndabo a Janea po̱. O mimbu mi tombi di longi dom la lokoli la Mandabo ma Janea ońola muto̱nde̱ ma myemba (lambo ka itanu buńa te̱). Ne̱ni nika ńeno̱ ná e bolane̱ e?​— ."
fr,dua,Elles sont construites grâce à des offrandes faites à un fonds commun. Ces offrandes sont envoyées au siège national pour être fournies à des assemblées ayant besoin de construire ou de rénover une Salle du Royaume.,Ma longabe̱ nde tongwea na mabea ma wonja. Ma mabea ma wonja ma malomabe̱ o mukanjo m’ebolo ná myemba mi be̱n ńo̱ng’a epol’a jowe̱ mi kuse mo̱ni o longa na po̱ngulane̱ Ndabo a Janea.
fr,dua,"Elles sont construites par des bénévoles de tous horizons. Dans de nombreux pays, des équipes de construction de Salles du Royaume (composées de ce qu’on appelle des volontaires et serviteurs à la construction de Salles du Royaume) se déplacent d’une assemblée à l’autre, même dans des endroits isolés, pour aider leurs coreligionnaires à construire leurs lieux de culte. Ailleurs, des Témoins qualifiés sont chargés d’organiser la construction et la rénovation des Salles du Royaume d’une région donnée. Bien que de nombreux Témoins professionnels venant de la région offrent leurs services sur chaque chantier, ce sont les Témoins locaux qui effectuent le gros des travaux. Tout cela est possible grâce à l’esprit de Jéhovah et aux efforts soutenus de son peuple ( ).","Ma longabe̱ na bato bena ba le̱le̱me̱ o bola esibe̱ musawedi. O jita la bekombo, Mabe̱le̱ ońola Longa la Ndabo a Janea , mate̱se̱be̱. Ba balongedi ba mala o mwemba te̱ ombusa mune̱, oteten ekombo ewo̱, to̱ e be̱ nde o bepolo be po̱ti, o jongwane̱ bonasango o longa Ndabo abu ńa Janea. O bekombo bepe̱pe̱, Mboṅ ipe̱pe̱ i be̱n so̱ṅtane̱ l’ebol’a mā i te̱se̱be̱ o die̱le̱ ebol’a longa na po̱ngulane̱ la Mandabo ma Janea. To̱ná jongwane̱ di mawano̱ na Mboṅ a Yehova yena i bi ebol’a mā eyeka i wu o bekombo bepe̱pe̱, Mboṅ a Yehova ya mu mwemba nde i mabole̱ dongo dinde̱ne̱ l’ebolo. Nika ńe̱se̱ e mabolabe̱ nde tongwea na mudī ma Yehova na miwe̱n ma tumba lao.​— ."
fr,dua,Pourquoi nos lieux de culte s’appellent-​ils Salles du Royaume ?,Ońola nje bepolo basu ba jowe̱ be mabelabe̱no̱ ná Ndabo a Janea e?
fr,dua,Comment bâtissons-​nous des Salles du Royaume dans le monde entier ?,Ne̱ni di malongano̱ Mandabo ma Janea o wase ńe̱se̱ e?
fr,dua,Nigéria (avant et après),"Nijeria, oboso na ombusa longabe̱"
fr,dua,"Le saint nom de Dieu est inscrit sur toutes les Salles du Royaume des Témoins de Jéhovah. Les garder propres, présentables et en bon état est donc pour nous un honneur et une partie importante de notre culte. Chacun peut y participer.","Dina la bosangi la Loba di tilabe̱ o Ndabo a Janea ye̱se̱. Kombe̱ la ma mandabo o bosangi na o bete̱medi ba bwam, le nde biso̱ edube ende̱ne̱ na dongo diwo̱ la jowe̱ le mweńa. Moto te̱ e ná a we̱le̱ dia."
fr,dua,"En étant volontaires pour faire le ménage après une réunion. Après chaque réunion, des Témoins font volontiers un nettoyage léger de leur Salle du Royaume. Une fois par semaine, un nettoyage plus complet est fait. Un ancien ou un assistant coordonne l’entretien, généralement en se servant d’une liste de tâches à effectuer. Suivant les besoins, certains se portent volontaires pour balayer, aspirer, passer la serpillière, faire les poussières, réaligner les chaises, nettoyer les toilettes, les vitres et les miroirs, vider les poubelles ou entretenir les extérieurs. Au moins une fois par an, un jour est réservé à un nettoyage général. En faisant participer nos enfants, nous leur apprenons à respecter nos lieux de culte ( ).","Di be̱ be̱be̱ o we̱le̱ bosangi ombusa ndongame̱n. Ombusa ndongame̱n Mboṅ a Yehova te̱ ńe muńe̱nge̱ o sue̱le̱ ebol’a bosangi. Ngedi po̱ ońola woki, di mawe̱le̱ bosangi o bepolo be̱se̱. Mutudu mō̱ to̱ muboledi, a madie̱le̱ ebol’a bosangi tongwea na dipapa di malangwe̱ bebolo bangame̱ne̱ o bolabe̱. Bupisane̱ ebolo, bō̱ be be̱be̱ o papa, joa, sumwa dibudu o bejedi, we̱le̱ bosangi o ndabo a mbusa, koma dibunje to̱so̱ pawa ngusungus’a bewudu o mbusa ko̱to̱. Ngedi po̱ oteten a mbu, di te̱se̱ buńa bō̱ ońola bosangi ba matongo na bepolo be̱se̱ o Ndabo a Janea. Di mongwane̱ bana basu o bola bepolo basu ba jowe̱ edube yete̱na di boli ná babo̱ pe̱ ba sue̱le̱ bosangi ba Ndabo a Janea.​— ."
fr,dua,"En faisant des réparations. Tous les ans, l’intérieur et l’extérieur de chaque Salle du Royaume sont contrôlés. Sur cette base, des travaux de maintenance sont régulièrement faits pour la garder en bon état, ce qui évite des dépenses inutiles ( ). Une Salle du Royaume propre et en bon état est un lieu digne pour adorer Dieu. En participant à ces travaux, nous montrons à quel point nous aimons Jéhovah et notre lieu de culte ( ). Cela donne aussi un bon témoignage dans le voisinage ( ).","Di be̱ be̱be̱ o we̱le̱ dia o po̱ngulane̱ to̱ nje e ńam. Mbu te̱, di monbwea teten, n’eboko a Ndabo a Janea ná pe̱ńe̱pe̱ńe̱. Tongwea na nika nde ebol’a bosangi e mabolabe̱no̱ ponda te̱ ná, Ndabo a Janea e be̱ bosangi ńai ńena di si mábusise̱no̱ pe̱ mo̱ni tete. ( ) Ndabo a Janea ńe bosangi ńe nde epolo e mabole̱ jowe̱ la Loba edube. Tongwea na no̱ngo̱ dongo o y’ebol’a bosangi di malee̱le̱ nate̱na njika dime̱ne̱ di to̱ndino̱ Yehova na wum’asu ya jowe̱. ( ) Nika pe̱ e mabola ná bato bape̱pe̱ ba to̱pe bwam ońola Ndabo asu ńa Janea.​— ."
fr,dua,Pourquoi ne devons-​nous pas négliger notre lieu de culte ?,Ońola nje jangame̱ne̱no̱ o jombwea Ndabo asu ńa Janea e?
fr,dua,Comment nos Salles du Royaume sont-​elles entretenues ?,Nje di mabolano̱ ná Ndabo asu ńa Janea e be̱ bosangi e?
fr,dua,"Aimeriez-​vous faire des recherches pour mieux connaître la Bible ? Aimeriez-​vous en savoir plus sur un verset, ou sur un personnage, un endroit ou une chose mentionnés dans la Bible ? Vous êtes-​vous déjà demandé si la Parole de Dieu peut vous aider concernant un de vos soucis ? Si oui, utilisez la bibliothèque de la Salle du Royaume.","Ko̱bat’a kalati i kombabe̱ o Ndabo a Janea, yena yongwane̱ wa ke̱ o mapula po̱ngo̱ muwaso o bata so̱ṅtane̱ Bibe̱l. We pe̱ ná o bolane̱ mo̱ ná o kuse beteledi ońola betiledi bō̱, moto, to̱so̱ epolo Bibe̱l e makwaleano̱. Ye pe̱ ná i be̱ wa mweńa ke̱ o mabaise̱ na wame̱ne̱ nga Eyal’a Loba ye ná yongwane̱ wa jombwea mutaka mo̱ngo̱ mō̱."
fr,dua,"Elle contient de bons outils de recherche. Vous n’avez probablement pas toutes les publications bibliques des Témoins de Jéhovah dans votre langue. Mais la bibliothèque de la Salle du Royaume contient la plupart des publications récentes, et peut-être différentes versions de la Bible, un bon dictionnaire et d’autres livres de référence. Avant et après les réunions, n’hésitez pas à vous en servir. Si un ordinateur est disponible, vous pourrez utiliser le logiciel Watchtower Library . C’est une bibliothèque électronique qui contient beaucoup de nos publications et qui est équipée d’un moteur de recherche facile d’utilisation pour se renseigner sur un sujet, un mot ou un verset.","I be̱n belongisan ba muwaso. Ponda po̱ o si be̱n kalati ye̱se̱ i se̱medi o Bibe̱l yena Mboṅ a Yehova i busise̱no̱, o eyem’ango̱ ya bwambo. Ko̱bat’a kalati yená i kombabe̱, i be̱n kalat’a peńa ye̱se̱ yena di sukane̱no̱ busise̱. O be̱n pe̱ oten, jita la betukwedi ba Bibe̱l, byalati ba bwam, na kalati i mongwane̱ ońola muwaso. We wonja o bolane̱ mo̱ oboso to̱so̱ ombusa ndongame̱n. O̱rdinate̱r ńe te̱ oten, we ná o bolane̱ elongisan ao ewo̱ ońola muwaso, e belabe̱ ná Watchtower Library . Y’elongisan ye ná yongwane̱ wa ná o pomane̱ kusa tem’ekwali, eyala to̱so̱ epas’a Bibe̱l ewo̱."
fr,dua,"Elle est utile aux élèves de la réunion Vie chrétienne et ministère. La bibliothèque de la Salle du Royaume vous aidera peut-être à préparer un exposé. C’est le responsable de la réunion Vie et ministère qui gère la bibliothèque. Il veille à ce qu’elle soit bien rangée et à ce que les dernières publications y soient. Lui ou le Témoin qui vous enseigne la Bible peut vous montrer comment trouver ce dont vous avez besoin. Mais aucun livre de la bibliothèque ne doit être emporté hors de la Salle du Royaume. Bien sûr, nous faisons attention à ne pas abîmer ces livres et n’écrivons pas dedans.","I mongwane̱ bautu o ndongam e̱ n ńa Longe̱ la kriste̱n n’ebol’a dikalo. Wena o bolan e̱ mo̱ o boṅsane̱ bekwali bo̱ngo̱. Mombwed’a ndongame̱n ńa Longe̱ la kriste̱n n’ebol’a dikalo nde a be̱n mboṅ a ni ko̱bat’a kalati. Mo̱ nde a mombweye̱ nga kalat’a peńa i busisabe̱ ye oten. Nu mulēdi to̱so̱ mutombise̱ wa jokwa e ná ongwane̱ wa o so̱ nje weno̱ o wasa. Di sangame̱ne̱ o tila oteten a yi kalati, jangame̱ne̱ sabangane̱ mo̱ bwam. Di bo̱le̱ te̱ o bolane̱ mo̱, di matimbise̱le̱ nde mo̱ o ni ko̱bati."
fr,dua,"La Bible explique que, pour ‘trouver la connaissance de Dieu’, il faut la chercher « comme des trésors cachés » ( ). La bibliothèque de la Salle du Royaume peut vous y aider.","Ná o so̱ so̱ṅtane̱ la Loba, Bibe̱l e mome̱le̱ wa ná o wase “mo̱ ka bema ba tiki.” ( ) Ni ko̱bat’a kalati ńe o Ndabo a Janea, ńe ná ńongwane̱ wa."
fr,dua,Que trouve-​t-​on à la bibliothèque de la Salle du Royaume ?,Njika belongisan ba muwaso di be̱nno̱ o ko̱bati ńe o Ndabo a Janea e?
fr,dua,Qui peut vous aider à bien utiliser cette bibliothèque ?,Nja ńe ná ńongwane̱ wa o bolane̱ ni ko̱bat’a kalati e?
fr,dua,"Jésus Christ a dit à ses disciples : « Que votre lumière brille devant les hommes, pour qu’ils voient vos belles actions et rendent gloire à votre Père qui est au ciel » ( ). À cette fin, nous utilisons des technologies modernes, y compris Internet. Le site officiel pour s’informer sur les croyances et les activités des Témoins de Jéhovah est jw.org . Qu’y trouve-​t-​on ?","Yesu a kwalane̱ bokwedi bao ná: “ese̱le̱ mwe̱ne̱n mańu mu pańe nikame̱ne̱ oboso ba bato, ná be̱ne̱ bebolo bańu ba bwam, nde ba sese pe̱ sango ańu ńe o mo̱ń.” ( ) Ońola nika nde di mabolane̱no̱ belongisan ba we̱nge̱ ka inte̱rne̱t. jw.org ńe nde mulomba masu mwembabe̱. Mu mabola beteledi ońola bebolo basu na nje di dube̱no̱. Nje weno̱ ná o so̱ oten e?"
fr,dua,"La réponse de la Bible à des questions que beaucoup se posent. Vous pouvez y trouver la réponse à certaines des questions les plus importantes de l’existence. Par exemple, les tracts Les souffrances cesseront-​elles un jour ? et Les morts revivront-​ils un jour ? sont disponibles en ligne en plus de 800 langues. Sur ce site, vous trouverez aussi la Traduction du monde nouveau dans plus de 160 langues, des manuels d’étude biblique comme Que nous enseigne la Bible ? , ainsi que les derniers numéros de La Tour de Garde et de Réveillez-vous ! Il est possible de lire ou d’écouter en ligne bon nombre de ces publications ou de les télécharger sous les formats courants suivants : MP3, PDF ou EPUB. Vous pouvez même imprimer quelques pages dans une autre langue pour quelqu’un qui s’intéresse à la Bible. Des vidéos existent dans quantité de langues des signes. Et faites-​vous plaisir en téléchargeant des lectures bibliques théâtrales, des films et de belles musiques.","Malabe̱ ma Bibe̱l o myuedi bato ba ko̱lo̱ngo̱ne̱no̱ baise̱. Wená o kusa malabe̱ ma mom ma myuedi ma longe̱. K’eyembilan trakt i be̱n tema ná Ndenge̱ e me̱nde̱ bo̱ buńa bō̱ e? na Bawedi be pe̱te̱ ná ba timba be̱ longe̱ na mbale̱ e? , i mabola malabe̱ ma myuedi mutoba o buka na 800 ba leme̱. O mu mulomba we pe̱ ná o so̱ Bibe̱l ni belabe̱ ná Traduction du Monde Nouveau o buka na 160 leme̱, na kalati ońola jokwa la Bibe̱l ka Nje Bibe̱l e mokwe̱le̱no̱ biso̱ e? , nikame̱ne̱ pe̱ na kalat’asu ya mo̱di te̱ i belabe̱ ná Njongo a Betatedi na Umwe̱! We pe̱ ná o senga bolanga ba kalat’asu, to̱so̱ o songwa mo̱ o yin mbadi i bian ka MP3, PDF to̱so̱ EPUB. We pe̱ ná o busise̱ ma mapapa o to̱ njik’eyem’a bwambo moto a masengano̱. Sinima ya bwambo ba mbuke pe̱ ye oten. We ná o songwa sinima i se̱medi o Bibe̱l na myenge m’esese ma bwam."
fr,dua,"Des renseignements sur les Témoins de Jéhovah. Notre site propose également des informations récentes et des vidéos sur notre activité mondiale, sur des évènements concernant les Témoins de Jéhovah et sur nos opérations humanitaires. Vous y trouverez les coordonnées de nos sièges nationaux et des renseignements sur nos grands rassemblements.",Myango jombwea Mboṅ a Yehova. jw.org e be̱n pe̱ myango ma peńa na bedinge̱dinge̱ jombwea ebol’asu o mundi ma wase mwe̱se̱. O maso̱ pe̱ oten jongwane̱ di mawaneano̱ bato ndenge̱ e kweledino̱. We pe̱ ná we̱ne̱ oten kalenda ońola mako̱to̱ne̱ na bepolo bena mikanjo m’ebolo mi maso̱be̱no̱.
fr,dua,"De cette façon, nous faisons briller la lumière de la vérité jusque dans les régions les plus reculées de la terre. En effet, des habitants de tous les continents, même de l’Antarctique, visitent notre site. Nous prions pour que « la parole de Jéhovah continue à se répandre » sur toute la terre, à la gloire de Dieu ( ).","Na nika nde di mese̱le̱no̱ ná mwe̱ne̱n ma mbale̱ mu pańe nate̱na o matongo ma wase ńe̱se̱ na bam. To̱ njik’epolo moto a maso̱be̱no̱, to̱ e be̱ nde etum ne̱ni, e ná a tombwane̱ mi myango ma bwam. Mika masu me nde ná “eyal’a” Yehova e lańe o wase ńe̱se̱ na bam ońola edub’a Loba.​— ."
fr,dua,Quel rôle joue jw.org pour faire découvrir la vérité biblique ?,Ne̱ni jw.org e mongwane̱no̱ o so̱ mbale̱ ńe o Bibe̱l e?
fr,dua,Qu’aimeriez-​vous consulter sur notre site ?,Nje o me̱nde̱no̱ to̱ndo̱ wasa o jw.org ńasu e?
fr,dua,Page de titre/​Page des éditeurs,Dipapa la tema/​Dipapa la babusisedi
fr,dua,Ce document ne peut être vendu. Sa diffusion s’inscrit dans le cadre d’une œuvre mondiale d’enseignement biblique rendue possible par des offrandes volontaires.,Nin kalati nisadi e si mwandisabe̱. Ńe nde dongo diwo̱ l’ebol’a belēdi ba Bibe̱l o wase ńe̱se̱ yena e masuabe̱le̱ nde na mabea ma wonja.
fr,dua,"Si vous souhaitez faire un don, rendez-vous sur donate.jw.org.","O bola mabea ma wonja, son pe̱pe̱le www.jw.org."
fr,dua,"Sauf indication contraire, les citations de la Bible sont tirées de la version en français moderne La Bible. Traduction du monde nouveau .",Bibe̱l to̱ po̱ e si tubabe̱ te̱ dina ke̱ ye nde bupisane̱ Betiledi ba Bosangi .
fr,dua,Who Are Doing Jehovah’s Will Today?,Ba nja ba mabole̱ jemea la Yehova we̱nge̱ e?
fr,dua,French ( jl -F),Douala ( jl -DA)
fr,dua,"© 2012, 2014 WATCH TOWER BIBLE AND TRACT SOCIETY OF PENNSYLVANIA",© 2015 WATCH TOWER BIBLE AND TRACT SOCIETY OF PENNSYLVANIA
fr,dua,"Merci d’avoir pris le temps d’examiner cette brochure pour vous familiariser avec nous, nos activités et notre organisation. Nous espérons qu’elle vous aura permis de vous rendre compte que nous sommes ceux qui font la volonté de Jéhovah. Nous vous encourageons à continuer d’apprendre à connaître Dieu, à parler à votre famille et à vos amis de ce que vous apprenez et à assister régulièrement à nos réunions ( ).","Di som ońola ná o no̱ngi ponda o jokwa nun muna kalati, ná o ko̱lo̱ngo̱ne̱ biso̱, bebolo basu, na bebokedi basu. Di mo̱nge̱le̱ ná nika ńongwane̱ wa ná o so̱ṅtane̱ ná je nde ba bena ba mabole̱ Jemea la Yehova we̱nge̱. Di mome̱le̱ wa ná o bate jokwa bia Loba, o langweye pe̱ mbia mo̱ngo̱ na mako̱m mo̱ngo̱ nje o mokwano̱. Di mome̱le̱ pe̱ ná wukeye o ndongame̱n ye̱se̱.​— ."
fr,dua,"Plus vous en saurez sur Jéhovah, plus vous constaterez à quel point il vous aime. Cela vous motivera alors à faire tout votre possible pour l’aimer en retour ( ). Mais comment montrer au quotidien que c’est votre désir ? Pourquoi est-​il dans votre intérêt de suivre ses normes morales ? Qu’est-​ce qui vous donnera envie de faire la volonté de Dieu à nos côtés ? La personne qui vous enseigne la Bible sera heureuse de vous aider à répondre à ces questions, afin que votre famille et vous puissiez « rester dans l’amour de Dieu » tout en espérant « la vie éternelle » ( ).","O me̱nde̱ je̱ne̱ ná, nika o mabatano̱ jokwa jombwea Yehova, nika pe̱ nde o me̱ne̱no̱ nate̱na njika dime̱ne̱ a to̱ndino̱ wa. Nika e matute̱le̱ wa ná, o bole me̱se̱ o lee̱le̱ ná o to̱ndi mo̱. ( ) Tatan so̱, ne̱ni weno̱ ná o lee̱le̱ o longe̱ lo̱ngo̱ ná o to̱ndi mo̱ e? Ońola nje weno̱ ná o tombwane̱ yete̱ná o bupe̱ bete̱sedi bao e? Nje e me̱nde̱ bole̱ wa ńo̱ngi ná o bole Jemea la Loba mwemba na biso̱ e? Mutombise̱ wa jokwa a me̱nde̱ be̱ muńe̱nge̱ o jongwane̱ wa o so̱ malabe̱ ná wa na mbia mo̱ngo̱ lo je “o ndol’a Loba, . . .ońola longe̱ la bwindea.”​— ."
fr,dua,Nous vous invitons chaleureusement à continuer vos progrès dans le chemin de la vérité en étudiant le livre Restez dans l’amour de Dieu .,Benga ńaka o nge’a mbale̱ tongwea na jokwa nin kalati ni bupe̱ “ Bińo̱ ja o ndol’a Loba ”.
